// Generated by tools/face_assets/build_face_assets.py - do not edit by hand.
//
// A full-screen 16-colour base portrait plus small overlay sprites for the blink and
// mouth frames.  I4 keeps the whole set under 50KB of flash; see lv_i4_decoder.c for
// why a custom LVGL decoder is needed to draw it without a framebuffer.

#include "face_assets.h"

// enco_face_base: 240x320 I4, 38464 bytes (64 palette + 38400 bitmap)
static const LV_ATTRIBUTE_LARGE_CONST uint8_t enco_face_base_map[] __attribute__((aligned(4))) = {
    0x21,0x11,0x0c,0xff,0xe9,0xe7,0xe4,0xff,0xba,0x96,0x73,0xff,0xb6,0xaa,0x9f,0xff,
    0x5f,0x50,0x47,0xff,0x86,0x79,0x6e,0xff,0xd8,0xd2,0xcb,0xff,0x3d,0x29,0x21,0xff,
    0x45,0x39,0x36,0xff,0xc0,0xd1,0xeb,0xff,0x89,0x97,0xc3,0xff,0xaf,0xb4,0xc4,0xff,
    0xce,0xa8,0x80,0xff,0xd1,0xbd,0xa9,0xff,0x84,0x88,0xa3,0xff,0xa0,0x94,0x89,0xff,
    0x00,0x00,0x00,0x00,0x00,0x00,0x00,0x00,0x00,0x00,0x00,0x00,0x00,0x00,0x00,0x00,
    0x00,0x00,0x00,0x00,0x00,0x00,0x00,0x00,0x00,0x00,0x00,0x00,0x00,0x00,0x00,0x00,
    0x00,0x00,0x00,0x00,0x00,0x00,0x00,0x00,0x00,0x00,0x00,0x00,0x00,0x00,0x00,0x00,
    0x00,0x00,0x00,0x00,0x00,0x00,0x00,0x00,0x00,0x00,0x00,0x00,0x00,0x00,0x00,0x00,
    0x00,0x00,0x00,0x00,0x00,0x00,0x00,0x00,0x00,0x00,0x00,0x00,0x00,0x00,0x00,0x00,
    0x00,0x00,0x00,0x00,0x00,0x00,0x00,0x00,0x00,0x00,0x00,0x00,0x00,0x00,0x00,0x00,
    0x00,0x00,0x00,0x00,0x00,0x00,0x00,0x00,0x00,0x00,0x00,0x00,0x00,0x00,0x00,0x00,
    0x00,0x00,0x00,0x00,0x00,0x00,0x00,0x00,0x00,0x00,0x00,0x00,0x00,0x00,0x00,0x00,
    0x00,0x00,0x00,0x00,0x00,0x00,0x00,0x00,0x00,0x00,0x00,0x00,0x00,0x00,0x00,0x00,
    0x00,0x00,0x00,0x00,0x00,0x00,0x00,0x00,0x00,0x00,0x00,0x00,0x00,0x00,0x00,0x00,
    0x00,0x00,0x00,0x00,0x00,0x00,0x00,0x00,0x00,0x00,0x00,0x00,0x00,0x00,0x00,0x00,
    0x00,0x00,0x00,0x00,0x00,0x00,0x00,0x00,0x00,0x00,0x00,0x00,0x00,0x00,0x00,0x00,
    0x00,0x00,0x00,0x00,0x00,0x00,0x00,0x00,0x00,0x00,0x00,0x00,0x00,0x00,0x00,0x00,
    0x00,0x00,0x00,0x00,0x00,0x00,0x00,0x00,0x00,0x00,0x00,0x00,0x00,0x00,0x00,0x00,
    0x00,0x00,0x00,0x00,0x00,0x00,0x00,0x00,0x00,0x00,0x00,0x00,0x00,0x00,0x00,0x00,
    0x00,0x00,0x00,0x00,0x00,0x00,0x00,0x00,0x00,0x00,0x00,0x00,0x00,0x00,0x00,0x00,
    0x00,0x00,0x00,0x00,0x00,0x00,0x00,0x00,0x00,0x00,0x00,0x00,0x00,0x00,0x00,0x00,
    0x00,0x00,0x00,0x00,0x00,0x00,0x00,0x00,0x00,0x00,0x00,0x00,0x00,0x00,0x00,0x00,
    0x00,0x00,0x00,0x00,0x00,0x00,0x00,0x00,0x00,0x00,0x00,0x00,0x00,0x00,0x00,0x00,
    0x00,0x00,0x00,0x00,0x00,0x00,0x00,0x00,0x00,0x00,0x00,0x00,0x00,0x00,0x00,0x00,
    0x00,0x00,0x00,0x00,0x00,0x00,0x00,0x00,0x00,0x00,0x00,0x00,0x00,0x00,0x00,0x00,
    0x00,0x00,0x00,0x00,0x00,0x00,0x00,0x00,0x00,0x00,0x00,0x00,0x00,0x00,0x00,0x00,
    0x00,0x00,0x00,0x00,0x00,0x00,0x00,0x00,0x00,0x00,0x00,0x00,0x00,0x00,0x00,0x00,
    0x00,0x00,0x00,0x00,0x00,0x00,0x00,0x00,0x00,0x00,0x00,0x00,0x00,0x00,0x00,0x00,
    0x00,0x00,0x00,0x00,0x00,0x00,0x00,0x00,0x00,0x00,0x00,0x00,0x00,0x00,0x00,0x00,
    0x00,0x00,0x00,0x00,0x00,0x00,0x00,0x00,0x00,0x00,0x00,0x00,0x00,0x00,0x00,0x00,
    0x00,0x00,0x00,0x00,0x00,0x00,0x00,0x00,0x00,0x00,0x00,0x00,0x00,0x00,0x00,0x00,
    0x00,0x00,0x00,0x00,0x00,0x00,0x00,0x00,0x00,0x00,0x00,0x00,0x00,0x00,0x00,0x00,
    0x00,0x00,0x00,0x00,0x00,0x00,0x00,0x00,0x00,0x00,0x00,0x00,0x00,0x00,0x00,0x00,
    0x00,0x00,0x00,0x00,0x00,0x00,0x00,0x00,0x00,0x00,0x00,0x00,0x00,0x00,0x00,0x00,
    0x00,0x00,0x00,0x00,0x00,0x00,0x00,0x00,0x00,0x00,0x00,0x00,0x00,0x00,0x00,0x00,
    0x00,0x00,0x00,0x00,0x00,0x00,0x00,0x00,0x00,0x00,0x00,0x00,0x00,0x00,0x00,0x00,
    0x00,0x00,0x00,0x00,0x00,0x00,0x00,0x00,0x00,0x00,0x00,0x00,0x00,0x00,0x00,0x00,
    0x00,0x00,0x00,0x00,0x00,0x00,0x00,0x00,0x00,0x00,0x00,0x00,0x00,0x00,0x00,0x00,
    0x00,0x00,0x00,0x00,0x00,0x00,0x00,0x00,0x00,0x00,0x00,0x00,0x00,0x00,0x00,0x00,
    0x00,0x00,0x00,0x00,0x00,0x00,0x00,0x00,0x00,0x00,0x00,0x00,0x00,0x00,0x00,0x00,
    0x00,0x00,0x00,0x00,0x00,0x00,0x00,0x00,0x00,0x00,0x00,0x00,0x00,0x00,0x00,0x00,
    0x00,0x00,0x00,0x00,0x00,0x00,0x00,0x00,0x00,0x00,0x00,0x00,0x00,0x00,0x00,0x00,
    0x00,0x00,0x00,0x00,0x00,0x00,0x00,0x00,0x00,0x00,0x00,0x00,0x00,0x00,0x00,0x00,
    0x00,0x00,0x00,0x00,0x00,0x00,0x00,0x00,0x00,0x00,0x00,0x00,0x00,0x00,0x00,0x00,
    0x00,0x00,0x00,0x00,0x00,0x00,0x00,0x00,0x00,0x00,0x00,0x00,0x00,0x00,0x00,0x00,
    0x00,0x00,0x00,0x00,0x00,0x00,0x00,0x00,0x00,0x00,0x00,0x00,0x00,0x00,0x00,0x00,
    0x00,0x00,0x00,0x00,0x00,0x00,0x00,0x00,0x00,0x00,0x00,0x00,0x00,0x00,0x00,0x00,
    0x00,0x00,0x00,0x00,0x00,0x00,0x00,0x00,0x00,0x00,0x00,0x00,0x00,0x00,0x00,0x00,
    0x00,0x00,0x00,0x00,0x00,0x00,0x00,0x00,0x00,0x00,0x00,0x00,0x00,0x00,0x00,0x00,
    0x00,0x00,0x00,0x00,0x00,0x00,0x00,0x00,0x00,0x00,0x00,0x00,0x00,0x00,0x00,0x00,
    0x00,0x00,0x00,0x00,0x00,0x00,0x00,0x00,0x00,0x00,0x00,0x00,0x00,0x00,0x00,0x00,
    0x00,0x00,0x00,0x00,0x00,0x00,0x00,0x00,0x00,0x00,0x00,0x00,0x00,0x00,0x00,0x00,
    0x00,0x00,0x00,0x00,0x00,0x00,0x00,0x00,0x00,0x00,0x00,0x00,0x00,0x00,0x00,0x00,
    0x00,0x00,0x00,0x00,0x00,0x00,0x00,0x00,0x00,0x00,0x00,0x00,0x00,0x00,0x00,0x00,
    0x00,0x00,0x00,0x00,0x00,0x00,0x00,0x00,0x00,0x00,0x00,0x00,0x00,0x00,0x00,0x00,
    0x00,0x00,0x00,0x00,0x00,0x00,0x00,0x00,0x00,0x00,0x00,0x00,0x00,0x00,0x00,0x00,
    0x00,0x00,0x00,0x00,0x00,0x00,0x00,0x00,0x00,0x00,0x00,0x00,0x00,0x00,0x00,0x00,
    0x00,0x00,0x00,0x00,0x00,0x00,0x00,0x00,0x00,0x00,0x00,0x00,0x00,0x00,0x00,0x00,
    0x00,0x00,0x00,0x00,0x00,0x00,0x00,0x00,0x00,0x00,0x00,0x00,0x00,0x00,0x00,0x00,
    0x00,0x00,0x00,0x00,0x00,0x00,0x00,0x00,0x00,0x00,0x00,0x00,0x00,0x00,0x00,0x00,
    0x00,0x00,0x00,0x00,0x00,0x00,0x00,0x00,0x00,0x00,0x00,0x00,0x00,0x00,0x00,0x00,
    0x00,0x00,0x00,0x00,0x00,0x00,0x00,0x00,0x00,0x00,0x00,0x00,0x00,0x00,0x00,0x00,
    0x00,0x00,0x00,0x00,0x00,0x00,0x00,0x00,0x00,0x00,0x00,0x00,0x00,0x00,0x00,0x00,
    0x00,0x00,0x00,0x00,0x00,0x00,0x00,0x00,0x00,0x00,0x00,0x00,0x00,0x00,0x00,0x00,
    0x00,0x00,0x00,0x00,0x00,0x00,0x00,0x00,0x00,0x00,0x00,0x00,0x00,0x00,0x00,0x00,
    0x00,0x00,0x00,0x00,0x00,0x00,0x00,0x00,0x00,0x00,0x00,0x00,0x00,0x00,0x00,0x00,
    0x00,0x00,0x00,0x00,0x00,0x00,0x00,0x00,0x00,0x00,0x00,0x00,0x00,0x00,0x00,0x00,
    0x00,0x00,0x00,0x00,0x00,0x00,0x00,0x00,0x00,0x00,0x00,0x00,0x00,0x00,0x00,0x00,
    0x00,0x00,0x00,0x00,0x00,0x00,0x00,0x00,0x00,0x00,0x00,0x00,0x00,0x00,0x00,0x00,
    0x00,0x00,0x00,0x00,0x00,0x00,0x00,0x00,0x00,0x00,0x00,0x00,0x00,0x00,0x00,0x00,
    0x00,0x00,0x00,0x00,0x00,0x00,0x00,0x00,0x00,0x00,0x00,0x00,0x00,0x00,0x00,0x00,
    0x00,0x00,0x00,0x00,0x00,0x00,0x00,0x00,0x00,0x00,0x00,0x00,0x00,0x00,0x00,0x00,
    0x00,0x00,0x00,0x00,0x00,0x00,0x00,0x00,0x00,0x00,0x00,0x00,0x00,0x00,0x00,0x00,
    0x00,0x00,0x00,0x00,0x00,0x00,0x00,0x00,0x00,0x00,0x00,0x00,0x00,0x00,0x00,0x00,
    0x00,0x00,0x00,0x00,0x00,0x00,0x00,0x00,0x00,0x00,0x00,0x00,0x00,0x00,0x00,0x00,
    0x00,0x00,0x00,0x00,0x00,0x00,0x00,0x00,0x00,0x00,0x00,0x00,0x00,0x00,0x00,0x00,
    0x00,0x00,0x00,0x00,0x00,0x00,0x00,0x00,0x00,0x00,0x00,0x00,0x00,0x00,0x00,0x00,
    0x00,0x00,0x00,0x00,0x00,0x00,0x00,0x00,0x00,0x00,0x00,0x00,0x00,0x00,0x00,0x00,
    0x00,0x00,0x00,0x00,0x00,0x00,0x00,0x00,0x00,0x00,0x00,0x00,0x00,0x00,0x00,0x00,
    0x00,0x00,0x00,0x00,0x00,0x00,0x00,0x00,0x00,0x00,0x00,0x00,0x00,0x00,0x00,0x00,
    0x00,0x00,0x00,0x00,0x00,0x00,0x00,0x00,0x00,0x00,0x00,0x00,0x00,0x00,0x00,0x00,
    0x00,0x00,0x00,0x00,0x00,0x00,0x00,0x00,0x00,0x00,0x00,0x00,0x00,0x00,0x00,0x00,
    0x00,0x07,0xbd,0xbb,0xbb,0xbb,0xbb,0xbb,0xbb,0xbb,0xbb,0xbb,0xbb,0xbb,0xbb,0xbb,
    0xbb,0xbb,0xbb,0xbb,0xbb,0xb3,0x70,0x00,0x00,0x00,0x00,0x00,0x00,0x00,0x00,0x00,
    0x00,0x00,0x00,0x00,0x00,0x00,0x00,0x00,0x00,0x00,0x00,0x00,0x00,0x00,0x00,0x00,
    0x00,0x00,0x00,0x00,0x00,0x00,0x00,0x00,0x00,0x00,0x00,0x00,0x00,0x00,0x00,0x00,
    0x00,0x00,0x00,0x00,0x00,0x00,0x00,0x00,0x00,0x00,0x00,0x00,0x00,0x00,0x00,0x00,
    0x00,0x00,0x00,0x00,0x00,0x00,0x00,0x00,0x00,0x00,0x00,0x00,0x00,0x00,0x00,0x00,
    0x00,0x00,0x00,0x00,0x00,0x00,0x00,0x00,0x00,0x00,0x00,0x00,0x00,0x00,0x00,0x00,
    0x00,0x00,0x00,0x00,0x00,0x00,0x00,0x00,0x00,0x08,0x11,0x11,0x11,0x11,0x11,0x11,
    0x11,0x11,0x11,0x11,0x11,0x11,0x11,0x11,0x11,0x11,0x11,0x11,0x11,0x11,0x80,0x00,
    0x00,0x00,0x00,0x00,0x00,0x00,0x00,0x00,0x00,0x00,0x00,0x00,0x00,0x00,0x00,0x00,
    0x00,0x00,0x00,0x00,0x00,0x00,0x00,0x00,0x00,0x00,0x00,0x00,0x00,0x00,0x00,0x00,
    0x00,0x00,0x00,0x00,0x00,0x00,0x00,0x00,0x00,0x00,0x00,0x00,0x00,0x00,0x00,0x00,
    0x00,0x00,0x00,0x00,0x00,0x00,0x00,0x00,0x00,0x00,0x00,0x00,0x00,0x00,0x00,0x00,
    0x00,0x00,0x00,0x00,0x00,0x00,0x00,0x00,0x00,0x00,0x00,0x00,0x00,0x00,0x00,0x00,
    0x00,0x00,0x00,0x00,0x00,0x00,0x00,0x00,0x00,0x00,0x00,0x00,0x00,0x00,0x07,0x3b,
    0xbd,0xd3,0x48,0x88,0x88,0x88,0x88,0x88,0x88,0x88,0x88,0x88,0x88,0x88,0x88,0x88,
    0x88,0x88,0x88,0x88,0x88,0x84,0x3d,0xdd,0xd3,0x70,0x00,0x00,0x00,0x00,0x00,0x00,
    0x00,0x00,0x00,0x00,0x00,0x00,0x00,0x00,0x00,0x00,0x00,0x00,0x00,0x00,0x00,0x00,
    0x00,0x00,0x00,0x00,0x00,0x00,0x00,0x00,0x00,0x00,0x00,0x00,0x00,0x00,0x00,0x00,
    0x00,0x00,0x00,0x00,0x00,0x00,0x00,0x00,0x00,0x00,0x00,0x00,0x00,0x00,0x00,0x00,
    0x00,0x00,0x00,0x00,0x00,0x00,0x00,0x00,0x00,0x00,0x00,0x00,0x00,0x00,0x00,0x00,
    0x00,0x00,0x00,0x00,0x00,0x00,0x00,0x00,0x00,0x00,0x00,0x00,0x00,0x00,0x00,0x00,
    0x00,0x00,0x00,0x00,0x00,0x00,0x07,0x11,0x11,0x16,0x00,0x00,0x00,0x00,0x00,0x00,
    0x00,0x00,0x00,0x00,0x00,0x00,0x00,0x00,0x00,0x00,0x00,0x00,0x00,0x00,0x11,0x11,
    0x11,0x70,0x00,0x00,0x00,0x00,0x00,0x00,0x00,0x00,0x00,0x00,0x00,0x00,0x00,0x00,
    0x00,0x00,0x00,0x00,0x00,0x00,0x00,0x00,0x00,0x00,0x00,0x00,0x00,0x00,0x00,0x00,
    0x00,0x00,0x00,0x00,0x00,0x00,0x00,0x00,0x00,0x00,0x00,0x00,0x00,0x00,0x00,0x00,
    0x00,0x00,0x00,0x00,0x00,0x00,0x00,0x00,0x00,0x00,0x00,0x00,0x00,0x00,0x00,0x00,
    0x00,0x00,0x00,0x00,0x00,0x00,0x00,0x00,0x00,0x00,0x00,0x00,0x00,0x00,0x00,0x00,
    0x00,0x00,0x00,0x00,0x00,0x00,0x00,0x00,0x00,0x00,0x00,0x07,0xbb,0xb3,0xb3,0x88,
    0x88,0x88,0x00,0x00,0x00,0x00,0x00,0x00,0x00,0x00,0x00,0x00,0x00,0x00,0x00,0x00,
    0x00,0x00,0x00,0x00,0x00,0x00,0x88,0x88,0x88,0x3b,0xbb,0xb3,0x70,0x00,0x00,0x00,
    0x00,0x00,0x00,0x00,0x00,0x00,0x00,0x00,0x00,0x00,0x00,0x00,0x00,0x00,0x00,0x00,
    0x00,0x00,0x00,0x00,0x00,0x00,0x00,0x00,0x00,0x00,0x00,0x00,0x00,0x00,0x00,0x00,
    0x00,0x00,0x00,0x00,0x00,0x00,0x00,0x00,0x00,0x00,0x00,0x00,0x00,0x00,0x00,0x00,
    0x00,0x00,0x00,0x00,0x00,0x00,0x00,0x00,0x00,0x00,0x00,0x00,0x00,0x00,0x00,0x00,
    0x00,0x00,0x00,0x00,0x00,0x00,0x00,0x00,0x00,0x00,0x00,0x00,0x00,0x00,0x00,0x00,
    0x00,0x00,0x00,0x07,0x11,0x11,0x16,0x00,0x00,0x00,0x00,0x00,0x00,0x00,0x00,0x00,
    0x00,0x00,0x00,0x00,0x00,0x00,0x00,0x00,0x00,0x00,0x00,0x00,0x00,0x00,0x00,0x00,
    0x00,0x61,0x11,0x11,0x70,0x00,0x00,0x00,0x00,0x00,0x00,0x00,0x00,0x00,0x00,0x00,
    0x00,0x00,0x00,0x00,0x00,0x00,0x00,0x00,0x00,0x00,0x00,0x00,0x00,0x00,0x00,0x00,
    0x00,0x00,0x00,0x00,0x00,0x00,0x00,0x00,0x00,0x00,0x00,0x00,0x00,0x00,0x00,0x00,
    0x00,0x00,0x00,0x00,0x00,0x00,0x00,0x00,0x00,0x00,0x00,0x00,0x00,0x00,0x00,0x00,
    0x00,0x00,0x00,0x00,0x00,0x00,0x00,0x00,0x00,0x00,0x00,0x00,0x00,0x00,0x00,0x00,
    0x00,0x00,0x00,0x00,0x00,0x00,0x00,0x00,0x00,0x07,0xb6,0x6b,0x88,0x88,0x87,0x00,
    0x00,0x07,0x33,0x33,0x33,0x33,0x33,0x33,0x33,0x33,0x33,0x33,0x33,0x33,0x33,0x33,
    0x33,0x33,0x33,0x33,0x33,0x3f,0x00,0x00,0x00,0x88,0x88,0x88,0x36,0x6d,0x70,0x00,
    0x00,0x00,0x00,0x00,0x00,0x00,0x00,0x00,0x00,0x00,0x00,0x00,0x00,0x00,0x00,0x00,
    0x00,0x00,0x00,0x00,0x00,0x00,0x00,0x00,0x00,0x00,0x00,0x00,0x00,0x00,0x00,0x00,
    0x00,0x00,0x00,0x00,0x00,0x00,0x00,0x00,0x00,0x00,0x00,0x00,0x00,0x00,0x00,0x00,
    0x00,0x00,0x00,0x00,0x00,0x00,0x00,0x00,0x00,0x00,0x00,0x00,0x00,0x00,0x00,0x00,
    0x00,0x00,0x00,0x00,0x00,0x00,0x00,0x00,0x00,0x00,0x00,0x00,0x00,0x00,0x00,0x00,
    0x00,0x08,0x11,0x11,0x00,0x00,0x00,0x00,0x00,0x07,0x61,0x11,0x11,0x11,0x11,0x11,
    0x11,0x11,0x11,0x11,0x11,0x11,0x11,0x11,0x11,0x11,0x11,0x11,0x11,0x16,0x70,0x00,
    0x00,0x00,0x00,0x00,0x11,0x11,0x80,0x00,0x00,0x00,0x00,0x00,0x00,0x00,0x00,0x00,
    0x00,0x00,0x00,0x00,0x00,0x00,0x00,0x00,0x00,0x00,0x00,0x00,0x00,0x00,0x00,0x00,
    0x00,0x00,0x00,0x00,0x00,0x00,0x00,0x00,0x00,0x00,0x00,0x00,0x00,0x00,0x00,0x00,
    0x00,0x00,0x00,0x00,0x00,0x00,0x00,0x00,0x00,0x00,0x00,0x00,0x00,0x00,0x00,0x00,
    0x00,0x00,0x00,0x00,0x00,0x00,0x00,0x00,0x00,0x00,0x00,0x00,0x00,0x00,0x00,0x00,
    0x00,0x00,0x00,0x00,0x00,0x00,0x00,0x07,0xbb,0xb3,0x48,0x48,0x00,0x00,0x00,0xf3,
    0x33,0x33,0x61,0x11,0x11,0x11,0x11,0x11,0x11,0x11,0x11,0x11,0x11,0x11,0x11,0x11,
    0x11,0x11,0x11,0x11,0x11,0x16,0x33,0x33,0x33,0x00,0x00,0x00,0x84,0x84,0x3b,0xb3,
    0x70,0x00,0x00,0x00,0x00,0x00,0x00,0x00,0x00,0x00,0x00,0x00,0x00,0x00,0x00,0x00,
    0x00,0x00,0x00,0x00,0x00,0x00,0x00,0x00,0x00,0x00,0x00,0x00,0x00,0x00,0x00,0x00,
    0x00,0x00,0x00,0x00,0x00,0x00,0x00,0x00,0x00,0x00,0x00,0x00,0x00,0x00,0x00,0x00,
    0x00,0x00,0x00,0x00,0x00,0x00,0x00,0x00,0x00,0x00,0x00,0x00,0x00,0x00,0x00,0x00,
    0x00,0x00,0x00,0x00,0x00,0x00,0x00,0x00,0x00,0x00,0x00,0x00,0x00,0x00,0x00,0x08,
    0x11,0x16,0x00,0x00,0x00,0x00,0x07,0x61,0x11,0x11,0x11,0x11,0x11,0x11,0x11,0x11,
    0x11,0x11,0x11,0x11,0x11,0x11,0x11,0x11,0x11,0x11,0x11,0x11,0x11,0x11,0x11,0x11,
    0x16,0x70,0x00,0x00,0x00,0x00,0x61,0x11,0x70,0x00,0x00,0x00,0x00,0x00,0x00,0x00,
    0x00,0x00,0x00,0x00,0x00,0x00,0x00,0x00,0x00,0x00,0x00,0x00,0x00,0x00,0x00,0x00,
    0x00,0x00,0x00,0x00,0x00,0x00,0x00,0x00,0x00,0x00,0x00,0x00,0x00,0x00,0x00,0x00,
    0x00,0x00,0x00,0x00,0x00,0x00,0x00,0x00,0x00,0x00,0x00,0x00,0x00,0x00,0x00,0x00,
    0x00,0x00,0x00,0x00,0x00,0x00,0x00,0x00,0x00,0x00,0x00,0x00,0x00,0x00,0x00,0x00,
    0x00,0x00,0x00,0x00,0x00,0x07,0xb6,0x63,0x88,0x87,0x00,0x00,0x33,0x33,0x33,0x61,
    0x11,0x11,0x11,0x11,0x11,0x11,0x11,0x11,0x11,0x11,0x11,0x11,0x11,0x11,0x11,0x11,
    0x11,0x11,0x11,0x11,0x11,0x11,0x11,0x11,0x11,0x33,0x33,0x33,0x00,0x00,0x78,0x88,
    0x3d,0x6b,0x70,0x00,0x00,0x00,0x00,0x00,0x00,0x00,0x00,0x00,0x00,0x00,0x00,0x00,
    0x00,0x00,0x00,0x00,0x00,0x00,0x00,0x00,0x00,0x00,0x00,0x00,0x00,0x00,0x00,0x00,
    0x00,0x00,0x00,0x00,0x00,0x00,0x00,0x00,0x00,0x00,0x00,0x00,0x00,0x00,0x00,0x00,
    0x00,0x00,0x00,0x00,0x00,0x00,0x00,0x00,0x00,0x00,0x00,0x00,0x00,0x00,0x00,0x00,
    0x00,0x00,0x00,0x00,0x00,0x00,0x00,0x00,0x00,0x00,0x00,0x00,0x00,0x08,0x11,0x11,
    0x00,0x00,0x00,0x07,0x11,0x11,0x11,0x11,0x11,0x11,0x11,0x11,0x11,0x11,0x11,0x11,
    0x11,0x11,0x11,0x11,0x11,0x11,0x11,0x11,0x11,0x11,0x11,0x11,0x11,0x11,0x11,0x11,
    0x11,0x11,0x11,0x11,0x70,0x00,0x00,0x00,0x11,0x11,0x80,0x00,0x00,0x00,0x00,0x00,
    0x00,0x00,0x00,0x00,0x00,0x00,0x00,0x00,0x00,0x00,0x00,0x00,0x00,0x00,0x00,0x00,
    0x00,0x00,0x00,0x00,0x00,0x00,0x00,0x00,0x00,0x00,0x00,0x00,0x00,0x00,0x00,0x00,
    0x00,0x00,0x00,0x00,0x00,0x00,0x00,0x00,0x00,0x00,0x00,0x00,0x00,0x00,0x00,0x00,
    0x00,0x00,0x00,0x00,0x00,0x00,0x00,0x00,0x00,0x00,0x00,0x00,0x00,0x00,0x00,0x00,
    0x00,0x00,0x00,0x07,0xbd,0xd3,0x44,0x48,0x00,0x00,0x33,0x33,0x11,0x11,0x11,0x11,
    0x11,0x11,0x11,0x11,0x11,0x11,0x11,0x11,0x11,0x11,0x11,0x11,0x11,0x11,0x11,0x11,
    0x11,0x11,0x11,0x11,0x11,0x11,0x11,0x11,0x11,0x11,0x11,0x11,0xb3,0x33,0x70,0x00,
    0x84,0x44,0x3b,0xbd,0x70,0x00,0x00,0x00,0x00,0x00,0x00,0x00,0x00,0x00,0x00,0x00,
    0x00,0x00,0x00,0x00,0x00,0x00,0x00,0x00,0x00,0x00,0x00,0x00,0x00,0x00,0x00,0x00,
    0x00,0x00,0x00,0x00,0x00,0x00,0x00,0x00,0x00,0x00,0x00,0x00,0x00,0x00,0x00,0x00,
    0x00,0x00,0x00,0x00,0x00,0x00,0x00,0x00,0x00,0x00,0x00,0x00,0x00,0x00,0x00,0x00,
    0x00,0x00,0x00,0x00,0x00,0x00,0x00,0x00,0x00,0x00,0x00,0x07,0x11,0x16,0x00,0x00,
    0x00,0x07,0x61,0x11,0x11,0x11,0x11,0x11,0x11,0x11,0x11,0x11,0x11,0x11,0x11,0x11,
    0x11,0x11,0x11,0x11,0x11,0x11,0x11,0x11,0x11,0x11,0x11,0x11,0x11,0x11,0x11,0x11,
    0x11,0x11,0x11,0x11,0x11,0x16,0x70,0x00,0x00,0x00,0x61,0x11,0x80,0x00,0x00,0x00,
    0x00,0x00,0x00,0x00,0x00,0x00,0x00,0x00,0x00,0x00,0x00,0x00,0x00,0x00,0x00,0x00,
    0x00,0x00,0x00,0x00,0x00,0x00,0x00,0x00,0x00,0x00,0x00,0x00,0x00,0x00,0x00,0x00,
    0x00,0x00,0x00,0x00,0x00,0x00,0x00,0x00,0x00,0x00,0x00,0x00,0x00,0x00,0x00,0x00,
    0x00,0x00,0x00,0x00,0x00,0x00,0x00,0x00,0x00,0x00,0x00,0x00,0x00,0x00,0x00,0x00,
    0x00,0x00,0x07,0xb3,0x88,0x88,0x00,0x00,0x3b,0x3b,0x61,0x11,0x11,0x11,0x11,0x11,
    0x11,0x11,0x11,0x16,0xff,0xff,0xff,0xff,0x61,0x11,0x11,0x11,0x11,0x11,0x11,0x16,
    0xff,0xff,0xff,0xff,0xff,0xff,0x61,0x11,0x11,0x11,0x11,0x11,0x11,0x16,0xb3,0xb3,
    0x00,0x00,0x78,0x88,0x3d,0x70,0x00,0x00,0x00,0x00,0x00,0x00,0x00,0x00,0x00,0x00,
    0x00,0x00,0x00,0x00,0x00,0x00,0x00,0x00,0x00,0x00,0x00,0x00,0x00,0x00,0x00,0x00,
    0x00,0x00,0x00,0x00,0x00,0x00,0x00,0x00,0x00,0x00,0x00,0x00,0x00,0x00,0x00,0x00,
    0x00,0x00,0x00,0x00,0x00,0x00,0x00,0x00,0x00,0x00,0x00,0x00,0x00,0x00,0x00,0x00,
    0x00,0x00,0x00,0x00,0x00,0x00,0x00,0x00,0x00,0x00,0x08,0x16,0x00,0x00,0x00,0x07,
    0x11,0x11,0x11,0x11,0x11,0x11,0x11,0x11,0x11,0x11,0x66,0x16,0x55,0x55,0x55,0x5f,
    0x61,0x11,0x11,0x11,0x11,0x11,0x11,0x16,0xf5,0x55,0x55,0x55,0x55,0x55,0x61,0x11,
    0x11,0x11,0x11,0x11,0x11,0x11,0x11,0x11,0x70,0x00,0x00,0x00,0x61,0x80,0x00,0x00,
    0x00,0x00,0x00,0x00,0x00,0x00,0x00,0x00,0x00,0x00,0x00,0x00,0x00,0x00,0x00,0x00,
    0x00,0x00,0x00,0x00,0x00,0x00,0x00,0x00,0x00,0x00,0x00,0x00,0x00,0x00,0x00,0x00,
    0x00,0x00,0x00,0x00,0x00,0x00,0x00,0x00,0x00,0x00,0x00,0x00,0x00,0x00,0x00,0x00,
    0x00,0x00,0x00,0x00,0x00,0x00,0x00,0x00,0x00,0x00,0x00,0x00,0x00,0x00,0x00,0x00,
    0x00,0x07,0xb3,0x88,0x00,0x07,0x3b,0x3b,0x11,0x11,0x11,0x11,0x11,0x11,0x11,0x11,
    0x11,0x16,0xff,0xff,0x55,0xd6,0x66,0x66,0x11,0x11,0x11,0x11,0x11,0x11,0x11,0x11,
    0x66,0x66,0x66,0x66,0x66,0x6d,0xff,0xff,0x61,0x11,0x11,0x11,0x11,0x11,0x11,0x11,
    0xb3,0x33,0x70,0x00,0x88,0x3b,0x70,0x00,0x00,0x00,0x00,0x00,0x00,0x00,0x00,0x00,
    0x00,0x00,0x00,0x00,0x00,0x00,0x00,0x00,0x00,0x00,0x00,0x00,0x00,0x00,0x00,0x00,
    0x00,0x00,0x00,0x00,0x00,0x00,0x00,0x00,0x00,0x00,0x00,0x00,0x00,0x00,0x00,0x00,
    0x00,0x00,0x00,0x00,0x00,0x00,0x00,0x00,0x00,0x00,0x00,0x00,0x00,0x00,0x00,0x00,
    0x00,0x00,0x00,0x00,0x00,0x00,0x00,0x00,0x00,0x08,0x16,0x00,0x00,0x07,0x61,0x11,
    0x11,0x11,0x11,0x11,0x11,0x11,0x11,0x11,0x11,0x16,0x55,0x55,0x5f,0x61,0x11,0x11,
    0x11,0x11,0x11,0x11,0x11,0x11,0x11,0x11,0x11,0x11,0x11,0x11,0x11,0x16,0xf5,0x5f,
    0x61,0x11,0x11,0x11,0x11,0x11,0x11,0x11,0x11,0x16,0x70,0x00,0x00,0x61,0x80,0x00,
    0x00,0x00,0x00,0x00,0x00,0x00,0x00,0x00,0x00,0x00,0x00,0x00,0x00,0x00,0x00,0x00,
    0x00,0x00,0x00,0x00,0x00,0x00,0x00,0x00,0x00,0x00,0x00,0x00,0x00,0x00,0x00,0x00,
    0x00,0x00,0x00,0x00,0x00,0x00,0x00,0x00,0x00,0x00,0x00,0x00,0x00,0x00,0x00,0x00,
    0x00,0x00,0x00,0x00,0x00,0x00,0x00,0x00,0x00,0x00,0x00,0x00,0x00,0x00,0x00,0x00,
    0x07,0xd3,0x87,0x00,0x00,0x33,0x61,0x11,0x11,0x11,0x11,0x11,0x11,0x11,0x11,0x16,
    0xff,0xff,0x5f,0xd6,0x66,0x61,0x11,0x11,0x11,0x11,0x11,0x11,0x11,0x11,0x11,0x11,
    0x11,0x11,0x11,0x11,0x11,0x11,0x66,0x66,0x3f,0xff,0x61,0x11,0x11,0x11,0x11,0x11,
    0x11,0x11,0xb3,0x00,0x00,0x78,0x3d,0x70,0x00,0x00,0x00,0x00,0x00,0x00,0x00,0x00,
    0x00,0x00,0x00,0x00,0x00,0x00,0x00,0x00,0x00,0x00,0x00,0x00,0x00,0x00,0x00,0x00,
    0x00,0x00,0x00,0x00,0x00,0x00,0x00,0x00,0x00,0x00,0x00,0x00,0x00,0x00,0x00,0x00,
    0x00,0x00,0x00,0x00,0x00,0x00,0x00,0x00,0x00,0x00,0x00,0x00,0x00,0x00,0x00,0x00,
    0x00,0x00,0x00,0x00,0x00,0x00,0x00,0x00,0x07,0x16,0x00,0x00,0x07,0x61,0x11,0x11,
    0x11,0x11,0x11,0x11,0x11,0x11,0x11,0x16,0xf5,0x55,0x5f,0x61,0x11,0x11,0x11,0x11,
    0x11,0x11,0x11,0x11,0x11,0x11,0x11,0x11,0x11,0x11,0x11,0x11,0x11,0x11,0x11,0x11,
    0xf5,0x5f,0x61,0x11,0x11,0x11,0x11,0x11,0x11,0x11,0x11,0x70,0x00,0x00,0x61,0x80,
    0x00,0x00,0x00,0x00,0x00,0x00,0x00,0x00,0x00,0x00,0x00,0x00,0x00,0x00,0x00,0x00,
    0x00,0x00,0x00,0x00,0x00,0x00,0x00,0x00,0x00,0x00,0x00,0x00,0x00,0x00,0x00,0x00,
    0x00,0x00,0x00,0x00,0x00,0x00,0x00,0x00,0x00,0x00,0x00,0x00,0x00,0x00,0x00,0x00,
    0x00,0x00,0x00,0x00,0x00,0x00,0x00,0x00,0x00,0x00,0x00,0x00,0x00,0x00,0x00,0x07,
    0x63,0x87,0x00,0x33,0x3b,0x61,0x11,0x11,0x11,0x11,0x11,0x11,0x11,0x11,0x16,0xff,
    0xff,0x66,0x66,0x11,0x11,0x11,0x11,0x11,0x11,0x11,0x11,0x11,0x11,0x11,0x11,0x11,
    0x11,0x11,0x11,0x11,0x11,0x11,0x11,0x11,0x66,0x66,0xff,0x61,0x11,0x11,0x11,0x11,
    0x11,0x11,0x16,0xb3,0x33,0x70,0x78,0x36,0x70,0x00,0x00,0x00,0x00,0x00,0x00,0x00,
    0x00,0x00,0x00,0x00,0x00,0x00,0x00,0x00,0x00,0x00,0x00,0x00,0x00,0x00,0x00,0x00,
    0x00,0x00,0x00,0x00,0x00,0x00,0x00,0x00,0x00,0x00,0x00,0x00,0x00,0x00,0x00,0x00,
    0x00,0x00,0x00,0x00,0x00,0x00,0x00,0x00,0x00,0x00,0x00,0x00,0x00,0x00,0x00,0x00,
    0x00,0x00,0x00,0x00,0x00,0x00,0x00,0x08,0x16,0x00,0x07,0x61,0x11,0x11,0x11,0x11,
    0x11,0x11,0x11,0x11,0x11,0x16,0x16,0x55,0x5f,0x11,0x11,0x11,0x11,0x11,0x11,0x11,
    0x11,0x11,0x11,0x11,0x11,0x11,0x11,0x11,0x11,0x11,0x11,0x11,0x11,0x11,0x11,0x11,
    0x11,0x16,0xf5,0x61,0x11,0x11,0x11,0x11,0x11,0x11,0x11,0x11,0x16,0x70,0x00,0x61,
    0x80,0x00,0x00,0x00,0x00,0x00,0x00,0x00,0x00,0x00,0x00,0x00,0x00,0x00,0x00,0x00,
    0x00,0x00,0x00,0x00,0x00,0x00,0x00,0x00,0x00,0x00,0x00,0x00,0x00,0x00,0x00,0x00,
    0x00,0x00,0x00,0x00,0x00,0x00,0x00,0x00,0x00,0x00,0x00,0x00,0x00,0x00,0x00,0x00,
    0x00,0x00,0x00,0x00,0x00,0x00,0x00,0x00,0x00,0x00,0x00,0x00,0x00,0x00,0x08,0x6b,
    0x88,0x07,0x3b,0x61,0x11,0x11,0x11,0x11,0x11,0x11,0x11,0x11,0x11,0x16,0xff,0x66,
    0x66,0x11,0x11,0x11,0x11,0x11,0x11,0x11,0x11,0x11,0x11,0x11,0x11,0x11,0x11,0x11,
    0x11,0x11,0x11,0x11,0x11,0x11,0x11,0x11,0x11,0x11,0x66,0xff,0x61,0x11,0x11,0x11,
    0x11,0x11,0x11,0x11,0x11,0xd3,0x70,0x78,0xb6,0x80,0x00,0x00,0x00,0x00,0x00,0x00,
    0x00,0x00,0x00,0x00,0x00,0x00,0x00,0x00,0x00,0x00,0x00,0x00,0x00,0x00,0x00,0x00,
    0x00,0x00,0x00,0x00,0x00,0x00,0x00,0x00,0x00,0x00,0x00,0x00,0x00,0x00,0x00,0x00,
    0x00,0x00,0x00,0x00,0x00,0x00,0x00,0x00,0x00,0x00,0x00,0x00,0x00,0x00,0x00,0x00,
    0x00,0x00,0x00,0x00,0x00,0x00,0x08,0x16,0x00,0x08,0x61,0x11,0x11,0x11,0x11,0x11,
    0x11,0x11,0x11,0x11,0x11,0x16,0x5f,0x61,0x11,0x11,0x11,0x11,0x11,0x11,0x11,0x11,
    0x11,0x11,0x11,0x11,0x11,0x11,0x11,0x11,0x11,0x11,0x11,0x11,0x11,0x11,0x11,0x11,
    0x11,0x11,0x11,0xf5,0x61,0x11,0x11,0x11,0x11,0x11,0x11,0x11,0x11,0x16,0x80,0x00,
    0x61,0x80,0x00,0x00,0x00,0x00,0x00,0x00,0x00,0x00,0x00,0x00,0x00,0x00,0x00,0x00,
    0x00,0x00,0x00,0x00,0x00,0x00,0x00,0x00,0x00,0x00,0x00,0x00,0x00,0x00,0x00,0x00,
    0x00,0x00,0x00,0x00,0x00,0x00,0x00,0x00,0x00,0x00,0x00,0x00,0x00,0x00,0x00,0x00,
    0x00,0x00,0x00,0x00,0x00,0x00,0x00,0x00,0x00,0x00,0x00,0x00,0x00,0x07,0xb3,0x88,
    0x07,0x3d,0x11,0x11,0x11,0x11,0x11,0x11,0x11,0x11,0x11,0x11,0x16,0xf3,0xd6,0x11,
    0x11,0x11,0x11,0x11,0x11,0x11,0x11,0x11,0x11,0x11,0x11,0x11,0x11,0x11,0x11,0x11,
    0x11,0x11,0x11,0x11,0x11,0x11,0x11,0x11,0x11,0x11,0x11,0x66,0x3f,0x61,0x11,0x11,
    0x11,0x11,0x11,0x11,0x11,0x11,0xb3,0x70,0x84,0x3d,0x70,0x00,0x00,0x00,0x00,0x00,
    0x00,0x00,0x00,0x00,0x00,0x00,0x00,0x00,0x00,0x00,0x00,0x00,0x00,0x00,0x00,0x00,
    0x00,0x00,0x00,0x00,0x00,0x00,0x00,0x00,0x00,0x00,0x00,0x00,0x00,0x00,0x00,0x00,
    0x00,0x00,0x00,0x00,0x00,0x00,0x00,0x00,0x00,0x00,0x00,0x00,0x00,0x00,0x00,0x00,
    0x00,0x00,0x00,0x00,0x00,0x08,0x16,0x00,0x08,0x11,0x11,0x11,0x11,0x11,0x11,0x11,
    0x11,0x11,0x11,0x11,0x16,0xff,0x61,0x11,0x11,0x11,0x11,0x11,0x11,0x11,0x11,0x11,
    0x11,0x11,0x11,0x11,0x11,0x11,0x11,0x11,0x11,0x11,0x11,0x11,0x11,0x11,0x11,0x11,
    0x11,0x11,0x11,0x11,0xff,0x61,0x11,0x11,0x11,0x11,0x11,0x11,0x11,0x11,0x11,0x80,
    0x00,0x61,0x80,0x00,0x00,0x00,0x00,0x00,0x00,0x00,0x00,0x00,0x00,0x00,0x00,0x00,
    0x00,0x00,0x00,0x00,0x00,0x00,0x00,0x00,0x00,0x00,0x00,0x00,0x00,0x00,0x00,0x00,
    0x00,0x00,0x00,0x00,0x00,0x00,0x00,0x00,0x00,0x00,0x00,0x00,0x00,0x00,0x00,0x00,
    0x00,0x00,0x00,0x00,0x00,0x00,0x00,0x00,0x00,0x00,0x00,0x00,0x07,0xd3,0x87,0x00,
    0x3b,0x11,0x11,0x11,0x11,0x11,0x11,0x11,0x11,0x11,0x11,0x11,0x11,0x66,0x11,0x11,
    0x11,0x11,0x11,0x11,0x11,0x11,0x11,0x11,0x11,0x11,0x11,0x11,0x11,0x11,0x11,0x11,
    0x11,0x11,0x11,0x11,0x16,0xff,0x61,0x11,0x11,0x11,0x11,0x11,0x66,0x11,0x11,0x11,
    0x11,0x11,0x11,0x11,0x11,0x11,0x11,0xdb,0x70,0x78,0x3d,0x70,0x00,0x00,0x00,0x00,
    0x00,0x00,0x00,0x00,0x00,0x00,0x00,0x00,0x00,0x00,0x00,0x00,0x00,0x00,0x00,0x00,
    0x00,0x00,0x00,0x00,0x00,0x00,0x00,0x00,0x00,0x00,0x00,0x00,0x00,0x00,0x00,0x00,
    0x00,0x00,0x00,0x00,0x00,0x00,0x00,0x00,0x00,0x00,0x00,0x00,0x00,0x00,0x00,0x00,
    0x00,0x00,0x00,0x00,0x08,0x1d,0x00,0x07,0x11,0x11,0x11,0x11,0x11,0x11,0x11,0x11,
    0x11,0x11,0x11,0x11,0x11,0x11,0x11,0x11,0x11,0x11,0x11,0x11,0x11,0x11,0x11,0x11,
    0x11,0x11,0x11,0x11,0x11,0x11,0x11,0x11,0x11,0x11,0x11,0x11,0x16,0xf5,0x61,0x11,
    0x11,0x11,0x11,0x11,0x11,0x11,0x11,0x11,0x11,0x11,0x11,0x11,0x11,0x11,0x11,0x11,
    0x70,0x00,0x61,0x80,0x00,0x00,0x00,0x00,0x00,0x00,0x00,0x00,0x00,0x00,0x00,0x00,
    0x00,0x00,0x00,0x00,0x00,0x00,0x00,0x00,0x00,0x00,0x00,0x00,0x00,0x00,0x00,0x00,
    0x00,0x00,0x00,0x00,0x00,0x00,0x00,0x00,0x00,0x00,0x00,0x00,0x00,0x00,0x00,0x00,
    0x00,0x00,0x00,0x00,0x00,0x00,0x00,0x00,0x00,0x00,0x00,0x07,0x63,0x87,0x07,0x3b,
    0x11,0x11,0x11,0x11,0x11,0x11,0x11,0x11,0x11,0x11,0x11,0x11,0x11,0x11,0x11,0x11,
    0x11,0x11,0x11,0x11,0x11,0x11,0x11,0x11,0x11,0x11,0x11,0x11,0x11,0x11,0x11,0x11,
    0x11,0x11,0x11,0x11,0x11,0x66,0x3f,0x61,0x11,0x11,0x11,0x11,0x11,0x11,0x11,0x11,
    0x11,0x11,0x11,0x11,0x11,0x11,0x11,0x11,0xb3,0x70,0x78,0x36,0x70,0x00,0x00,0x00,
    0x00,0x00,0x00,0x00,0x00,0x00,0x00,0x00,0x00,0x00,0x00,0x00,0x00,0x00,0x00,0x00,
    0x00,0x00,0x00,0x00,0x00,0x00,0x00,0x00,0x00,0x00,0x00,0x00,0x00,0x00,0x00,0x00,
    0x00,0x00,0x00,0x00,0x00,0x00,0x00,0x00,0x00,0x00,0x00,0x00,0x00,0x00,0x00,0x00,
    0x00,0x00,0x00,0x08,0x16,0x00,0x07,0x61,0x11,0x11,0x11,0x11,0x11,0x11,0x11,0x11,
    0x11,0x11,0x11,0x11,0x11,0x11,0x11,0x11,0x11,0x11,0x11,0x11,0x11,0x11,0x11,0x11,
    0x11,0x11,0x11,0x11,0x11,0x11,0x11,0x11,0x11,0x11,0x11,0x11,0x11,0x16,0xf5,0x61,
    0x11,0x11,0x11,0x11,0x11,0x11,0x11,0x11,0x11,0x11,0x11,0x11,0x11,0x11,0x11,0x11,
    0x16,0x70,0x00,0x61,0x80,0x00,0x00,0x00,0x00,0x00,0x00,0x00,0x00,0x00,0x00,0x00,
    0x00,0x00,0x00,0x00,0x00,0x00,0x00,0x00,0x00,0x00,0x00,0x00,0x00,0x00,0x00,0x00,
    0x00,0x00,0x00,0x00,0x00,0x00,0x00,0x00,0x00,0x00,0x00,0x00,0x00,0x00,0x00,0x00,
    0x00,0x00,0x00,0x00,0x00,0x00,0x00,0x00,0x00,0x00,0x08,0x63,0x88,0x07,0x3d,0x11,
    0x11,0x11,0x11,0x11,0x11,0x11,0x11,0x11,0x11,0x11,0x11,0x11,0x11,0x11,0x11,0x11,
    0x11,0x11,0x11,0x11,0x11,0x11,0x11,0x11,0x11,0x11,0x11,0x11,0x11,0x11,0x11,0x11,
    0x11,0x11,0x11,0x11,0x11,0x16,0xf5,0x61,0x11,0x11,0x11,0x11,0x11,0x11,0x11,0x11,
    0x11,0x11,0x11,0x11,0x11,0x11,0x11,0x11,0x11,0xd3,0x70,0x78,0x36,0x80,0x00,0x00,
    0x00,0x00,0x00,0x00,0x00,0x00,0x00,0x00,0x00,0x00,0x00,0x00,0x00,0x00,0x00,0x00,
    0x00,0x00,0x00,0x00,0x00,0x00,0x00,0x00,0x00,0x00,0x00,0x00,0x00,0x00,0x00,0x00,
    0x00,0x00,0x00,0x00,0x00,0x00,0x00,0x00,0x00,0x00,0x00,0x00,0x00,0x00,0x00,0x00,
    0x00,0x00,0x08,0x16,0x00,0x08,0x61,0x11,0x11,0x11,0x11,0x11,0x11,0x11,0x11,0x11,
    0x11,0x11,0x11,0x11,0x11,0x11,0x11,0x11,0x11,0x11,0x11,0x11,0x11,0x11,0x11,0x11,
    0x11,0x11,0x11,0x11,0x11,0x11,0x11,0x11,0x11,0x11,0x11,0x11,0x11,0x16,0xf5,0x61,
    0x11,0x11,0x11,0x11,0x11,0x11,0x11,0x11,0x11,0x11,0x11,0x11,0x11,0x11,0x11,0x11,
    0x11,0x11,0x80,0x00,0x61,0x80,0x00,0x00,0x00,0x00,0x00,0x00,0x00,0x00,0x00,0x00,
    0x00,0x00,0x00,0x00,0x00,0x00,0x00,0x00,0x00,0x00,0x00,0x00,0x00,0x00,0x00,0x00,
    0x00,0x00,0x00,0x00,0x00,0x00,0x00,0x00,0x00,0x00,0x00,0x00,0x00,0x00,0x00,0x00,
    0x00,0x00,0x00,0x00,0x00,0x00,0x00,0x00,0x00,0x00,0x08,0x16,0x07,0x3d,0x11,0x11,
    0x11,0x11,0x11,0x11,0x11,0x11,0x11,0x11,0x11,0x11,0x11,0x11,0x11,0x11,0x11,0x11,
    0x11,0x11,0x11,0x11,0x11,0x11,0x11,0x11,0x11,0x11,0x11,0x11,0x11,0x11,0x11,0x11,
    0x11,0x11,0x11,0x11,0x11,0x11,0x66,0xff,0x61,0x11,0x11,0x11,0x11,0x11,0x11,0x11,
    0x11,0x11,0x11,0x11,0x11,0x11,0x11,0x11,0x11,0x11,0xd3,0x70,0x61,0x80,0x00,0x00,
    0x00,0x00,0x00,0x00,0x00,0x00,0x00,0x00,0x00,0x00,0x00,0x00,0x00,0x00,0x00,0x00,
    0x00,0x00,0x00,0x00,0x00,0x00,0x00,0x00,0x00,0x00,0x00,0x00,0x00,0x00,0x00,0x00,
    0x00,0x00,0x00,0x00,0x00,0x00,0x00,0x00,0x00,0x00,0x00,0x00,0x00,0x00,0x00,0x00,
    0x00,0x00,0x08,0x16,0x08,0x11,0x11,0x11,0x11,0x11,0x11,0x11,0x11,0x11,0x11,0x11,
    0x11,0x11,0x11,0x11,0x11,0x11,0x11,0x11,0x11,0x11,0x11,0x11,0x11,0x11,0x11,0x11,
    0x11,0x11,0x11,0x11,0x11,0x11,0x11,0x11,0x11,0x11,0x11,0x11,0x11,0x11,0x16,0xff,
    0x61,0x11,0x11,0x11,0x11,0x11,0x11,0x11,0x11,0x11,0x11,0x11,0x11,0x11,0x11,0x11,
    0x11,0x11,0x11,0x80,0xd1,0x80,0x00,0x00,0x00,0x00,0x00,0x00,0x00,0x00,0x00,0x00,
    0x00,0x00,0x00,0x00,0x00,0x00,0x00,0x00,0x00,0x00,0x00,0x00,0x00,0x00,0x00,0x00,
    0x00,0x00,0x00,0x00,0x00,0x00,0x00,0x00,0x00,0x00,0x00,0x00,0x00,0x00,0x00,0x00,
    0x00,0x00,0x00,0x00,0x00,0x00,0x00,0x00,0x00,0x08,0xd3,0x87,0x08,0x11,0x11,0x11,
    0x11,0x11,0x11,0x11,0x11,0x11,0x11,0x11,0x11,0x11,0x11,0x11,0x11,0x11,0x11,0x11,
    0x11,0x11,0x11,0x11,0x11,0x11,0x11,0x11,0x11,0x11,0x11,0x11,0x11,0x11,0x11,0x11,
    0x11,0x11,0x11,0x11,0x11,0x11,0x11,0x66,0xff,0x61,0x11,0x11,0x11,0x11,0x11,0x11,
    0x11,0x11,0x11,0x11,0x11,0x11,0x11,0x11,0x11,0x11,0x11,0x70,0x78,0x36,0x80,0x00,
    0x00,0x00,0x00,0x00,0x00,0x00,0x00,0x00,0x00,0x00,0x00,0x00,0x00,0x00,0x00,0x00,
    0x00,0x00,0x00,0x00,0x00,0x00,0x00,0x00,0x00,0x00,0x00,0x00,0x00,0x00,0x00,0x00,
    0x00,0x00,0x00,0x00,0x00,0x00,0x00,0x00,0x00,0x00,0x00,0x00,0x00,0x00,0x00,0x00,
    0x00,0x08,0x16,0x00,0x08,0x11,0x11,0x11,0x11,0x11,0x11,0x11,0x11,0x11,0x11,0x11,
    0x11,0x11,0x11,0x11,0x11,0x11,0x11,0x11,0x11,0x11,0x11,0x11,0x11,0x11,0x11,0x11,
    0x11,0x11,0x11,0x11,0x11,0x11,0x11,0x11,0x11,0x11,0x11,0x11,0x11,0x11,0x11,0x11,
    0xf5,0x61,0x11,0x11,0x11,0x11,0x11,0x11,0x11,0x11,0x11,0x11,0x11,0x11,0x11,0x11,
    0x11,0x11,0x11,0x80,0x00,0x61,0x40,0x00,0x00,0x00,0x00,0x00,0x00,0x00,0x00,0x00,
    0x00,0x00,0x00,0x00,0x00,0x00,0x00,0x00,0x00,0x00,0x00,0x00,0x00,0x00,0x00,0x00,
    0x00,0x00,0x00,0x00,0x00,0x00,0x00,0x00,0x00,0x00,0x00,0x00,0x00,0x00,0x00,0x00,
    0x00,0x00,0x00,0x00,0x00,0x00,0x00,0x00,0x08,0x63,0x87,0x00,0x3b,0x11,0x11,0x11,
    0x11,0x11,0x11,0x11,0x11,0x11,0x11,0x11,0x11,0x11,0x11,0x11,0x11,0x11,0x11,0x11,
    0x11,0x11,0x11,0x11,0x11,0x11,0x11,0x11,0x11,0x11,0x11,0x11,0x11,0x11,0x11,0x11,
    0x11,0x11,0x11,0x11,0x11,0x11,0x11,0x11,0xf5,0x61,0x11,0x11,0x11,0x11,0x11,0x11,
    0x11,0x11,0x11,0x11,0x11,0x11,0x11,0x11,0x11,0x11,0x11,0xb3,0x70,0x78,0x36,0x80,
    0x00,0x00,0x00,0x00,0x00,0x00,0x00,0x00,0x00,0x00,0x00,0x00,0x00,0x00,0x00,0x00,
    0x00,0x00,0x00,0x00,0x00,0x00,0x00,0x00,0x00,0x00,0x00,0x00,0x00,0x00,0x00,0x00,
    0x00,0x00,0x00,0x00,0x00,0x00,0x00,0x00,0x00,0x00,0x00,0x00,0x00,0x00,0x00,0x00,
    0x08,0x16,0x00,0x07,0x11,0x11,0x11,0x11,0x11,0x11,0x11,0x11,0x11,0x11,0x11,0x11,
    0x11,0x11,0x11,0x11,0x11,0x11,0x11,0x11,0x11,0x11,0x11,0x11,0x11,0x11,0x11,0x11,
    0x11,0x11,0x11,0x11,0x11,0x11,0x11,0x11,0x11,0x11,0x11,0x11,0x11,0x11,0x11,0x11,
    0xf5,0x61,0x11,0x11,0x11,0x11,0x11,0x11,0x11,0x11,0x11,0x11,0x11,0x11,0x11,0x11,
    0x11,0x11,0x11,0x11,0x70,0x00,0x61,0x80,0x00,0x00,0x00,0x00,0x00,0x00,0x00,0x00,
    0x00,0x00,0x00,0x00,0x00,0x00,0x00,0x00,0x00,0x00,0x00,0x00,0x00,0x00,0x00,0x00,
    0x00,0x00,0x00,0x00,0x00,0x00,0x00,0x00,0x00,0x00,0x00,0x00,0x00,0x00,0x00,0x00,
    0x00,0x00,0x00,0x00,0x00,0x00,0x00,0x00,0x08,0x16,0x07,0xbd,0x11,0x11,0x11,0x11,
    0x11,0x11,0x11,0x11,0x11,0x11,0x11,0x11,0x11,0x11,0x16,0xff,0x11,0x11,0x11,0x11,
    0x11,0x11,0x11,0x11,0x11,0x11,0x11,0x11,0x11,0x11,0x11,0x11,0x11,0x11,0x11,0x11,
    0x11,0x11,0x11,0x11,0x11,0x11,0x11,0x11,0x66,0xff,0x61,0x11,0x11,0x11,0x11,0x11,
    0x11,0x11,0x11,0x11,0x11,0x11,0x11,0x11,0x11,0x11,0x11,0x11,0xdb,0x70,0x61,0x80,
    0x00,0x00,0x00,0x00,0x00,0x00,0x00,0x00,0x00,0x00,0x00,0x00,0x00,0x00,0x00,0x00,
    0x00,0x00,0x00,0x00,0x00,0x00,0x00,0x00,0x00,0x00,0x00,0x00,0x00,0x00,0x00,0x00,
    0x00,0x00,0x00,0x00,0x00,0x00,0x00,0x00,0x00,0x00,0x00,0x00,0x00,0x00,0x00,0x00,
    0x08,0x1d,0x08,0x11,0x11,0x11,0x11,0x11,0x11,0x11,0x11,0x11,0x11,0x11,0x11,0x11,
    0x11,0x11,0x16,0x5f,0x11,0x11,0x11,0x11,0x11,0x11,0x11,0x11,0x11,0x11,0x11,0x11,
    0x11,0x11,0x11,0x11,0x11,0x11,0x11,0x11,0x11,0x11,0x11,0x11,0x11,0x11,0x11,0x11,
    0x16,0xf5,0x61,0x11,0x11,0x11,0x11,0x11,0x11,0x11,0x11,0x11,0x11,0x11,0x11,0x11,
    0x11,0x11,0x11,0x11,0x11,0x80,0xd1,0x80,0x00,0x00,0x00,0x00,0x00,0x00,0x00,0x00,
    0x00,0x00,0x00,0x00,0x00,0x00,0x00,0x00,0x00,0x00,0x00,0x00,0x00,0x00,0x00,0x00,
    0x00,0x00,0x00,0x00,0x00,0x00,0x00,0x00,0x00,0x00,0x00,0x00,0x00,0x00,0x00,0x00,
    0x00,0x00,0x00,0x00,0x00,0x00,0x00,0x07,0x63,0x87,0x08,0x61,0x11,0x11,0x11,0x11,
    0x11,0x11,0x11,0x11,0x11,0x11,0x11,0x11,0x11,0x16,0xff,0x66,0x11,0x11,0x11,0x11,
    0x11,0x11,0x11,0x11,0x11,0x11,0x11,0x11,0x11,0x11,0x11,0x11,0x11,0x11,0x11,0x11,
    0x11,0x11,0x11,0x11,0x11,0x11,0x11,0x11,0x16,0xff,0x61,0x11,0x11,0x11,0x11,0x11,
    0x11,0x11,0x11,0x11,0x11,0x11,0x11,0x11,0x11,0x11,0x11,0x11,0x11,0x80,0x78,0x36,
    0x80,0x00,0x00,0x00,0x00,0x00,0x00,0x00,0x00,0x00,0x00,0x00,0x00,0x00,0x00,0x00,
    0x00,0x00,0x00,0x00,0x00,0x00,0x00,0x00,0x00,0x00,0x00,0x00,0x00,0x00,0x00,0x00,
    0x00,0x00,0x00,0x00,0x00,0x00,0x00,0x00,0x00,0x00,0x00,0x00,0x00,0x00,0x00,0x08,
    0x1d,0x00,0x08,0x61,0x11,0x11,0x11,0x11,0x11,0x11,0x11,0x11,0x11,0x11,0x11,0x11,
    0x11,0x16,0xff,0x11,0x11,0x11,0x11,0x11,0x11,0x11,0x11,0x11,0x11,0x11,0x11,0x11,
    0x11,0x11,0x11,0x11,0x11,0x11,0x11,0x11,0x11,0x11,0x11,0x11,0x11,0x11,0x11,0x11,
    0x16,0xff,0x61,0x11,0x11,0x11,0x11,0x11,0x11,0x11,0x11,0x11,0x11,0x11,0x11,0x11,
    0x11,0x11,0x11,0x11,0x11,0x80,0x00,0xd1,0x80,0x00,0x00,0x00,0x00,0x00,0x00,0x00,
    0x00,0x00,0x00,0x00,0x00,0x00,0x00,0x00,0x00,0x00,0x00,0x00,0x00,0x00,0x00,0x00,
    0x00,0x00,0x00,0x00,0x00,0x00,0x00,0x00,0x00,0x00,0x00,0x00,0x00,0x00,0x00,0x00,
    0x00,0x00,0x00,0x00,0x00,0x00,0x08,0xd6,0x1d,0x07,0x3b,0x11,0x11,0x11,0x11,0x11,
    0x11,0x11,0x11,0x11,0x11,0x11,0x11,0x11,0x11,0x16,0xff,0x61,0x11,0x11,0x11,0x11,
    0x11,0x11,0x11,0x11,0x11,0x11,0x11,0x11,0x11,0x11,0x11,0x11,0x11,0x11,0x11,0x11,
    0x11,0x11,0x11,0x11,0x11,0x11,0x11,0x11,0x16,0xff,0x61,0x11,0x11,0x11,0x11,0x11,
    0x11,0x11,0x11,0x11,0x11,0x11,0x11,0x11,0x11,0x11,0x11,0x11,0x11,0xb3,0x70,0xd1,
    0x6d,0x80,0x00,0x00,0x00,0x00,0x00,0x00,0x00,0x00,0x00,0x00,0x00,0x00,0x00,0x00,
    0x00,0x00,0x00,0x00,0x00,0x00,0x00,0x00,0x00,0x00,0x00,0x00,0x00,0x00,0x00,0x00,
    0x00,0x00,0x00,0x00,0x00,0x00,0x00,0x00,0x00,0x00,0x00,0x00,0x00,0x00,0x08,0x11,
    0x1b,0x07,0x61,0x11,0x11,0x11,0x11,0x11,0x11,0x11,0x11,0x11,0x11,0x11,0x11,0x11,
    0x11,0x16,0xff,0x61,0x11,0x11,0x11,0x11,0x11,0x11,0x11,0x11,0x11,0x11,0x11,0x11,
    0x11,0x11,0x11,0x11,0x11,0x11,0x11,0x11,0x11,0x11,0x11,0x11,0x11,0x11,0x11,0x11,
    0x16,0xff,0x61,0x11,0x11,0x11,0x11,0x11,0x11,0x11,0x11,0x11,0x11,0x11,0x11,0x11,
    0x11,0x11,0x11,0x11,0x11,0x16,0x80,0xb1,0x11,0x80,0x00,0x00,0x00,0x00,0x00,0x00,
    0x00,0x00,0x00,0x00,0x00,0x00,0x00,0x00,0x00,0x00,0x00,0x00,0x00,0x00,0x00,0x00,
    0x00,0x00,0x00,0x00,0x00,0x00,0x00,0x00,0x00,0x00,0x00,0x00,0x00,0x00,0x00,0x00,
    0x00,0x00,0x00,0x00,0x00,0x00,0x08,0x16,0x77,0x07,0x61,0x11,0x11,0x11,0x11,0x11,
    0x11,0x11,0x11,0x11,0x11,0x11,0x11,0x11,0x16,0xff,0x66,0x11,0x11,0x11,0x11,0x11,
    0x11,0x11,0x11,0x11,0x11,0x11,0x11,0x11,0x11,0x11,0x11,0x11,0x11,0x11,0x11,0x11,
    0x11,0x11,0x11,0x11,0x11,0x11,0x11,0x11,0x11,0xff,0x61,0x11,0x11,0x11,0x11,0x11,
    0x11,0xff,0x61,0x11,0x11,0x11,0x11,0x11,0x11,0x11,0x11,0x11,0x11,0x16,0x80,0x77,
    0x61,0x80,0x00,0x00,0x00,0x00,0x00,0x00,0x00,0x00,0x00,0x00,0x00,0x00,0x00,0x00,
    0x00,0x00,0x00,0x00,0x00,0x00,0x00,0x00,0x00,0x00,0x00,0x00,0x00,0x00,0x00,0x00,
    0x00,0x00,0x00,0x00,0x00,0x00,0x00,0x00,0x00,0x00,0x00,0x00,0x00,0x00,0x08,0x16,
    0x00,0x07,0x61,0x11,0x11,0x11,0x11,0x11,0x11,0x11,0x11,0x11,0x11,0x11,0x11,0x11,
    0x16,0x5f,0x61,0x11,0x11,0x11,0x11,0x11,0x11,0x11,0x11,0x11,0x11,0x11,0x11,0x11,
    0x11,0x11,0x11,0x11,0x11,0x11,0x11,0x11,0x11,0x11,0x11,0x11,0x11,0x11,0x11,0x11,
    0x11,0xff,0x61,0x11,0x11,0x11,0x11,0x11,0x11,0xf5,0x61,0x11,0x11,0x11,0x11,0x11,
    0x11,0x11,0x11,0x11,0x11,0x16,0x80,0x00,0x61,0x80,0x00,0x00,0x00,0x00,0x00,0x00,
    0x00,0x00,0x00,0x00,0x00,0x00,0x00,0x00,0x00,0x00,0x00,0x00,0x00,0x00,0x00,0x00,
    0x00,0x00,0x00,0x00,0x00,0x00,0x00,0x00,0x00,0x00,0x00,0x00,0x00,0x00,0x00,0x00,
    0x00,0x00,0x00,0x00,0x00,0x08,0x63,0x87,0x07,0xdd,0x11,0x11,0x11,0x11,0x11,0x11,
    0x11,0x11,0x11,0x11,0x11,0x11,0x11,0x16,0xff,0x66,0x11,0x11,0x11,0x11,0x11,0x11,
    0x11,0x11,0x11,0x11,0x11,0x11,0x11,0x11,0x11,0x11,0x11,0x11,0x11,0x11,0x11,0x11,
    0x11,0x11,0x11,0x11,0x11,0x11,0x11,0x11,0x11,0x66,0xff,0x61,0x11,0x11,0x11,0x11,
    0x11,0x66,0xff,0x61,0x11,0x11,0x11,0x11,0x11,0x11,0x11,0x11,0x11,0x11,0xdd,0x70,
    0x78,0x36,0x80,0x00,0x00,0x00,0x00,0x00,0x00,0x00,0x00,0x00,0x00,0x00,0x00,0x00,
    0x00,0x00,0x00,0x00,0x00,0x00,0x00,0x00,0x00,0x00,0x00,0x00,0x00,0x00,0x00,0x00,
    0x00,0x00,0x00,0x00,0x00,0x00,0x00,0x00,0x00,0x00,0x00,0x00,0x00,0x08,0x16,0x00,
    0x08,0x11,0x11,0x11,0x11,0x11,0x11,0x11,0x11,0x11,0x11,0x11,0x11,0x11,0x11,0x16,
    0x5f,0x11,0x11,0x11,0x11,0x11,0x11,0x11,0x11,0x11,0x11,0x11,0x11,0x11,0x11,0x11,
    0x11,0x11,0x11,0x11,0x11,0x11,0x11,0x11,0x11,0x11,0x11,0x11,0x11,0x11,0x11,0x11,
    0x11,0x16,0xf5,0x61,0x11,0x11,0x11,0x11,0x11,0x16,0xf5,0x61,0x11,0x11,0x11,0x11,
    0x11,0x11,0x11,0x11,0x11,0x11,0x11,0x80,0x00,0xd1,0x80,0x00,0x00,0x00,0x00,0x00,
    0x00,0x00,0x00,0x00,0x00,0x00,0x00,0x00,0x00,0x00,0x00,0x00,0x00,0x00,0x00,0x00,
    0x00,0x00,0x00,0x00,0x00,0x00,0x00,0x00,0x00,0x00,0x00,0x00,0x00,0x00,0x00,0x00,
    0x00,0x00,0x00,0x00,0x00,0x08,0x1d,0x00,0x08,0x11,0x11,0x11,0x11,0x11,0x11,0x11,
    0x11,0x11,0x11,0x11,0x11,0x11,0x11,0x16,0x5f,0x61,0x11,0x11,0x11,0x11,0x11,0x11,
    0x11,0x11,0x11,0x11,0x11,0x11,0x11,0x11,0x11,0x11,0x11,0x11,0x11,0x11,0x11,0x11,
    0x11,0x11,0x11,0x11,0x11,0x11,0x11,0x11,0x11,0x16,0xf5,0x61,0x11,0x11,0x11,0x11,
    0x11,0x16,0xf5,0x61,0x11,0x11,0x11,0x11,0x11,0x11,0x11,0x11,0x11,0x11,0x11,0x80,
    0x00,0xd1,0x80,0x00,0x00,0x00,0x00,0x00,0x00,0x00,0x00,0x00,0x00,0x00,0x00,0x00,
    0x00,0x00,0x00,0x00,0x00,0x00,0x00,0x00,0x00,0x00,0x00,0x00,0x00,0x00,0x00,0x00,
    0x00,0x00,0x00,0x00,0x00,0x00,0x00,0x00,0x00,0x00,0x00,0x00,0x00,0x08,0x1d,0x00,
    0x08,0x11,0x11,0x11,0x11,0x11,0x11,0x11,0x11,0x11,0x11,0x11,0x11,0x11,0x11,0x16,
    0xff,0x61,0x11,0x11,0x11,0x11,0x11,0x11,0x11,0x11,0x11,0x11,0x11,0x11,0x11,0x11,
    0x11,0x11,0x11,0x11,0x11,0x11,0x11,0x11,0x11,0x11,0x11,0x11,0x11,0x11,0x11,0x11,
    0x11,0x16,0xf5,0x61,0x11,0x11,0x11,0x11,0x11,0x16,0xff,0x61,0x11,0x11,0x11,0x11,
    0x11,0x11,0x11,0x11,0x11,0x11,0x11,0x80,0x00,0xd1,0x80,0x00,0x00,0x00,0x00,0x00,
    0x00,0x00,0x00,0x00,0x00,0x00,0x00,0x00,0x00,0x00,0x00,0x00,0x00,0x00,0x00,0x00,
    0x00,0x00,0x00,0x00,0x00,0x00,0x00,0x00,0x00,0x00,0x00,0x00,0x00,0x00,0x00,0x00,
    0x00,0x00,0x00,0x00,0x00,0x08,0x16,0x07,0xbd,0x11,0x11,0x11,0x11,0x11,0x11,0x11,
    0x11,0x11,0x11,0x11,0x11,0x11,0x16,0xff,0x66,0x11,0x11,0x11,0x11,0x11,0x11,0x11,
    0x11,0x11,0x11,0x11,0x11,0x11,0x11,0x11,0x11,0x11,0x11,0x11,0x11,0x11,0x11,0x11,
    0x11,0x11,0x11,0x11,0x11,0x11,0x11,0x11,0x11,0x16,0xf5,0x61,0x11,0x11,0x11,0x11,
    0x11,0x11,0x66,0xff,0x61,0x11,0x11,0x11,0x11,0x11,0x11,0x11,0x11,0x11,0x11,0xdb,
    0x70,0xd1,0x80,0x00,0x00,0x00,0x00,0x00,0x00,0x00,0x00,0x00,0x00,0x00,0x00,0x00,
    0x00,0x00,0x00,0x00,0x00,0x00,0x00,0x00,0x00,0x00,0x00,0x00,0x00,0x00,0x00,0x00,
    0x00,0x00,0x00,0x00,0x00,0x00,0x00,0x00,0x00,0x00,0x00,0x00,0x00,0x08,0x1d,0x07,
    0x11,0x11,0x11,0x11,0x11,0x11,0x11,0x11,0x11,0x11,0x11,0x11,0x11,0x11,0x16,0x5f,
    0x11,0x11,0x11,0x11,0x11,0x11,0x11,0x11,0x11,0x11,0x11,0x11,0x11,0x11,0x11,0x11,
    0x11,0x11,0x11,0x11,0x11,0x11,0x11,0x11,0x11,0x11,0x11,0x11,0x11,0x11,0x11,0x11,
    0x11,0x16,0xf5,0x61,0x11,0x11,0x11,0x11,0x11,0x11,0x11,0xf5,0x61,0x11,0x11,0x11,
    0x11,0x11,0x11,0x11,0x11,0x11,0x11,0x11,0x70,0xb1,0x80,0x00,0x00,0x00,0x00,0x00,
    0x00,0x00,0x00,0x00,0x00,0x00,0x00,0x00,0x00,0x00,0x00,0x00,0x00,0x00,0x00,0x00,
    0x00,0x00,0x00,0x00,0x00,0x00,0x00,0x00,0x00,0x00,0x00,0x00,0x00,0x00,0x00,0x00,
    0x00,0x00,0x00,0x00,0x08,0x63,0x87,0x07,0x11,0x11,0x11,0x11,0x11,0x11,0x11,0x11,
    0x11,0x11,0x11,0x11,0x11,0x16,0xff,0x5f,0x11,0x11,0x11,0x11,0x11,0x11,0x11,0x11,
    0x11,0x11,0x11,0x11,0x11,0x11,0x11,0x11,0x11,0x11,0x11,0x11,0x11,0x11,0x11,0x11,
    0x11,0x11,0x11,0x11,0x11,0x11,0x11,0x11,0x11,0x16,0xf5,0x61,0x11,0x11,0x11,0x11,
    0x11,0x11,0x11,0xf5,0x61,0x11,0x11,0x11,0x11,0x11,0x11,0x11,0x11,0x11,0x11,0x11,
    0x70,0x77,0x36,0x80,0x00,0x00,0x00,0x00,0x00,0x00,0x00,0x00,0x00,0x00,0x00,0x00,
    0x00,0x00,0x00,0x00,0x00,0x00,0x00,0x00,0x00,0x00,0x00,0x00,0x00,0x00,0x00,0x00,
    0x00,0x00,0x00,0x00,0x00,0x00,0x00,0x00,0x00,0x00,0x00,0x00,0x08,0x16,0x00,0x07,
    0x11,0x11,0x11,0x11,0x11,0x11,0x11,0x11,0x11,0x11,0x11,0x11,0x11,0x16,0x55,0x5f,
    0x11,0x11,0x11,0x11,0x11,0x11,0x11,0x11,0x11,0x11,0x11,0x11,0x11,0x11,0x11,0x11,
    0x11,0x11,0x11,0x11,0x11,0x11,0x11,0x11,0x11,0x11,0x11,0x11,0x11,0x11,0x11,0x11,
    0x11,0x16,0xf5,0x61,0x11,0x11,0x11,0x11,0x11,0x11,0x11,0xf5,0x61,0x11,0x11,0x11,
    0x11,0x11,0x11,0x11,0x11,0x11,0x11,0x11,0x70,0x00,0xd1,0x80,0x00,0x00,0x00,0x00,
    0x00,0x00,0x00,0x00,0x00,0x00,0x00,0x00,0x00,0x00,0x00,0x00,0x00,0x00,0x00,0x00,
    0x00,0x00,0x00,0x00,0x00,0x00,0x00,0x00,0x00,0x00,0x00,0x00,0x00,0x00,0x00,0x00,
    0x00,0x00,0x00,0x00,0x08,0x1d,0x00,0x07,0x11,0x11,0x11,0x11,0x11,0x11,0x11,0x11,
    0x11,0x11,0x11,0x11,0x11,0x16,0x5f,0x66,0x11,0x11,0x11,0x11,0x11,0x11,0x11,0x11,
    0x11,0x11,0x11,0x11,0x11,0x11,0x11,0x11,0x11,0x11,0x11,0x11,0x11,0x11,0x11,0x11,
    0x11,0x11,0x11,0x11,0x11,0x11,0x11,0x11,0x11,0x16,0xf5,0x61,0x11,0x11,0x11,0x11,
    0x11,0x11,0x11,0xf5,0xff,0x61,0x11,0x11,0x11,0x11,0x11,0x11,0x11,0x11,0x11,0x11,
    0x70,0x00,0xb1,0x80,0x00,0x00,0x00,0x00,0x00,0x00,0x00,0x00,0x00,0x00,0x00,0x00,
    0x00,0x00,0x00,0x00,0x00,0x00,0x00,0x00,0x00,0x00,0x00,0x00,0x00,0x00,0x00,0x00,
    0x00,0x00,0x00,0x00,0x00,0x00,0x00,0x00,0x00,0x00,0x00,0x00,0x08,0x16,0x00,0x08,
    0x11,0x11,0x11,0x11,0x11,0x11,0x11,0x11,0x11,0x11,0x11,0x11,0x11,0x16,0x5f,0x11,
    0x11,0x11,0x11,0x11,0x11,0x11,0x11,0x11,0x11,0x11,0x11,0x11,0x11,0x11,0x11,0x11,
    0x11,0x11,0x11,0x11,0x11,0x11,0x11,0x11,0x11,0x11,0x11,0x11,0x11,0x11,0x11,0x11,
    0x11,0x16,0xf5,0x61,0x11,0x11,0x11,0x11,0x11,0x11,0x11,0xf5,0x55,0x61,0x11,0x11,
    0x11,0x11,0x11,0x11,0x11,0x11,0x11,0x11,0x80,0x00,0xd1,0x80,0x00,0x00,0x00,0x00,
    0x00,0x00,0x00,0x00,0x00,0x00,0x00,0x00,0x00,0x00,0x00,0x00,0x00,0x00,0x00,0x00,
    0x00,0x00,0x00,0x00,0x00,0x00,0x00,0x00,0x00,0x00,0x00,0x00,0x00,0x00,0x00,0x00,
    0x00,0x00,0x00,0x00,0x08,0x16,0x07,0x3d,0x11,0x11,0x11,0x11,0x11,0x11,0x11,0x11,
    0x11,0x11,0x11,0x11,0x16,0xff,0x5f,0x61,0x11,0x11,0x11,0x11,0x11,0x11,0x11,0x11,
    0x11,0x11,0x11,0x11,0x11,0x11,0x11,0x11,0x11,0x11,0x11,0x11,0x11,0x11,0x11,0x11,
    0x11,0x11,0x11,0x11,0x11,0x11,0x11,0x11,0x11,0x16,0xff,0x61,0x11,0x11,0x11,0x11,
    0x11,0x11,0x11,0x66,0xf5,0x61,0x11,0x11,0x11,0x11,0x11,0x11,0x11,0x11,0x11,0x11,
    0xdb,0x70,0xd1,0x80,0x00,0x00,0x00,0x00,0x00,0x00,0x00,0x00,0x00,0x00,0x00,0x00,
    0x00,0x00,0x00,0x00,0x00,0x00,0x00,0x00,0x00,0x00,0x00,0x00,0x00,0x00,0x00,0x00,
    0x00,0x00,0x00,0x00,0x00,0x00,0x00,0x00,0x00,0x00,0x00,0x00,0x04,0x1d,0x08,0x11,
    0x11,0x11,0x11,0x11,0x11,0x11,0x11,0x11,0x11,0x11,0x11,0x11,0x16,0x55,0x5f,0x61,
    0x11,0x11,0x11,0x11,0x11,0x11,0x11,0x11,0x11,0x11,0x11,0x11,0x11,0x11,0x11,0x11,
    0x11,0x11,0x11,0x11,0x11,0x11,0x11,0x11,0x11,0x11,0x11,0x11,0x11,0x11,0x11,0x11,
    0x11,0x16,0xff,0x61,0x11,0x11,0x11,0x11,0x11,0x11,0x11,0x11,0xf5,0x61,0x11,0x11,
    0x11,0x11,0x11,0x11,0x11,0x11,0x11,0x11,0x11,0x80,0x31,0x80,0x00,0x00,0x00,0x00,
    0x00,0x00,0x00,0x00,0x00,0x00,0x00,0x00,0x00,0x00,0x00,0x00,0x00,0x00,0x00,0x00,
    0x00,0x00,0x00,0x00,0x00,0x00,0x00,0x00,0x00,0x00,0x00,0x00,0x00,0x00,0x00,0x00,
    0x00,0x00,0x00,0x08,0x63,0x87,0x08,0x61,0x11,0x11,0x11,0x11,0x11,0x11,0x11,0x11,
    0x11,0x11,0x11,0x11,0x16,0xff,0x66,0x11,0x11,0x11,0x11,0x11,0x11,0x11,0x11,0x11,
    0x11,0x11,0x11,0x11,0x11,0x11,0x11,0x11,0x11,0x11,0x11,0x11,0x11,0x11,0x11,0x11,
    0x11,0x11,0x11,0x11,0x11,0x11,0x11,0x11,0x11,0x16,0xf5,0xff,0x61,0x11,0x11,0x11,
    0x11,0x11,0x11,0x11,0xf5,0x61,0x11,0x11,0x11,0x11,0x11,0x11,0x11,0x11,0x11,0x11,
    0x16,0x80,0x77,0x36,0x80,0x00,0x00,0x00,0x00,0x00,0x00,0x00,0x00,0x00,0x00,0x00,
    0x00,0x00,0x00,0x00,0x00,0x00,0x00,0x00,0x00,0x00,0x00,0x00,0x00,0x00,0x00,0x00,
    0x00,0x00,0x00,0x00,0x00,0x00,0x00,0x00,0x00,0x00,0x00,0x08,0x16,0x00,0x08,0x61,
    0x11,0x11,0x11,0x11,0x11,0x11,0x11,0x11,0x11,0x11,0x11,0x11,0x16,0xff,0x61,0x11,
    0x11,0x11,0x11,0x11,0x11,0x11,0x11,0x11,0x11,0x11,0x11,0x11,0x11,0x11,0x11,0x11,
    0x11,0x11,0x11,0x11,0x11,0x11,0x11,0x11,0x11,0x11,0x11,0x11,0x11,0x11,0x11,0x11,
    0x11,0x16,0xf5,0xff,0x61,0x11,0x11,0x11,0x11,0x11,0x11,0x11,0xff,0x61,0x11,0x11,
    0x11,0x11,0x11,0x11,0x11,0x11,0x11,0x11,0x16,0x80,0x00,0xd1,0x40,0x00,0x00,0x00,
    0x00,0x00,0x00,0x00,0x00,0x00,0x00,0x00,0x00,0x00,0x00,0x00,0x00,0x00,0x00,0x00,
    0x00,0x00,0x00,0x00,0x00,0x00,0x00,0x00,0x00,0x00,0x00,0x00,0x00,0x00,0x00,0x00,
    0x00,0x00,0x00,0x08,0x16,0x00,0x08,0x61,0x11,0x11,0x16,0xff,0x11,0x11,0x11,0x11,
    0x11,0x11,0x11,0x16,0xff,0xff,0x61,0x11,0x11,0x11,0x11,0x11,0x11,0x11,0x11,0x11,
    0x11,0x11,0x11,0x11,0x11,0x11,0x11,0x11,0x11,0x11,0x11,0x11,0x11,0x11,0x11,0x11,
    0x11,0x11,0x11,0x11,0x11,0x11,0x11,0x11,0x11,0x16,0xf5,0xff,0x61,0x11,0x11,0x11,
    0x11,0x11,0x11,0x11,0xf5,0xff,0x61,0x11,0x11,0x11,0x11,0x11,0x11,0x11,0x11,0x11,
    0x16,0x80,0x00,0xd1,0x40,0x00,0x00,0x00,0x00,0x00,0x00,0x00,0x00,0x00,0x00,0x00,
    0x00,0x00,0x00,0x00,0x00,0x00,0x00,0x00,0x00,0x00,0x00,0x00,0x00,0x00,0x00,0x00,
    0x00,0x00,0x00,0x00,0x00,0x00,0x00,0x00,0x00,0x00,0x00,0x08,0x16,0x00,0x08,0x61,
    0x11,0x11,0x16,0x5f,0x11,0x11,0x11,0x11,0x11,0x11,0x11,0x16,0x5f,0xff,0x61,0x11,
    0x11,0x11,0x11,0x11,0x11,0x11,0x11,0x11,0x11,0x11,0x11,0x11,0x11,0x11,0x11,0x11,
    0x11,0x11,0x11,0x11,0x11,0x11,0x11,0x11,0x11,0x11,0x11,0x11,0x11,0x11,0x11,0x11,
    0x11,0x16,0xf5,0xff,0x61,0x11,0x11,0x11,0x11,0x11,0x11,0x11,0xf5,0x55,0x61,0x11,
    0x11,0x11,0x11,0x11,0x11,0x11,0x11,0x11,0x16,0x80,0x00,0xd1,0x40,0x00,0x00,0x00,
    0x00,0x00,0x00,0x00,0x00,0x00,0x00,0x00,0x00,0x00,0x00,0x00,0x00,0x00,0x00,0x00,
    0x00,0x00,0x00,0x00,0x00,0x00,0x00,0x00,0x00,0x00,0x00,0x00,0x00,0x00,0x00,0x00,
    0x00,0x00,0x00,0x08,0x16,0x07,0x5f,0x11,0x11,0x11,0x16,0x5f,0x11,0x11,0x11,0x11,
    0x11,0x11,0x11,0x16,0x78,0x66,0x11,0x11,0x11,0x11,0x11,0x11,0x11,0x11,0x11,0x11,
    0x11,0x11,0x11,0x11,0x11,0x11,0x11,0x11,0x11,0x11,0x11,0x11,0x11,0x11,0x11,0x11,
    0x11,0x11,0x11,0x11,0x11,0x11,0x11,0x11,0x11,0x16,0x87,0x5f,0x61,0x11,0x11,0x11,
    0x11,0x11,0x11,0x11,0x66,0x87,0xd1,0x11,0x11,0x11,0x11,0x11,0x11,0x11,0x11,0x11,
    0x16,0xf5,0x00,0xd1,0x40,0x00,0x00,0x00,0x00,0x00,0x00,0x00,0x00,0x00,0x00,0x00,
    0x00,0x00,0x00,0x00,0x00,0x00,0x00,0x00,0x00,0x00,0x00,0x00,0x00,0x00,0x00,0x00,
    0x00,0x00,0x00,0x00,0x00,0x00,0x00,0x00,0x00,0x00,0x00,0x08,0x1d,0x07,0xf3,0x61,
    0x11,0x11,0x16,0xff,0x11,0x11,0x11,0x11,0x11,0x11,0x11,0x1d,0x07,0x61,0x11,0x11,
    0x11,0x11,0x11,0x11,0x11,0x11,0x11,0x11,0x11,0x11,0x11,0x11,0x11,0x11,0x11,0x11,
    0x11,0x11,0x11,0x11,0x11,0x11,0x11,0x11,0x11,0x11,0x11,0x11,0x11,0x11,0x11,0x11,
    0x11,0x16,0x70,0x55,0x61,0x11,0x11,0x11,0x11,0x11,0x11,0x11,0x11,0x80,0xd1,0x11,
    0x11,0x11,0x11,0x11,0x11,0x11,0x11,0x11,0x16,0xff,0x70,0xb1,0x40,0x00,0x00,0x00,
    0x00,0x00,0x00,0x00,0x00,0x00,0x00,0x00,0x00,0x00,0x00,0x00,0x00,0x00,0x00,0x00,
    0x00,0x00,0x00,0x00,0x00,0x00,0x00,0x00,0x00,0x00,0x00,0x00,0x00,0x00,0x00,0x00,
    0x00,0x00,0x08,0x63,0x77,0x08,0x66,0x11,0x11,0x16,0xff,0x66,0x11,0x11,0x11,0x11,
    0x11,0x11,0x11,0x1d,0x07,0x61,0x11,0x11,0x11,0x11,0x11,0x11,0x11,0x11,0x11,0x11,
    0x11,0x11,0x11,0x11,0x11,0x11,0x11,0x11,0x11,0x11,0x11,0x11,0x11,0x11,0x11,0x11,
    0x11,0x11,0x11,0x11,0x11,0x11,0x11,0x11,0x11,0x16,0x70,0x77,0x61,0x11,0x11,0x11,
    0x11,0x11,0x11,0x11,0x16,0x80,0xd1,0x11,0x11,0x11,0x11,0x11,0x11,0x11,0x11,0x11,
    0x11,0x66,0x80,0x78,0x36,0x80,0x00,0x00,0x00,0x00,0x00,0x00,0x00,0x00,0x00,0x00,
    0x00,0x00,0x00,0x00,0x00,0x00,0x00,0x00,0x00,0x00,0x00,0x00,0x00,0x00,0x00,0x00,
    0x00,0x00,0x00,0x00,0x00,0x00,0x00,0x00,0x00,0x00,0x08,0x16,0x00,0x08,0x61,0x11,
    0x11,0x16,0x5f,0x11,0x11,0x11,0x11,0x11,0x11,0x11,0x11,0x1d,0x08,0x61,0x11,0x11,
    0x11,0x11,0x11,0x11,0x11,0x11,0x11,0x11,0x11,0x11,0x11,0x11,0x11,0x11,0x11,0x11,
    0x11,0x11,0x11,0x11,0x11,0x11,0x11,0x11,0x11,0x11,0x11,0x11,0x11,0x11,0x11,0x11,
    0x11,0x16,0x70,0x00,0x61,0x11,0x11,0x11,0x11,0x11,0x11,0x11,0x16,0x80,0xd1,0x11,
    0x11,0x11,0x11,0x11,0x11,0x11,0x11,0x11,0x11,0x16,0x80,0x00,0xb1,0x40,0x00,0x00,
    0x00,0x00,0x00,0x00,0x00,0x00,0x00,0x00,0x00,0x00,0x00,0x00,0x00,0x00,0x00,0x00,
    0x00,0x00,0x00,0x00,0x00,0x00,0x00,0x00,0x00,0x00,0x00,0x00,0x00,0x00,0x00,0x00,
    0x00,0x00,0x08,0x1d,0x00,0x08,0x61,0x11,0x11,0x16,0x5f,0x61,0x11,0x11,0x11,0x11,
    0x11,0x11,0x16,0x32,0x2f,0x11,0x11,0x11,0x11,0x11,0x11,0x11,0x11,0x11,0x11,0x11,
    0x11,0x11,0x11,0x11,0x11,0x11,0x11,0x11,0x11,0x11,0x11,0x11,0x11,0x11,0x11,0x11,
    0x11,0x11,0x11,0x11,0x11,0x11,0x11,0x11,0x11,0x16,0x70,0x00,0x23,0x61,0x11,0x11,
    0x11,0x11,0x11,0x11,0x16,0x80,0xd1,0x11,0x11,0x11,0x11,0x11,0x11,0x11,0x11,0x11,
    0x11,0x16,0x80,0x00,0xb1,0x40,0x00,0x00,0x00,0x00,0x00,0x00,0x00,0x00,0x00,0x00,
    0x00,0x00,0x00,0x00,0x00,0x00,0x00,0x00,0x00,0x00,0x00,0x00,0x00,0x00,0x00,0x00,
    0x00,0x00,0x00,0x00,0x00,0x00,0x00,0x00,0x00,0x00,0x08,0x16,0x00,0x08,0x61,0x11,
    0x11,0x16,0x5f,0x61,0x11,0x11,0x11,0x11,0x11,0x11,0x16,0xf2,0xcc,0x11,0x11,0x11,
    0x11,0x11,0x11,0x11,0x11,0x11,0x11,0x11,0x11,0x11,0x11,0x11,0x11,0x11,0x11,0x11,
    0x11,0x11,0x11,0x11,0x11,0x11,0x11,0x11,0x11,0x11,0x11,0x11,0x11,0x11,0x11,0x11,
    0x11,0x16,0x70,0x00,0x22,0x61,0x11,0x11,0x11,0x11,0x11,0x11,0x16,0x87,0xd1,0x11,
    0x11,0x11,0x11,0x11,0x11,0x11,0x11,0x11,0x11,0x16,0x80,0x00,0xd1,0x40,0x00,0x00,
    0x00,0x00,0x00,0x00,0x00,0x00,0x00,0x00,0x00,0x00,0x00,0x00,0x00,0x00,0x00,0x00,
    0x00,0x00,0x00,0x00,0x00,0x00,0x00,0x00,0x00,0x00,0x00,0x00,0x00,0x00,0x00,0x00,
    0x00,0x00,0x08,0x16,0x00,0x08,0x61,0x11,0x11,0x16,0x5f,0x61,0x11,0x11,0x11,0x11,
    0x11,0x11,0x1d,0x78,0xcc,0x11,0x11,0x11,0x11,0x11,0x11,0x11,0x11,0x11,0x11,0x11,
    0x11,0x11,0x11,0x11,0x11,0x11,0x11,0x11,0x11,0x11,0x11,0x11,0x11,0x11,0x11,0x11,
    0x11,0x11,0x11,0x11,0x11,0x11,0x11,0x11,0x11,0x16,0x70,0x00,0x78,0x61,0x11,0x11,
    0x11,0x11,0x11,0x11,0x11,0x22,0xc3,0x61,0x11,0x11,0x11,0x11,0x11,0x11,0x11,0x11,
    0x11,0x16,0x80,0x00,0xd1,0x40,0x00,0x00,0x00,0x00,0x00,0x00,0x00,0x00,0x00,0x00,
    0x00,0x00,0x00,0x00,0x00,0x00,0x00,0x00,0x00,0x00,0x00,0x00,0x00,0x00,0x00,0x00,
    0x00,0x00,0x00,0x00,0x00,0x00,0x00,0x00,0x00,0x00,0x08,0x16,0x00,0x08,0x61,0x11,
    0x11,0x16,0xff,0x11,0x11,0x11,0x11,0x11,0x11,0x11,0x1d,0x07,0xcc,0x11,0x11,0x11,
    0x11,0x11,0x11,0x11,0x11,0x11,0x11,0x11,0x11,0x11,0x11,0x11,0x11,0x11,0x11,0x11,
    0x11,0x11,0x11,0x11,0x11,0x11,0x11,0x11,0x11,0x11,0x11,0x11,0x11,0x11,0x11,0x11,
    0x11,0x16,0x70,0x00,0x00,0xd1,0x11,0x11,0x11,0x11,0x11,0x11,0x11,0xdc,0x22,0x61,
    0x11,0x11,0x11,0x11,0x11,0x11,0x11,0x11,0x11,0x16,0x80,0x00,0xd1,0x40,0x00,0x00,
    0x00,0x00,0x00,0x00,0x00,0x00,0x00,0x00,0x00,0x00,0x00,0x00,0x00,0x00,0x00,0x00,
    0x00,0x00,0x00,0x00,0x00,0x00,0x00,0x00,0x00,0x00,0x00,0x00,0x00,0x00,0x00,0x00,
    0x00,0x00,0x08,0x16,0x07,0xbd,0x11,0x11,0x16,0xf3,0x66,0x11,0x11,0x11,0x11,0x11,
    0x11,0x11,0x1d,0x07,0xc3,0x11,0x11,0x11,0x11,0x11,0x11,0x11,0x11,0x11,0x11,0x11,
    0x11,0x11,0x11,0x11,0x16,0xff,0x61,0x11,0x11,0x16,0xff,0x61,0x11,0x11,0x11,0x11,
    0x11,0x11,0x11,0x16,0xff,0x61,0x11,0x11,0x11,0x16,0x70,0xee,0x70,0xd1,0x11,0x11,
    0x11,0x11,0x11,0x11,0x11,0x16,0x47,0xd1,0x11,0x11,0x11,0x11,0x11,0x16,0x3f,0x61,
    0x11,0x11,0xdd,0x80,0xd1,0x40,0x00,0x00,0x00,0x00,0x00,0x00,0x00,0x00,0x00,0x00,
    0x00,0x00,0x00,0x00,0x00,0x00,0x00,0x00,0x00,0x00,0x00,0x00,0x00,0x00,0x00,0x00,
    0x00,0x00,0x00,0x00,0x00,0x00,0x00,0x00,0x00,0x00,0x08,0x1d,0x08,0x11,0x11,0x11,
    0x16,0x5f,0x11,0x11,0x11,0x11,0x11,0x11,0x11,0x11,0x1d,0x77,0xc3,0x11,0x11,0x11,
    0x11,0x11,0x11,0x11,0x11,0x11,0x11,0x11,0x11,0x11,0x11,0x11,0x16,0x5f,0x61,0x11,
    0x11,0x16,0xff,0x61,0x11,0x11,0x11,0x11,0x11,0x11,0x11,0x16,0xf5,0x61,0x11,0x11,
    0x11,0x16,0x70,0xab,0x70,0xd1,0x11,0x11,0x11,0x11,0x11,0x11,0x11,0x11,0x80,0x31,
    0x11,0x11,0x11,0x11,0x11,0x16,0xf5,0x61,0x11,0x11,0x11,0x80,0x31,0x40,0x00,0x00,
    0x00,0x00,0x00,0x00,0x00,0x00,0x00,0x00,0x00,0x00,0x00,0x00,0x00,0x00,0x00,0x00,
    0x00,0x00,0x00,0x00,0x00,0x00,0x00,0x00,0x00,0x00,0x00,0x00,0x00,0x00,0x00,0x00,
    0x00,0x08,0x63,0x87,0x08,0x11,0x11,0x11,0x16,0x5f,0x11,0x11,0x11,0x11,0x11,0x11,
    0x11,0x1d,0x84,0x2f,0x66,0x11,0x11,0x11,0x11,0x11,0x11,0x11,0x11,0x11,0x11,0x11,
    0x11,0x11,0x11,0x11,0x16,0xff,0x61,0x11,0x11,0x16,0xff,0x61,0x11,0x11,0x11,0x11,
    0x11,0x11,0x11,0x16,0xff,0x61,0x11,0x11,0x11,0x16,0x70,0xea,0x70,0x2d,0x61,0x11,
    0x11,0x11,0x11,0x11,0x11,0x16,0x80,0x31,0x11,0x11,0x11,0x11,0x11,0x16,0xf5,0x61,
    0x11,0x11,0x11,0x80,0x77,0x36,0x80,0x00,0x00,0x00,0x00,0x00,0x00,0x00,0x00,0x00,
    0x00,0x00,0x00,0x00,0x00,0x00,0x00,0x00,0x00,0x00,0x00,0x00,0x00,0x00,0x00,0x00,
    0x00,0x00,0x00,0x00,0x00,0x00,0x00,0x00,0x00,0x08,0x1d,0x00,0x08,0x11,0x11,0x11,
    0x16,0x5f,0x11,0x11,0x11,0x11,0x11,0x11,0x11,0x1d,0x07,0xcd,0x11,0x11,0x11,0x11,
    0x11,0x11,0x11,0x11,0x11,0x66,0x11,0x11,0x11,0x11,0x11,0x11,0x16,0xff,0x61,0x11,
    0x11,0x16,0xff,0x61,0x11,0x11,0x11,0x11,0x11,0x11,0x11,0x16,0xff,0x61,0x11,0x11,
    0x11,0x6d,0x70,0xea,0x77,0x5f,0x61,0x11,0x11,0x11,0x11,0x11,0x11,0x16,0x80,0x31,
    0x11,0x11,0x11,0x11,0x11,0x16,0xf5,0x61,0x11,0x11,0x11,0x80,0x00,0xd1,0x40,0x00,
    0x00,0x00,0x00,0x00,0x00,0x00,0x00,0x00,0x00,0x00,0x00,0x00,0x00,0x00,0x00,0x00,
    0x00,0x00,0x00,0x00,0x00,0x00,0x00,0x00,0x00,0x00,0x00,0x00,0x00,0x00,0x00,0x00,
    0x00,0x08,0x1b,0x00,0x08,0x11,0x11,0x11,0x16,0x5f,0x11,0x11,0x11,0x11,0x11,0x11,
    0x11,0x1d,0x07,0x23,0x11,0x11,0x11,0x11,0x11,0x11,0x11,0x11,0x16,0xff,0x61,0x11,
    0x11,0x11,0x11,0x11,0x16,0x5f,0x61,0x11,0x11,0x16,0xff,0x61,0x11,0x11,0x11,0x11,
    0x11,0x11,0x11,0x16,0xff,0x61,0x11,0x11,0x16,0x48,0xee,0xaa,0xee,0x87,0xd1,0x11,
    0x11,0x11,0x11,0x11,0x11,0x16,0x80,0x31,0x11,0x11,0x11,0x11,0x11,0x16,0xff,0x61,
    0x11,0x11,0x11,0x80,0x00,0xb1,0x40,0x00,0x00,0x00,0x00,0x00,0x00,0x00,0x00,0x00,
    0x00,0x00,0x00,0x00,0x00,0x00,0x00,0x00,0x00,0x00,0x00,0x00,0x00,0x00,0x00,0x00,
    0x00,0x00,0x00,0x00,0x00,0x00,0x00,0x00,0x00,0x04,0x1b,0x00,0x08,0x11,0x11,0x11,
    0x16,0x5f,0x61,0x11,0x11,0x11,0x11,0x11,0x11,0x1d,0x07,0x23,0x11,0x11,0x11,0x11,
    0x11,0x11,0x11,0x11,0x16,0x5f,0x61,0x11,0x11,0x11,0x11,0x11,0x16,0xff,0x61,0x11,
    0x11,0x16,0xff,0x61,0x11,0x11,0x11,0x11,0x11,0x11,0x11,0x16,0xff,0x61,0x11,0x11,
    0x16,0x70,0xea,0xaa,0xaa,0x70,0xd1,0x11,0x11,0x11,0x11,0x11,0x11,0x16,0x80,0x31,
    0x11,0x11,0x11,0x11,0x11,0x16,0xff,0x61,0x11,0x11,0x11,0x80,0x00,0xb1,0x40,0x00,
    0x00,0x00,0x00,0x00,0x00,0x00,0x00,0x00,0x00,0x00,0x00,0x00,0x00,0x00,0x00,0x00,
    0x00,0x00,0x00,0x00,0x00,0x00,0x00,0x00,0x00,0x00,0x00,0x00,0x00,0x00,0x00,0x00,
    0x00,0x08,0x1b,0x00,0x5f,0x11,0x11,0x16,0xff,0x66,0x11,0x11,0x11,0x11,0x11,0x11,
    0x11,0x1d,0x07,0x23,0x11,0x11,0x11,0x11,0x11,0x11,0x11,0x11,0x16,0xff,0x61,0x11,
    0x11,0x11,0x11,0x16,0x84,0x66,0x11,0x11,0x11,0x16,0xff,0x61,0x11,0x11,0x11,0x11,
    0x11,0x11,0x11,0x16,0xf5,0x61,0x11,0x11,0x16,0x70,0xea,0xaa,0xaa,0x70,0x23,0x61,
    0x11,0x11,0x11,0x11,0x11,0x16,0x80,0xb1,0x11,0x11,0x11,0x11,0x11,0x11,0x66,0xff,
    0x61,0x11,0x11,0xf5,0x00,0xb1,0x40,0x00,0x00,0x00,0x00,0x00,0x00,0x00,0x00,0x00,
    0x00,0x00,0x00,0x00,0x00,0x00,0x00,0x00,0x00,0x00,0x00,0x00,0x00,0x00,0x00,0x00,
    0x00,0x00,0x00,0x00,0x00,0x00,0x00,0x00,0x00,0x08,0x1b,0x07,0xf3,0x11,0x11,0x16,
    0x5f,0x11,0x11,0x11,0x11,0x11,0x11,0x11,0x11,0x1d,0x07,0x23,0x11,0x11,0x11,0x11,
    0x11,0x11,0x11,0x11,0x16,0xff,0x61,0x11,0x11,0x11,0x11,0x16,0x07,0x61,0x11,0x11,
    0x11,0x16,0xff,0x61,0x11,0x11,0x11,0x11,0x11,0x11,0x11,0x16,0xf5,0x61,0x11,0x11,
    0x16,0x70,0xea,0xaa,0xaa,0x70,0x53,0x61,0x11,0x11,0x11,0x11,0x11,0x16,0x80,0xd1,
    0x11,0x11,0x11,0x11,0x11,0x11,0x11,0xf5,0x61,0x11,0x11,0xff,0x00,0xb1,0x40,0x00,
    0x00,0x00,0x00,0x00,0x00,0x00,0x00,0x00,0x00,0x00,0x00,0x00,0x00,0x00,0x00,0x00,
    0x00,0x00,0x00,0x00,0x00,0x00,0x00,0x00,0x00,0x00,0x00,0x00,0x00,0x00,0x00,0x00,
    0x08,0x13,0x70,0x07,0x66,0x11,0x11,0x16,0x5f,0x11,0x11,0x11,0x11,0x11,0x11,0x11,
    0x1d,0x78,0x22,0x66,0x11,0x11,0x11,0x11,0x11,0x11,0x11,0x11,0x16,0xff,0x61,0x11,
    0x11,0x11,0x16,0x33,0x07,0x61,0x11,0x11,0x16,0xff,0x66,0x11,0x11,0x11,0x11,0x11,
    0x11,0x11,0x16,0xff,0x66,0x11,0x11,0x11,0x16,0x70,0xea,0xaa,0x99,0xee,0x87,0x61,
    0x11,0x11,0x11,0x11,0x11,0x16,0x2f,0x87,0x61,0x11,0x11,0x11,0x11,0x11,0x11,0xf5,
    0x61,0x11,0x11,0x66,0x70,0x77,0x31,0x80,0x00,0x00,0x00,0x00,0x00,0x00,0x00,0x00,
    0x00,0x00,0x00,0x00,0x00,0x00,0x00,0x00,0x00,0x00,0x00,0x00,0x00,0x00,0x00,0x00,
    0x00,0x00,0x00,0x00,0x00,0x00,0x00,0x00,0x08,0x1d,0x00,0x07,0x11,0x11,0x11,0x16,
    0x5f,0x11,0x11,0x11,0x11,0x11,0x11,0x11,0x1d,0x07,0xc3,0x11,0x11,0x11,0x11,0x11,
    0x11,0x11,0x11,0x11,0x66,0xff,0x61,0x11,0x11,0x11,0x16,0x3f,0x07,0x61,0x11,0x11,
    0x16,0x55,0x61,0x11,0x11,0x11,0x11,0x11,0x11,0x11,0x16,0xf5,0x61,0x11,0x11,0x11,
    0x16,0x70,0xea,0xaa,0x99,0xaa,0x70,0x61,0x11,0x11,0x11,0x11,0x11,0x11,0xcc,0x70,
    0xd1,0x11,0x11,0x11,0x11,0x11,0x11,0xf5,0x61,0x11,0x11,0x11,0x70,0x00,0xb1,0x40,
    0x00,0x00,0x00,0x00,0x00,0x00,0x00,0x00,0x00,0x00,0x00,0x00,0x00,0x00,0x00,0x00,
    0x00,0x00,0x00,0x00,0x00,0x00,0x00,0x00,0x00,0x00,0x00,0x00,0x00,0x00,0x00,0x00,
    0x08,0x1d,0x00,0x07,0x11,0x11,0x11,0x16,0x5f,0x11,0x11,0x11,0x11,0x11,0x11,0x11,
    0x1d,0x07,0xc3,0x11,0x11,0x11,0x11,0x11,0x11,0x11,0x11,0x16,0xff,0x66,0x11,0x11,
    0x11,0x11,0x16,0x87,0x07,0x61,0x11,0x11,0x16,0x5f,0x61,0x11,0x11,0x11,0x11,0x11,
    0x11,0x11,0x11,0xf5,0x61,0x11,0x11,0x11,0x16,0x70,0xea,0xaa,0x99,0xae,0x70,0x61,
    0x11,0x11,0x11,0x11,0x11,0x11,0xcc,0x70,0x61,0x11,0x11,0x11,0x11,0x11,0x11,0xf5,
    0x61,0x11,0x11,0x11,0x80,0x00,0xb1,0x40,0x00,0x00,0x00,0x00,0x00,0x00,0x00,0x00,
    0x00,0x00,0x00,0x00,0x00,0x00,0x00,0x00,0x00,0x00,0x00,0x00,0x00,0x00,0x00,0x00,
    0x00,0x00,0x00,0x00,0x00,0x00,0x00,0x00,0x08,0x1d,0x00,0x07,0x11,0x11,0x11,0x16,
    0x5f,0x11,0x11,0x11,0x11,0x11,0x11,0x11,0x1d,0x07,0xcd,0x11,0x11,0x11,0x11,0x11,
    0x11,0x11,0x11,0x16,0x5f,0x61,0x11,0x11,0x11,0x11,0x16,0x70,0x07,0x61,0x11,0x11,
    0x66,0xff,0x61,0x11,0x11,0x11,0x11,0x11,0x11,0x11,0x11,0xf5,0x61,0x11,0x11,0x11,
    0x66,0x80,0xea,0xaa,0x99,0xaa,0x70,0xd1,0x11,0x11,0x11,0x11,0x11,0x11,0xcc,0x70,
    0xd1,0x11,0x11,0x11,0x11,0x11,0x11,0xf5,0x61,0x11,0x11,0x11,0x80,0x00,0xb1,0x40,
    0x00,0x00,0x00,0x00,0x00,0x00,0x00,0x00,0x00,0x00,0x00,0x00,0x00,0x00,0x00,0x00,
    0x00,0x00,0x00,0x00,0x00,0x00,0x00,0x00,0x00,0x00,0x00,0x00,0x00,0x00,0x00,0x00,
    0x08,0x1d,0x00,0x07,0x11,0x11,0x11,0x16,0x5f,0x11,0x11,0x11,0x11,0x11,0x11,0x11,
    0x1d,0x07,0x2d,0x11,0x11,0x11,0x11,0x11,0x11,0x11,0x11,0x16,0x5f,0x61,0x11,0x11,
    0x11,0x16,0x3f,0x70,0x07,0x61,0x11,0x16,0xff,0x5f,0x61,0x11,0x11,0x11,0x11,0x11,
    0x11,0x11,0x11,0xf5,0x61,0x11,0x11,0x11,0x48,0xee,0xaa,0x99,0x99,0xaa,0x70,0x2d,
    0x61,0x11,0x11,0x11,0x11,0x11,0xdc,0x70,0xd1,0x11,0x11,0x11,0x11,0x11,0x11,0xf5,
    0x61,0x11,0x11,0x11,0x80,0x00,0xb1,0x40,0x00,0x00,0x00,0x00,0x00,0x00,0x00,0x00,
    0x00,0x00,0x00,0x00,0x00,0x00,0x00,0x00,0x00,0x00,0x00,0x00,0x00,0x00,0x00,0x00,
    0x00,0x00,0x00,0x00,0x00,0x00,0x00,0x00,0x08,0x1d,0x00,0x08,0x11,0x11,0x11,0x16,
    0x5f,0x11,0x11,0x11,0x11,0x11,0x11,0x11,0x1d,0x07,0x2d,0x11,0x11,0x11,0x11,0x11,
    0x11,0x11,0x11,0x16,0xff,0x61,0x11,0x11,0x11,0x16,0xff,0x70,0x07,0x61,0x11,0x16,
    0xf5,0xff,0x61,0x11,0x11,0x11,0x11,0x11,0x11,0x11,0x16,0xff,0x61,0x11,0x11,0x16,
    0x70,0xea,0xaa,0x99,0x99,0xaa,0x80,0xf3,0x61,0x11,0x11,0x11,0x11,0x11,0xdc,0x70,
    0xd1,0x11,0x11,0x11,0x11,0x11,0x11,0xf5,0x61,0x11,0x11,0x11,0x80,0x00,0xb1,0x40,
    0x00,0x00,0x00,0x00,0x00,0x00,0x00,0x00,0x00,0x00,0x00,0x00,0x00,0x00,0x00,0x00,
    0x00,0x00,0x00,0x00,0x00,0x00,0x00,0x00,0x00,0x00,0x00,0x00,0x00,0x00,0x00,0x00,
    0x08,0x1d,0x07,0x5f,0x11,0x11,0x16,0xf3,0x66,0x11,0x11,0x11,0x11,0x11,0x11,0x11,
    0x1d,0x07,0x23,0x11,0x11,0x11,0x11,0x11,0x11,0x11,0x16,0xff,0x66,0x11,0x11,0x11,
    0x11,0x1d,0x87,0x07,0x55,0x61,0x11,0x16,0x77,0x66,0x11,0x11,0x11,0x11,0x11,0x11,
    0x11,0x16,0xff,0x66,0x11,0x11,0x11,0x16,0x70,0xea,0xaa,0x99,0x99,0x99,0xae,0x87,
    0xd1,0x11,0x11,0x11,0x11,0x11,0xdc,0x70,0xd1,0x11,0x11,0x11,0x11,0x11,0x11,0x66,
    0xff,0x61,0x11,0x11,0xf5,0x70,0xb1,0x40,0x00,0x00,0x00,0x00,0x00,0x00,0x00,0x00,
    0x00,0x00,0x00,0x00,0x00,0x00,0x00,0x00,0x00,0x00,0x00,0x00,0x00,0x00,0x00,0x00,
    0x00,0x00,0x00,0x00,0x00,0x00,0x00,0x00,0x08,0x1d,0x07,0xf3,0x11,0x11,0x16,0x5f,
    0x11,0x11,0x11,0x11,0x11,0x11,0x11,0x11,0x1d,0x07,0x2d,0x11,0x11,0x11,0x11,0x11,
    0x11,0x11,0x16,0xff,0x11,0x11,0x11,0x11,0x11,0x1d,0x70,0x07,0xff,0x61,0x11,0x16,
    0x77,0x61,0x11,0x11,0x11,0x11,0x11,0x11,0x11,0x16,0xff,0x61,0x11,0x11,0x11,0x11,
    0x70,0xea,0xaa,0x99,0x99,0x99,0xba,0x70,0xd1,0x11,0x11,0x11,0x11,0x11,0xdc,0x70,
    0xd1,0x11,0x11,0x11,0x11,0x11,0x11,0x11,0xf5,0x61,0x11,0x11,0x3f,0x70,0x31,0x40,
    0x00,0x00,0x00,0x00,0x00,0x00,0x00,0x00,0x00,0x00,0x00,0x00,0x00,0x00,0x00,0x00,
    0x00,0x00,0x00,0x00,0x00,0x00,0x00,0x00,0x00,0x00,0x00,0x00,0x00,0x00,0x00,0x08,
    0x13,0x77,0x08,0x66,0x11,0x11,0x16,0x5f,0x11,0x11,0x11,0x11,0x11,0x11,0x11,0x11,
    0x1d,0x07,0x2d,0x11,0x11,0x11,0x11,0x11,0x11,0x11,0x16,0xff,0x11,0x11,0x11,0x11,
    0x16,0x88,0xee,0x07,0x66,0x11,0x16,0xff,0x07,0x61,0x11,0x11,0x11,0x11,0x11,0x11,
    0x11,0x16,0x87,0x61,0x11,0x11,0x16,0xcc,0x70,0xea,0xaa,0x99,0x99,0x99,0xaa,0x70,
    0x2c,0x61,0x11,0x11,0x11,0x11,0xcc,0x70,0xd1,0x11,0x11,0x11,0x11,0x11,0x11,0x11,
    0xf5,0x61,0x11,0x11,0x66,0x80,0x00,0x31,0x80,0x00,0x00,0x00,0x00,0x00,0x00,0x00,
    0x00,0x00,0x00,0x00,0x00,0x00,0x00,0x00,0x00,0x00,0x00,0x00,0x00,0x00,0x00,0x00,
    0x00,0x00,0x00,0x00,0x00,0x00,0x00,0x08,0x16,0x00,0x08,0x61,0x11,0x11,0x16,0x5f,
    0x11,0x11,0x11,0x11,0x11,0x11,0x11,0x11,0x1d,0x07,0x2d,0x11,0x11,0x11,0x11,0x11,
    0x11,0x11,0x66,0xff,0x11,0x11,0x11,0x11,0x16,0x00,0xaa,0x07,0x61,0x11,0x16,0xf5,
    0x07,0x61,0x11,0x11,0x11,0x11,0x11,0x11,0x11,0x16,0x77,0x61,0x11,0x11,0x16,0x2f,
    0x70,0xea,0xaa,0x99,0x99,0x99,0xaa,0x70,0x52,0x61,0x11,0x11,0x11,0x11,0xc2,0x70,
    0xd1,0x11,0x11,0x11,0x11,0x11,0x11,0x11,0xf5,0x61,0x11,0x11,0x11,0x80,0x00,0xb1,
    0x80,0x00,0x00,0x00,0x00,0x00,0x00,0x00,0x00,0x00,0x00,0x00,0x00,0x00,0x00,0x00,
    0x00,0x00,0x00,0x00,0x00,0x00,0x00,0x00,0x00,0x00,0x00,0x00,0x00,0x00,0x00,0x08,
    0x1d,0x00,0x08,0x61,0x11,0x11,0x16,0x5f,0x11,0x11,0x11,0x11,0x11,0x11,0x11,0x11,
    0x1d,0x07,0xcd,0x11,0x11,0x11,0x11,0x11,0x11,0x16,0x88,0x5f,0x61,0x11,0x11,0x16,
    0x3f,0x00,0xae,0x07,0x61,0x11,0x16,0x87,0x07,0x61,0x11,0x11,0x11,0x11,0x11,0x11,
    0x16,0xc2,0x77,0x61,0x11,0x11,0x16,0x87,0xee,0xaa,0x99,0x99,0x99,0x99,0x99,0xee,
    0x87,0x2d,0x61,0x11,0x11,0x11,0xc2,0x70,0xd1,0x11,0x11,0x11,0x11,0x11,0x11,0x11,
    0xf5,0x61,0x11,0x11,0x11,0x80,0x00,0xb1,0x80,0x00,0x00,0x00,0x00,0x00,0x00,0x00,
    0x00,0x00,0x00,0x00,0x00,0x00,0x00,0x00,0x00,0x00,0x00,0x00,0x00,0x00,0x00,0x00,
    0x00,0x00,0x00,0x00,0x00,0x00,0x00,0x08,0x1d,0x00,0x08,0x61,0x11,0x11,0x16,0x5f,
    0x11,0x11,0x11,0x11,0x11,0x11,0x11,0x11,0x6d,0x78,0xcd,0x11,0x11,0x11,0x11,0x11,
    0x11,0x1d,0x00,0x5f,0x61,0x11,0x11,0x16,0xf5,0x07,0xae,0x07,0x61,0x11,0x16,0x70,
    0x07,0x61,0x11,0x11,0x11,0x11,0x11,0x11,0x16,0x25,0x77,0x61,0x11,0x11,0x16,0x70,
    0xea,0xaa,0x99,0x99,0x99,0x99,0x99,0xaa,0x70,0x23,0x61,0x11,0x11,0x11,0xc2,0x70,
    0xd1,0x11,0x11,0x11,0x11,0x11,0x11,0x11,0xf5,0x61,0x11,0x11,0x11,0x80,0x00,0xb1,
    0x80,0x00,0x00,0x00,0x00,0x00,0x00,0x00,0x00,0x00,0x00,0x00,0x00,0x00,0x00,0x00,
    0x00,0x00,0x00,0x00,0x00,0x00,0x00,0x00,0x00,0x00,0x00,0x00,0x00,0x00,0x00,0x08,
    0x1d,0x00,0x5f,0x11,0x11,0x11,0x16,0x5f,0x11,0x11,0x11,0x11,0x11,0x11,0x11,0x16,
    0x84,0x22,0xcd,0x11,0x11,0x11,0x11,0x11,0x16,0xd2,0x07,0x5f,0x61,0x11,0x11,0x16,
    0x77,0xee,0xae,0x07,0x61,0x16,0x3f,0x00,0x07,0x61,0x11,0x11,0x11,0x11,0x11,0x11,
    0xd2,0x77,0x3d,0x61,0x11,0x11,0x16,0x70,0xea,0xaa,0x99,0x99,0x99,0x99,0x99,0xaa,
    0x70,0x2d,0x61,0x11,0x11,0xdc,0xc2,0x70,0xd1,0x11,0x11,0x11,0x11,0x11,0x11,0x11,
    0xf5,0x61,0x11,0x11,0x11,0xf5,0x00,0xb1,0x80,0x00,0x00,0x00,0x00,0x00,0x00,0x00,
    0x00,0x00,0x00,0x00,0x00,0x00,0x00,0x00,0x00,0x00,0x00,0x00,0x00,0x00,0x00,0x00,
    0x00,0x00,0x00,0x00,0x00,0x00,0x00,0x08,0x13,0x07,0xf3,0x11,0x11,0x11,0x16,0x5f,
    0x11,0x11,0x11,0x11,0x11,0x11,0x11,0x1d,0x07,0xcc,0xcd,0x11,0x11,0x11,0x11,0x11,
    0x16,0xcf,0x07,0x5f,0x61,0x11,0x11,0x6d,0x00,0xaa,0xae,0x77,0x61,0x16,0xf5,0x00,
    0x07,0x61,0x11,0x11,0x11,0x11,0x11,0x11,0xcf,0x00,0xd1,0x11,0x11,0x11,0x66,0x70,
    0xea,0xaa,0x99,0x99,0x99,0x99,0x99,0xaa,0x77,0xf3,0x61,0x11,0x11,0xcc,0xcc,0x70,
    0xd1,0x11,0x11,0x11,0x11,0x11,0x11,0x11,0xf5,0x61,0x11,0x11,0x11,0x3f,0x70,0x31,
    0x40,0x00,0x00,0x00,0x00,0x00,0x00,0x00,0x00,0x00,0x00,0x00,0x00,0x00,0x00,0x00,
    0x00,0x00,0x00,0x00,0x00,0x00,0x00,0x00,0x00,0x00,0x00,0x00,0x00,0x00,0x08,0x63,
    0x70,0x08,0x66,0x11,0x11,0x11,0x16,0x5f,0x11,0x11,0x11,0x11,0x11,0x11,0x11,0x1d,
    0x07,0xcc,0xcd,0x11,0x11,0x11,0x11,0x16,0xc2,0x77,0x07,0x66,0x11,0x11,0x16,0x88,
    0xea,0xae,0x77,0xb6,0x11,0x16,0x87,0xee,0x07,0x61,0x11,0x11,0x11,0x11,0x11,0x16,
    0x87,0x07,0xd1,0x11,0x11,0x16,0x48,0xee,0xaa,0x99,0x99,0x99,0x99,0x99,0x99,0x99,
    0xae,0x87,0x2c,0x61,0x11,0xcc,0xcc,0x70,0xd1,0x11,0x11,0x11,0x11,0x11,0x11,0x11,
    0xf5,0x61,0x11,0x11,0x11,0x66,0x70,0x07,0x36,0x80,0x00,0x00,0x00,0x00,0x00,0x00,
    0x00,0x00,0x00,0x00,0x00,0x00,0x00,0x00,0x00,0x00,0x00,0x00,0x00,0x00,0x00,0x00,
    0x00,0x00,0x00,0x00,0x00,0x00,0x04,0x1d,0x00,0x08,0x11,0x11,0x11,0x11,0x16,0x5f,
    0x11,0x11,0x11,0x11,0x11,0x11,0x11,0x1d,0x07,0xcc,0xcd,0x11,0x11,0x11,0x11,0x16,
    0xcf,0x00,0x08,0x61,0x11,0x11,0x1d,0x70,0xaa,0xae,0x07,0x61,0x11,0x16,0x70,0xee,
    0x07,0x61,0x11,0x11,0x11,0x11,0x11,0x16,0x70,0x07,0xd1,0x11,0x11,0x16,0x70,0xaa,
    0xaa,0x99,0x99,0x99,0x99,0x99,0x99,0x99,0xaa,0x70,0x2c,0x61,0x11,0xcc,0xcc,0x70,
    0xd1,0x11,0x11,0x11,0x11,0x11,0x11,0x11,0xff,0x61,0x11,0x11,0x11,0x16,0x80,0x00,
    0x61,0x40,0x00,0x00,0x00,0x00,0x00,0x00,0x00,0x00,0x00,0x00,0x00,0x00,0x00,0x00,
    0x00,0x00,0x00,0x00,0x00,0x00,0x00,0x00,0x00,0x00,0x00,0x00,0x00,0x00,0x04,0x1d,
    0x00,0x08,0x61,0x11,0x11,0x16,0xff,0x66,0x11,0x11,0x11,0x11,0x11,0x11,0x11,0x1d,
    0x07,0xcc,0xcd,0x11,0x11,0x11,0x16,0xd2,0x77,0x00,0x07,0x61,0x11,0x1d,0x88,0xea,
    0xaa,0xae,0x07,0x61,0x16,0x88,0xea,0xaa,0x55,0x61,0x11,0x11,0x11,0x11,0x16,0xc2,
    0x70,0x07,0xd1,0x11,0x11,0x16,0x70,0xaa,0xaa,0x99,0x99,0x99,0x99,0x99,0x99,0x99,
    0xaa,0x70,0x2c,0xc3,0x61,0xcc,0xcc,0x70,0xd1,0x11,0x11,0x11,0x11,0x11,0x11,0x11,
    0x66,0xff,0x61,0x11,0x11,0x16,0x80,0x00,0xd1,0x40,0x00,0x00,0x00,0x00,0x00,0x00,
    0x00,0x00,0x00,0x00,0x00,0x00,0x00,0x00,0x00,0x00,0x00,0x00,0x00,0x00,0x00,0x00,
    0x00,0x00,0x00,0x00,0x00,0x00,0x04,0x1d,0x00,0x08,0x61,0x11,0x11,0x16,0x5f,0x11,
    0x11,0x11,0x11,0x11,0x11,0x11,0x11,0x1d,0x07,0xcc,0xcd,0x11,0x11,0x11,0x16,0xc2,
    0x00,0x00,0x08,0x61,0x11,0x6d,0x00,0xea,0xaa,0xae,0x77,0x61,0x66,0x07,0xaa,0xaf,
    0xff,0x61,0x11,0x11,0x11,0x11,0x16,0x2f,0x70,0x07,0xd1,0x11,0x11,0x66,0x80,0xaa,
    0xaa,0xb9,0x99,0x99,0x99,0x99,0x99,0x99,0xae,0x70,0xfc,0xcc,0x61,0xcc,0xcc,0x70,
    0xd1,0x11,0x11,0x11,0x11,0x11,0x11,0x11,0x11,0xf5,0x61,0x11,0x11,0x16,0x80,0x00,
    0xd1,0x40,0x00,0x00,0x00,0x00,0x00,0x00,0x00,0x00,0x00,0x00,0x00,0x00,0x00,0x00,
    0x00,0x00,0x00,0x00,0x00,0x00,0x00,0x00,0x00,0x00,0x00,0x00,0x00,0x00,0x04,0x16,
    0x07,0x5f,0x11,0x11,0x11,0x16,0x5f,0x11,0x11,0x11,0x11,0x11,0x11,0x11,0x11,0x1d,
    0x07,0xcc,0xcd,0x11,0x11,0x11,0x16,0xc2,0x00,0x07,0xf3,0x61,0x16,0x87,0x00,0x78,
    0xaa,0x78,0xb6,0x16,0x3f,0x07,0xaa,0x78,0x66,0x11,0x11,0x11,0x11,0x16,0xdc,0x87,
    0x07,0x36,0x61,0x11,0x16,0x88,0xee,0xaa,0x87,0x77,0x77,0x77,0x77,0x77,0x77,0x77,
    0x77,0x00,0x77,0x2c,0xcc,0xcc,0xcc,0x70,0xd1,0x11,0x11,0x11,0x11,0x11,0x11,0x11,
    0x11,0xf5,0x61,0x11,0x11,0x11,0xf5,0x70,0x61,0x40,0x00,0x00,0x00,0x00,0x00,0x00,
    0x00,0x00,0x00,0x00,0x00,0x00,0x00,0x00,0x00,0x00,0x00,0x00,0x00,0x00,0x00,0x00,
    0x00,0x00,0x00,0x00,0x00,0x00,0x04,0x1d,0x07,0xf3,0x11,0x11,0x11,0x16,0x5f,0x11,
    0x11,0x11,0x11,0x11,0x11,0x11,0x11,0x1d,0x07,0xcc,0xcc,0x61,0x11,0x11,0x66,0x2f,
    0x70,0x07,0x3d,0x61,0x16,0x70,0x00,0x07,0xef,0x07,0x61,0x16,0xf5,0x07,0xaa,0x07,
    0x61,0x11,0x11,0x11,0x11,0x16,0xcf,0x70,0x07,0x61,0x11,0x11,0x66,0x70,0xea,0xaf,
    0x00,0x00,0x00,0x00,0x00,0x00,0x00,0x00,0x00,0x00,0x07,0x52,0xcc,0xcc,0xcc,0x70,
    0xd1,0x11,0x11,0x11,0x11,0x11,0x11,0x11,0x11,0xf5,0x61,0x11,0x11,0x11,0x3f,0x70,
    0x31,0x40,0x00,0x00,0x00,0x00,0x00,0x00,0x00,0x00,0x00,0x00,0x00,0x00,0x00,0x00,
    0x00,0x00,0x00,0x00,0x00,0x00,0x00,0x00,0x00,0x00,0x00,0x00,0x00,0x08,0x63,0x77,
    0x08,0x66,0x11,0x11,0x11,0x16,0x5f,0x11,0x11,0x11,0x11,0x11,0x11,0x11,0x11,0x1d,
    0x07,0xcc,0xcc,0xcd,0x11,0x16,0xc2,0x78,0xe5,0x07,0x33,0x11,0xd2,0x70,0x00,0x00,
    0x77,0x08,0x61,0x16,0x77,0xee,0xaa,0x77,0x61,0x11,0x11,0x11,0x11,0xd2,0x87,0x00,
    0x07,0x61,0x11,0x11,0xc2,0x70,0x77,0x77,0x00,0x00,0x00,0x5e,0xee,0xbb,0xbb,0xbb,
    0xbb,0xee,0xee,0x87,0x2c,0xcc,0xcc,0x70,0xd1,0x11,0x11,0x11,0x11,0x11,0x11,0x11,
    0x11,0xf5,0x61,0x11,0x11,0x11,0x66,0x80,0x77,0x36,0x80,0x00,0x00,0x00,0x00,0x00,
    0x00,0x00,0x00,0x00,0x00,0x00,0x00,0x00,0x00,0x00,0x00,0x00,0x00,0x00,0x00,0x00,
    0x00,0x00,0x00,0x00,0x00,0x04,0x1d,0x00,0x08,0x11,0x11,0x11,0x11,0x16,0x5f,0x11,
    0x11,0x11,0x11,0x11,0x11,0x11,0x11,0x1d,0x07,0xcc,0xcc,0xc3,0x11,0x16,0x25,0x07,
    0xae,0x07,0x3d,0x66,0x2f,0x70,0x00,0x00,0x00,0x08,0x61,0x66,0x00,0xaa,0xae,0x77,
    0x61,0x11,0x11,0x11,0x16,0xcf,0x70,0x00,0x07,0x61,0x11,0x16,0x2f,0x70,0x00,0x00,
    0x00,0x00,0x00,0xea,0xaa,0x99,0x99,0x99,0x99,0xba,0xaa,0x70,0x2c,0xcc,0xcc,0x70,
    0xd1,0x11,0x11,0x11,0x11,0x11,0x11,0x11,0x11,0xf5,0x61,0x11,0x11,0x11,0x11,0x80,
    0x00,0xb1,0x40,0x00,0x00,0x00,0x00,0x00,0x00,0x00,0x00,0x00,0x00,0x00,0x00,0x00,
    0x00,0x00,0x00,0x00,0x00,0x00,0x00,0x00,0x00,0x00,0x00,0x00,0x00,0x04,0x1b,0x00,
    0x08,0x11,0x11,0x11,0x11,0x16,0x5f,0x11,0x11,0x11,0x11,0x11,0x11,0x11,0x11,0x1d,
    0x07,0xcc,0xcc,0xcc,0x16,0xc2,0x77,0xea,0xae,0x07,0x33,0xc3,0x78,0xee,0xee,0xee,
    0x00,0xf2,0xc2,0x88,0xee,0xae,0x77,0x5f,0x11,0x11,0x16,0xcc,0xcc,0x87,0xee,0x00,
    0x36,0x61,0x11,0xdc,0x70,0x00,0x00,0xee,0xea,0xb9,0xbb,0x99,0x99,0x99,0x99,0x99,
    0x99,0x99,0xae,0x70,0x2c,0xcc,0xcc,0x70,0xd1,0x11,0x11,0x11,0x11,0x11,0x11,0x11,
    0x11,0xf5,0x61,0x11,0x11,0x11,0x11,0x80,0x00,0xb1,0x40,0x00,0x00,0x00,0x00,0x00,
    0x00,0x00,0x00,0x00,0x00,0x00,0x00,0x00,0x00,0x00,0x00,0x00,0x00,0x00,0x00,0x00,
    0x00,0x00,0x00,0x00,0x00,0x04,0x1d,0x00,0x08,0x11,0x11,0x11,0x11,0x16,0x5f,0x11,
    0x11,0x11,0x11,0x11,0x11,0x11,0x11,0x1d,0x07,0xcc,0xcc,0xcc,0x16,0xcf,0x07,0xaa,
    0xaf,0x07,0x3c,0x3f,0x07,0xaa,0xaa,0xae,0x00,0x2c,0x3f,0x07,0xaa,0xae,0x00,0xf3,
    0x11,0x11,0x16,0xcc,0xc2,0x77,0xee,0x70,0x61,0x11,0x11,0xc2,0x70,0x00,0x00,0xea,
    0xab,0x99,0x99,0x99,0x99,0x99,0x99,0x99,0x99,0x99,0xaa,0x70,0x2c,0xcc,0xcc,0x70,
    0xd1,0x11,0x11,0x11,0x11,0x11,0x11,0x11,0x11,0xf5,0x61,0x11,0x11,0x11,0x11,0x80,
    0x00,0xb1,0x80,0x00,0x00,0x00,0x00,0x00,0x00,0x00,0x00,0x00,0x00,0x00,0x00,0x00,
    0x00,0x00,0x00,0x00,0x00,0x00,0x00,0x00,0x00,0x00,0x00,0x00,0x00,0x08,0x1b,0x07,
    0xbd,0x11,0x11,0x11,0x11,0x16,0x5f,0x11,0x11,0x11,0x11,0x11,0x11,0x11,0x11,0x1d,
    0x07,0xcc,0xcc,0xcc,0xc2,0x78,0xee,0xae,0x78,0x22,0xc2,0x77,0xee,0xaa,0x99,0x9b,
    0x00,0x2f,0x77,0xea,0xaa,0xae,0x07,0xd6,0x11,0x11,0xcc,0xc2,0x77,0xee,0x87,0xff,
    0x61,0x16,0xdc,0x87,0xee,0xee,0xbb,0x99,0x99,0x99,0x99,0x99,0x99,0x99,0x99,0x99,
    0x99,0x99,0x99,0xae,0x77,0x2c,0xcc,0x70,0xd1,0x11,0x11,0x11,0x11,0x11,0x11,0x11,
    0x11,0xf5,0x61,0x11,0x11,0x11,0x11,0xd3,0x70,0xb1,0x80,0x00,0x00,0x00,0x00,0x00,
    0x00,0x00,0x00,0x00,0x00,0x00,0x00,0x00,0x00,0x00,0x00,0x00,0x00,0x00,0x00,0x00,
    0x00,0x00,0x00,0x00,0x00,0x04,0x13,0x07,0x66,0x11,0x11,0x11,0x11,0x16,0x5f,0x11,
    0x11,0x11,0x11,0x11,0x11,0x11,0x11,0x1d,0x07,0xcc,0xcc,0xcc,0x2f,0x07,0xaa,0xae,
    0x07,0x2c,0xcf,0x00,0xaa,0xaa,0x99,0x9b,0x00,0xf5,0x00,0xaa,0xaa,0xae,0x07,0x61,
    0x11,0x16,0xc2,0x2f,0x00,0xaa,0x77,0xf3,0x61,0x16,0xcf,0x70,0xaa,0xaa,0x99,0x99,
    0x99,0x99,0x99,0x99,0x99,0x99,0x99,0x99,0x99,0x99,0x99,0xaa,0x70,0x2c,0xcc,0x70,
    0xd1,0x11,0x11,0x11,0x11,0x11,0x11,0x11,0x11,0xf5,0x61,0x11,0x11,0x11,0x11,0x66,
    0x70,0x31,0x80,0x00,0x00,0x00,0x00,0x00,0x00,0x00,0x00,0x00,0x00,0x00,0x00,0x00,
    0x00,0x00,0x00,0x00,0x00,0x00,0x00,0x00,0x00,0x00,0x00,0x00,0x08,0x63,0x70,0x08,
    0x11,0x11,0x11,0x11,0x11,0x16,0x5f,0x11,0x11,0x11,0x11,0x11,0x11,0x11,0x11,0x1d,
    0x07,0xcc,0xcc,0xc2,0x78,0xee,0xaa,0xae,0x00,0x77,0x78,0xee,0xaa,0x99,0x99,0x87,
    0x00,0x84,0xee,0x99,0x99,0xae,0x07,0x61,0xcc,0xcc,0x87,0x77,0xee,0xaa,0x77,0xd6,
    0x11,0xc2,0x87,0xee,0xaa,0x99,0x99,0x99,0x99,0x99,0x99,0x99,0x99,0x99,0x99,0x99,
    0x99,0x99,0x99,0xaa,0xee,0x87,0x2c,0x70,0xd1,0x11,0x11,0x11,0x11,0x11,0x11,0x11,
    0x11,0xf5,0x61,0x11,0x11,0x11,0x11,0x66,0x80,0x07,0x36,0x80,0x00,0x00,0x00,0x00,
    0x00,0x00,0x00,0x00,0x00,0x00,0x00,0x00,0x00,0x00,0x00,0x00,0x00,0x00,0x00,0x00,
    0x00,0x00,0x00,0x00,0x04,0x1d,0x00,0x08,0x11,0x11,0x11,0x11,0x11,0x16,0x5f,0x11,
    0x11,0x11,0x11,0x11,0x11,0x11,0x11,0x1d,0x07,0xcc,0xcc,0x2f,0x07,0xaa,0xaa,0xae,
    0x00,0x00,0x07,0xaa,0xaa,0x99,0x9b,0x70,0x70,0x84,0xaa,0x99,0x99,0xae,0x77,0x66,
    0xcc,0x2f,0x70,0x00,0xaa,0xae,0x77,0x61,0x66,0x2f,0x70,0xaa,0xaa,0x99,0x99,0x99,
    0x99,0x99,0x99,0x99,0x99,0x99,0x99,0x99,0x99,0x99,0x99,0xaa,0xaa,0x70,0x52,0x70,
    0xd1,0x11,0x11,0x11,0x11,0x11,0x11,0x11,0x11,0xf5,0x61,0x11,0x11,0x11,0x11,0x11,
    0x80,0x00,0xd1,0x40,0x00,0x00,0x00,0x00,0x00,0x00,0x00,0x00,0x00,0x00,0x00,0x00,
    0x00,0x00,0x00,0x00,0x00,0x00,0x00,0x00,0x00,0x00,0x00,0x00,0x04,0x1d,0x00,0x08,
    0x11,0x11,0x11,0x11,0x11,0x16,0x5f,0x11,0x11,0x11,0x11,0x11,0x11,0x11,0x11,0x1d,
    0x07,0xcc,0xc2,0x77,0xee,0xaa,0xaa,0xae,0x00,0xee,0xee,0xaa,0xaa,0xaa,0xaa,0xee,
    0xee,0xea,0x99,0x99,0x99,0x88,0x22,0xcc,0xc2,0x78,0xee,0xee,0xae,0x77,0x22,0xc3,
    0x88,0x77,0xee,0xaa,0x99,0x99,0xaa,0xaa,0xaa,0xaa,0xaa,0xaa,0xaa,0xaa,0xaa,0x99,
    0x99,0x99,0x99,0x99,0xaa,0x70,0x77,0x00,0xd1,0x11,0x11,0x11,0x11,0x11,0x11,0x11,
    0x11,0xf5,0x61,0x11,0x11,0x11,0x11,0x11,0x80,0x00,0xd1,0x40,0x00,0x00,0x00,0x00,
    0x00,0x00,0x00,0x00,0x00,0x00,0x00,0x00,0x00,0x00,0x00,0x00,0x00,0x00,0x00,0x00,
    0x00,0x00,0x00,0x00,0x04,0x16,0x00,0x08,0x11,0x11,0x11,0x11,0x11,0x16,0x5f,0x11,
    0x11,0x11,0x11,0x11,0x11,0x11,0x11,0x1d,0x07,0xcc,0xcf,0x00,0xaa,0xaa,0xaa,0xae,
    0x00,0xea,0xaa,0xaa,0xae,0xee,0xee,0xaa,0xaa,0xaa,0x99,0x99,0x9b,0x07,0x2c,0x22,
    0x2f,0x07,0xaa,0xaa,0xee,0x77,0x2c,0xcf,0x70,0x00,0xea,0xaa,0x99,0x99,0xaa,0xaa,
    0xaa,0xea,0xaa,0xae,0xee,0xee,0xea,0x99,0x99,0x99,0x99,0x99,0xaa,0x80,0x00,0x00,
    0xd1,0x11,0x11,0x11,0x11,0x11,0x11,0x11,0x11,0xf5,0x61,0x11,0x11,0x11,0x11,0x11,
    0x80,0x00,0xd1,0x40,0x00,0x00,0x00,0x00,0x00,0x00,0x00,0x00,0x00,0x00,0x00,0x00,
    0x00,0x00,0x00,0x00,0x00,0x00,0x00,0x00,0x00,0x00,0x00,0x00,0x04,0x16,0x07,0x5f,
    0x11,0x11,0x11,0x11,0x11,0x16,0x5f,0x11,0x11,0x11,0x11,0x11,0x11,0x11,0x11,0x1d,
    0x07,0xc2,0x78,0xee,0xaa,0xae,0x77,0x70,0x00,0x00,0x07,0x00,0x00,0x00,0x07,0xb9,
    0x99,0x99,0xaa,0x99,0xae,0x70,0x77,0x77,0x77,0xee,0xaa,0xaa,0x77,0x22,0xc2,0x77,
    0xee,0xee,0xaa,0x99,0x99,0xaa,0x99,0x99,0x9b,0x70,0x00,0x00,0x00,0x00,0x00,0x00,
    0x00,0x07,0xb9,0x99,0xaa,0xee,0x70,0x00,0xd1,0x11,0x11,0x11,0x11,0x11,0x11,0x11,
    0x11,0xf5,0x61,0x11,0x11,0x11,0x11,0x11,0x3f,0x70,0xd1,0x40,0x00,0x00,0x00,0x00,
    0x00,0x00,0x00,0x00,0x00,0x00,0x00,0x00,0x00,0x00,0x00,0x00,0x00,0x00,0x00,0x00,
    0x00,0x00,0x00,0x00,0x04,0x1d,0x07,0xf3,0x11,0x11,0x11,0x11,0x11,0x16,0x5f,0x11,
    0x11,0x11,0x11,0x11,0x11,0x11,0x11,0x1d,0x07,0x25,0x07,0xaa,0xaa,0xae,0x00,0x00,
    0x00,0x00,0x00,0x00,0x00,0x00,0x07,0xb9,0x99,0x99,0xaa,0x99,0xae,0x70,0x00,0x00,
    0x00,0xea,0xaa,0xaa,0x77,0x2c,0xcf,0x70,0xaa,0xaa,0xaa,0x99,0x99,0xaa,0x99,0x99,
    0x9b,0x70,0x00,0x00,0x00,0x00,0x00,0x00,0x00,0x00,0xb9,0x99,0xaa,0xaa,0x70,0x00,
    0xd1,0x11,0x11,0x11,0x11,0x11,0x11,0x11,0x11,0xf5,0x61,0x11,0x11,0x11,0x11,0x11,
    0x3f,0x80,0xd1,0x40,0x00,0x00,0x00,0x00,0x00,0x00,0x00,0x00,0x00,0x00,0x00,0x00,
    0x00,0x00,0x00,0x00,0x00,0x00,0x00,0x00,0x00,0x00,0x00,0x08,0x13,0x77,0x08,0x66,
    0x11,0x11,0x11,0x11,0x11,0x16,0x5f,0x11,0x11,0x11,0x11,0x11,0x11,0x11,0x11,0x1d,
    0x00,0x07,0xea,0xae,0x70,0x00,0x00,0x00,0x00,0x00,0x00,0x00,0x00,0x00,0x00,0x07,
    0x78,0x99,0x99,0x99,0xaa,0xae,0xee,0xee,0xaa,0xaa,0x99,0x99,0x70,0x77,0x77,0xea,
    0xaa,0x99,0x99,0x99,0x99,0x99,0x99,0x80,0x00,0x00,0x00,0x00,0x00,0x00,0x00,0x00,
    0x00,0x00,0x77,0x77,0xea,0xaa,0x70,0x00,0xd1,0x11,0x11,0x11,0x11,0x11,0x11,0x11,
    0x11,0xf5,0x61,0x11,0x11,0x11,0x11,0x11,0x66,0x80,0x07,0x31,0x80,0x00,0x00,0x00,
    0x00,0x00,0x00,0x00,0x00,0x00,0x00,0x00,0x00,0x00,0x00,0x00,0x00,0x00,0x00,0x00,
    0x00,0x00,0x00,0x04,0x1d,0x00,0x08,0x11,0x11,0x11,0x11,0x11,0x11,0x16,0x5f,0x11,
    0x11,0x11,0x11,0x11,0x11,0x11,0x11,0x1d,0x00,0x07,0xea,0xae,0x00,0x00,0x00,0x00,
    0x00,0x00,0x00,0x00,0x00,0x00,0x00,0x00,0x00,0xb9,0x99,0x99,0xaa,0xaa,0xaa,0xaa,
    0xaa,0xaa,0x99,0x99,0x70,0x00,0x00,0xea,0xaa,0x99,0x99,0x99,0x99,0x99,0x96,0x70,
    0x00,0x00,0x00,0x00,0x00,0x00,0x00,0x00,0x00,0x00,0x00,0x00,0xea,0xae,0x70,0x00,
    0xd1,0x11,0x11,0x11,0x11,0x11,0x11,0x11,0x11,0xf5,0x61,0x11,0x11,0x11,0x11,0x11,
    0x11,0x80,0x00,0xb1,0x40,0x00,0x00,0x00,0x00,0x00,0x00,0x00,0x00,0x00,0x00,0x00,
    0x00,0x00,0x00,0x00,0x00,0x00,0x00,0x00,0x00,0x00,0x00,0x04,0x1d,0x00,0x08,0x11,
    0x11,0x11,0x11,0x11,0x11,0x16,0x5f,0x11,0x11,0x11,0x11,0x11,0x11,0x11,0x11,0x1d,
    0x00,0x00,0x07,0x77,0x00,0x00,0x00,0x00,0x00,0x00,0x00,0x00,0x00,0x00,0x00,0x00,
    0x00,0x77,0x08,0x99,0xaa,0xaa,0xaa,0xaa,0xaa,0x99,0x99,0xaa,0xee,0xee,0xee,0xaa,
    0x99,0x99,0x99,0x99,0x99,0x87,0x77,0x00,0x00,0x00,0x00,0x00,0x00,0x00,0x00,0x00,
    0x00,0x00,0x00,0x00,0x07,0x77,0x00,0x00,0xd1,0x11,0x11,0x11,0x11,0x11,0x11,0x11,
    0x11,0xf5,0x61,0x11,0x11,0x11,0x11,0x11,0x11,0x80,0x00,0xb1,0x40,0x00,0x00,0x00,
    0x00,0x00,0x00,0x00,0x00,0x00,0x00,0x00,0x00,0x00,0x00,0x00,0x00,0x00,0x00,0x00,
    0x00,0x00,0x00,0x04,0x1d,0x00,0x04,0x11,0x11,0x11,0x11,0x11,0x11,0x16,0x5f,0x11,
    0x11,0x11,0x11,0x11,0x11,0x11,0x11,0x1d,0x00,0x00,0x00,0x00,0x00,0x00,0x07,0x77,
    0x00,0x77,0x70,0x00,0x00,0x00,0x00,0x00,0x00,0x00,0x00,0xb9,0xaa,0xaa,0xaa,0xaa,
    0xaa,0x99,0x99,0xaa,0xaa,0xaa,0xaa,0xaa,0x99,0x99,0x99,0x99,0x9b,0x00,0x00,0x00,
    0x70,0x00,0x00,0x00,0x00,0x00,0x00,0x00,0x00,0x77,0x00,0x00,0x00,0x00,0x00,0x00,
    0xd1,0x11,0x11,0x11,0x11,0x11,0x11,0x11,0x11,0xf5,0x61,0x11,0x11,0x11,0x11,0x11,
    0x11,0x40,0x00,0xb1,0x40,0x00,0x00,0x00,0x00,0x00,0x00,0x00,0x00,0x00,0x00,0x00,
    0x00,0x00,0x00,0x00,0x00,0x00,0x00,0x00,0x00,0x00,0x00,0x08,0x1d,0x07,0x5f,0x11,
    0x11,0x11,0x11,0x11,0x11,0x1d,0x74,0x61,0x11,0x11,0x11,0x11,0x11,0x11,0x11,0x1d,
    0x00,0x00,0x00,0x00,0x00,0x07,0x3d,0xd3,0x07,0x66,0x6d,0x44,0x44,0x44,0x44,0x44,
    0x00,0x00,0x00,0x78,0x99,0x99,0x99,0x99,0x99,0x99,0x99,0x99,0x99,0x99,0x99,0x99,
    0x99,0x99,0x99,0x99,0x87,0x00,0x00,0x00,0x61,0x66,0x44,0x44,0x44,0x44,0x44,0x00,
    0x3d,0xd3,0x70,0x00,0x00,0x00,0x00,0x00,0xd1,0x11,0x11,0x11,0x11,0x11,0x11,0x11,
    0x16,0x47,0x31,0x11,0x11,0x11,0x11,0x11,0x11,0xf5,0x70,0xb1,0x40,0x00,0x00,0x00,
    0x00,0x00,0x00,0x00,0x00,0x00,0x00,0x00,0x00,0x00,0x00,0x00,0x00,0x00,0x00,0x00,
    0x00,0x00,0x00,0x04,0x13,0x07,0xf3,0x11,0x11,0x11,0x11,0x11,0x11,0x13,0x08,0x61,
    0x11,0x11,0x11,0x11,0x11,0x11,0x11,0x1d,0x00,0x00,0x00,0x00,0x00,0x08,0x61,0x1d,
    0x07,0x11,0x11,0x44,0x44,0x44,0x44,0x44,0x00,0x00,0x00,0x00,0x99,0x99,0x99,0x99,
    0x99,0x99,0x99,0x99,0x99,0x99,0x99,0x99,0x99,0x99,0x99,0x99,0x00,0x00,0x00,0x00,
    0x11,0x11,0x54,0x44,0x44,0x44,0x44,0x70,0xd1,0x16,0x80,0x00,0x00,0x00,0x00,0x00,
    0xd1,0x11,0x11,0x11,0x11,0x11,0x11,0x11,0x16,0x80,0x31,0x11,0x11,0x11,0x11,0x11,
    0x11,0x3f,0x70,0x31,0x40,0x00,0x00,0x00,0x00,0x00,0x00,0x00,0x00,0x00,0x00,0x00,
    0x00,0x00,0x00,0x00,0x00,0x00,0x00,0x00,0x00,0x00,0x08,0x13,0x00,0x08,0x66,0x11,
    0x11,0x11,0x11,0x11,0x11,0x13,0x08,0x61,0x11,0x11,0x11,0x11,0x11,0x11,0x11,0x1d,
    0x00,0x00,0x00,0x00,0x07,0xd6,0x66,0x1d,0x07,0x11,0x11,0x44,0x44,0x44,0x44,0x44,
    0x00,0xd3,0x00,0x00,0x99,0x99,0x99,0x99,0x99,0x99,0x99,0x99,0x99,0x99,0x99,0x99,
    0x99,0x99,0x99,0x99,0x00,0x00,0x3d,0x70,0x11,0x11,0x54,0x44,0x44,0x44,0x44,0x70,
    0xd1,0x66,0xdd,0x70,0x00,0x00,0x00,0x00,0xd1,0x11,0x11,0x11,0x11,0x11,0x11,0x11,
    0x16,0x80,0x31,0x11,0x11,0x11,0x11,0x11,0x11,0x66,0x80,0x00,0x31,0x80,0x00,0x00,
    0x00,0x00,0x00,0x00,0x00,0x00,0x00,0x00,0x00,0x00,0x00,0x00,0x00,0x00,0x00,0x00,
    0x00,0x00,0x04,0x1d,0x00,0x08,0x61,0x11,0x11,0x11,0x11,0x11,0x11,0x13,0x08,0x61,
    0x11,0x11,0x11,0x11,0x11,0x11,0x11,0x1d,0x00,0x00,0x00,0x00,0x07,0x61,0x66,0x16,
    0x07,0x11,0x16,0x44,0x44,0x44,0x44,0x44,0x00,0x6d,0x70,0x00,0x99,0x99,0x99,0x99,
    0x99,0x99,0x99,0x99,0x99,0x99,0x99,0x99,0x99,0x99,0x99,0x99,0x00,0x07,0xd6,0x70,
    0x61,0x11,0x54,0x44,0x44,0x44,0x44,0x70,0xd1,0x66,0x66,0x70,0x00,0x00,0x00,0x00,
    0x61,0x11,0x11,0x11,0x11,0x11,0x11,0x11,0x16,0x80,0x31,0x11,0x11,0x11,0x11,0x11,
    0x11,0x16,0x80,0x00,0xb1,0x40,0x00,0x00,0x00,0x00,0x00,0x00,0x00,0x00,0x00,0x00,
    0x00,0x00,0x00,0x00,0x00,0x00,0x00,0x00,0x00,0x00,0x04,0x1d,0x00,0x08,0x61,0x11,
    0x11,0x11,0x11,0x11,0x11,0x13,0x08,0x61,0x11,0x11,0x11,0x11,0x11,0x11,0x11,0x16,
    0x63,0x07,0xee,0x00,0x08,0x11,0x11,0x11,0x00,0x44,0x44,0x44,0x44,0x44,0x44,0x44,
    0x00,0x66,0x63,0x00,0x99,0x99,0x99,0x99,0x99,0x99,0x99,0x99,0x99,0x99,0x99,0x99,
    0x99,0x99,0x99,0x99,0x70,0x36,0x66,0x70,0x45,0x55,0x44,0x44,0x44,0x44,0x44,0x70,
    0x11,0x11,0x11,0x70,0x00,0xee,0x70,0x36,0x11,0x11,0x11,0x11,0x11,0x11,0x11,0x11,
    0x16,0x80,0x31,0x11,0x11,0x11,0x11,0x11,0x11,0x16,0x80,0x00,0xb1,0x40,0x00,0x00,
    0x00,0x00,0x00,0x00,0x00,0x00,0x00,0x00,0x00,0x00,0x00,0x00,0x00,0x00,0x00,0x00,
    0x00,0x00,0x04,0x1d,0x00,0x08,0x61,0x11,0x11,0x11,0x11,0x11,0x11,0x13,0x08,0x61,
    0x11,0x11,0x16,0x66,0x11,0x11,0x11,0x11,0x1d,0x07,0xae,0x00,0x08,0x11,0x11,0x11,
    0x00,0x44,0x44,0x44,0x44,0x44,0x44,0x44,0x07,0x61,0x16,0x77,0x99,0x99,0x99,0x99,
    0x99,0x99,0x99,0x99,0x99,0x99,0x99,0x99,0x99,0x99,0x99,0x99,0x87,0x61,0x66,0x70,
    0x44,0x44,0x44,0x44,0x44,0x44,0x44,0x70,0x11,0x11,0x11,0x70,0x00,0xea,0x80,0x31,
    0x11,0x11,0x11,0x11,0x11,0x11,0x11,0x11,0x16,0x80,0x31,0x11,0x11,0x11,0x11,0x11,
    0x11,0x16,0x80,0x00,0xb1,0x40,0x00,0x00,0x00,0x00,0x00,0x00,0x00,0x00,0x00,0x00,
    0x00,0x00,0x00,0x00,0x00,0x00,0x00,0x00,0x00,0x00,0x04,0x1d,0x07,0x5f,0x61,0x11,
    0x11,0x11,0x11,0x11,0x11,0x13,0x08,0x11,0x11,0x11,0x16,0xff,0x11,0x11,0x11,0x11,
    0x1d,0x07,0xae,0x00,0x07,0x11,0x11,0x11,0x07,0xff,0xff,0x44,0x44,0x44,0xff,0xf5,
    0x07,0x11,0x11,0x99,0x99,0x99,0x99,0x99,0x99,0x99,0x99,0x99,0x99,0x99,0x99,0x99,
    0x99,0x99,0x99,0x99,0x99,0x11,0x11,0x70,0x5f,0xff,0x44,0x44,0x44,0xff,0xff,0x70,
    0x11,0x11,0x11,0x70,0x00,0xea,0x80,0xb1,0x11,0x11,0x11,0x11,0x11,0x11,0x11,0x11,
    0x11,0x80,0x31,0x11,0x11,0x11,0x11,0x11,0x11,0x16,0xf5,0x70,0xd1,0x40,0x00,0x00,
    0x00,0x00,0x00,0x00,0x00,0x00,0x00,0x00,0x00,0x00,0x00,0x00,0x00,0x00,0x00,0x00,
    0x00,0x00,0x74,0x13,0x07,0xf3,0x11,0x11,0x11,0x11,0x11,0x11,0x11,0x1d,0x74,0x66,
    0x11,0x11,0x16,0x5f,0x11,0x11,0x11,0x11,0x1d,0x07,0xae,0x00,0x08,0x11,0x11,0x11,
    0x07,0xff,0xff,0x44,0x44,0x44,0xff,0x3f,0x07,0x11,0x11,0x99,0x99,0x99,0x99,0x99,
    0x99,0x99,0x99,0x99,0x99,0x99,0x99,0x99,0x99,0x99,0x99,0x99,0x99,0x11,0x11,0x70,
    0xff,0xff,0x44,0x44,0x44,0xff,0xff,0x70,0x61,0x11,0x11,0x70,0x00,0xea,0x70,0xd1,
    0x11,0x11,0x11,0x11,0x66,0x11,0x11,0x11,0x66,0x47,0x31,0x11,0x11,0x11,0x11,0x11,
    0x11,0x11,0x3f,0x70,0x31,0x47,0x00,0x00,0x00,0x00,0x00,0x00,0x00,0x00,0x00,0x00,
    0x00,0x00,0x00,0x00,0x00,0x00,0x00,0x00,0x00,0x04,0x63,0x77,0x08,0x66,0x11,0x11,
    0x11,0x11,0x11,0x11,0x11,0x16,0x25,0x74,0x11,0x11,0x16,0x5f,0x11,0x11,0x11,0x11,
    0x1d,0x07,0xaa,0xe5,0x08,0x11,0x11,0x11,0x07,0xff,0xff,0x44,0x44,0x44,0xff,0xff,
    0x07,0x11,0x11,0x99,0x99,0x99,0x99,0x99,0x99,0x99,0x99,0x99,0x99,0x99,0x99,0x99,
    0x99,0x99,0x99,0x99,0x99,0x11,0x11,0x70,0xff,0xff,0x44,0x44,0x44,0xff,0xff,0x70,
    0x11,0x11,0x11,0x70,0x5e,0xaa,0x70,0xd1,0x11,0x11,0x11,0x11,0xff,0x61,0x11,0x11,
    0x48,0x52,0x61,0x11,0x11,0x11,0x11,0x11,0x11,0x11,0x66,0x80,0x77,0x31,0x40,0x00,
    0x00,0x00,0x00,0x00,0x00,0x00,0x00,0x00,0x00,0x00,0x00,0x00,0x00,0x00,0x00,0x00,
    0x00,0x04,0x1d,0x00,0x08,0x11,0x11,0x11,0x11,0x11,0x11,0x11,0x11,0x16,0xc2,0x08,
    0x11,0x11,0x16,0x5f,0x11,0x11,0x11,0x11,0x1d,0x07,0xaa,0xae,0x08,0x11,0x11,0x11,
    0x07,0xff,0xff,0x44,0x44,0x44,0xff,0xff,0x07,0x11,0x11,0x99,0x99,0x99,0x99,0x99,
    0x99,0x99,0x99,0x99,0x99,0x99,0x99,0x99,0x99,0x99,0x99,0x99,0x99,0x11,0x11,0x70,
    0xff,0xff,0x44,0x44,0x44,0xff,0xff,0x70,0x11,0x11,0x11,0x80,0xea,0xaa,0x70,0xd1,
    0x11,0x11,0x11,0x11,0xf5,0x61,0x11,0x11,0x80,0x2c,0x61,0x11,0x11,0x11,0x11,0x11,
    0x11,0x11,0x11,0x40,0x00,0xb1,0x40,0x00,0x00,0x00,0x00,0x00,0x00,0x00,0x00,0x00,
    0x00,0x00,0x00,0x00,0x00,0x00,0x00,0x00,0x00,0x04,0x1d,0x00,0x08,0x11,0x11,0x11,
    0x11,0x11,0x11,0x11,0x11,0x16,0xc2,0x08,0x11,0x11,0x16,0x5f,0x11,0x11,0x11,0x11,
    0x1d,0x07,0xea,0x99,0x9b,0x74,0x11,0x11,0x07,0xff,0xff,0xff,0xff,0xff,0xff,0xff,
    0x07,0x11,0x11,0x99,0x99,0x99,0x99,0x99,0x99,0x99,0x99,0x99,0x99,0x99,0x99,0x99,
    0x99,0x99,0x99,0x99,0x99,0x11,0x11,0x70,0xff,0xff,0xff,0xff,0xff,0xff,0xff,0x70,
    0x11,0x11,0x47,0xa9,0x99,0xae,0x70,0xb1,0x11,0x11,0x11,0x11,0xf5,0x61,0x11,0x11,
    0x80,0x2c,0x61,0x11,0x11,0x11,0x11,0x11,0x11,0x11,0x11,0x40,0x00,0xb1,0x40,0x00,
    0x00,0x00,0x00,0x00,0x00,0x00,0x00,0x00,0x00,0x00,0x00,0x00,0x00,0x00,0x00,0x00,
    0x00,0x04,0x1d,0x00,0x04,0x11,0x11,0x11,0x11,0x11,0x11,0x11,0x11,0x16,0xcf,0x08,
    0x11,0x11,0x16,0x5f,0x11,0x11,0x11,0x11,0x1d,0x07,0xea,0x99,0x9b,0x08,0x11,0x11,
    0x77,0xff,0xff,0xff,0xff,0xff,0xff,0xff,0x78,0x11,0x11,0x99,0x99,0x99,0x99,0x99,
    0x99,0x99,0x99,0x99,0x99,0x99,0x99,0x99,0x99,0x99,0x99,0x99,0x99,0x11,0x11,0x80,
    0x5f,0xff,0xff,0xff,0xff,0xff,0xff,0x77,0x11,0x11,0x80,0xb9,0x99,0xae,0x70,0xd1,
    0x11,0x11,0x11,0x11,0xf5,0x61,0x11,0x11,0x80,0x2c,0x61,0x11,0x11,0x11,0x11,0x11,
    0x11,0x11,0x11,0x40,0x00,0xb1,0x40,0x00,0x00,0x00,0x00,0x00,0x00,0x00,0x00,0x00,
    0x00,0x00,0x00,0x00,0x00,0x00,0x00,0x00,0x00,0x04,0x1d,0x07,0x5f,0x11,0x16,0xcd,
    0x11,0x11,0x11,0x11,0x11,0x16,0xcf,0x08,0x11,0x11,0x16,0x5f,0x11,0x11,0x11,0x11,
    0x16,0xf5,0x78,0x99,0x99,0xa5,0x74,0x11,0x16,0x77,0xf3,0xff,0xff,0xff,0x3f,0x77,
    0x61,0x11,0x99,0x99,0x99,0x99,0x99,0x99,0x99,0x99,0x99,0x99,0x99,0x99,0x99,0x99,
    0x99,0x99,0x99,0x99,0x99,0x99,0x11,0x11,0x77,0xf3,0xff,0xff,0xff,0xff,0x87,0x61,
    0x11,0x47,0xea,0x99,0x99,0x80,0x55,0x61,0x11,0x11,0x11,0x11,0xf5,0x61,0x11,0x11,
    0x80,0x2c,0x61,0x11,0x11,0x11,0x11,0x11,0xd3,0x61,0x11,0x3f,0x70,0xb1,0x40,0x00,
    0x00,0x00,0x00,0x00,0x00,0x00,0x00,0x00,0x00,0x00,0x00,0x00,0x00,0x00,0x00,0x00,
    0x00,0x04,0x13,0x07,0xf3,0x11,0x16,0xc3,0x11,0x11,0x11,0x11,0x11,0x16,0xcf,0x08,
    0x16,0x11,0x16,0x5f,0x66,0x11,0x11,0x11,0x16,0x3f,0x08,0x99,0x99,0xae,0x08,0x11,
    0x11,0x78,0xff,0xff,0xff,0xff,0xff,0x78,0x11,0x11,0x99,0x99,0x99,0x99,0x99,0x99,
    0x99,0x99,0x99,0x99,0x99,0x99,0x99,0x99,0x99,0x99,0x99,0x99,0x99,0x99,0x11,0x11,
    0x87,0x5f,0xff,0xff,0xff,0xff,0x87,0x11,0x11,0x80,0xea,0x99,0x99,0x80,0x5f,0x61,
    0x11,0x11,0x11,0x11,0xf5,0x61,0x11,0x61,0x80,0x2c,0x61,0x11,0x11,0x11,0x11,0x11,
    0xcc,0x61,0x11,0x3f,0x70,0x31,0x40,0x00,0x00,0x00,0x00,0x00,0x00,0x00,0x00,0x00,
    0x00,0x00,0x00,0x00,0x00,0x00,0x00,0x00,0x08,0x1f,0x70,0x08,0x16,0x11,0x16,0xcd,
    0x11,0x11,0x11,0x11,0x11,0x16,0xc5,0x07,0x33,0x11,0x16,0x55,0xff,0x11,0x11,0x11,
    0x16,0x6d,0x08,0x99,0x99,0x99,0xee,0xbb,0x11,0x1d,0x77,0x77,0x77,0x77,0x78,0x61,
    0x11,0x99,0x99,0x99,0x99,0x99,0x99,0x99,0x99,0x99,0x99,0x99,0x99,0x99,0x99,0x99,
    0x99,0x99,0x99,0x99,0x99,0x99,0x91,0x11,0x16,0x87,0x77,0x77,0x77,0x77,0xb1,0x11,
    0xba,0xee,0x99,0x99,0x99,0x80,0x36,0x61,0x11,0x11,0x11,0x11,0xf5,0x61,0x11,0x32,
    0x70,0x2c,0x61,0x11,0x11,0x11,0x11,0x11,0xdc,0x61,0x11,0x61,0x80,0x07,0xf1,0x40,
    0x00,0x00,0x00,0x00,0x00,0x00,0x00,0x00,0x00,0x00,0x00,0x00,0x00,0x00,0x00,0x00,
    0x04,0x13,0x00,0x08,0x11,0x11,0x16,0xcd,0x11,0x11,0x11,0x11,0x11,0x16,0xc2,0x77,
    0xff,0x11,0x16,0xff,0x5f,0x11,0x11,0x11,0x11,0x1d,0x78,0x99,0x99,0x99,0xaa,0xab,
    0x11,0x16,0x70,0x77,0x77,0x77,0x78,0x11,0x11,0x99,0x99,0x99,0x99,0x99,0x99,0x99,
    0x99,0x99,0x99,0x99,0x99,0x99,0x99,0x99,0x99,0x99,0x99,0x99,0x99,0x99,0x99,0x11,
    0x11,0x80,0x77,0x77,0x77,0x77,0x91,0x11,0xba,0xaa,0x99,0x99,0x99,0x80,0xd1,0x11,
    0x11,0x11,0x11,0x11,0xf5,0x61,0x11,0x2f,0x77,0x2c,0x61,0x11,0x11,0x11,0x11,0x11,
    0xdc,0x61,0x11,0x11,0x80,0x00,0x31,0x40,0x00,0x00,0x00,0x00,0x00,0x00,0x00,0x00,
    0x00,0x00,0x00,0x00,0x00,0x00,0x00,0x00,0x08,0x13,0x00,0x08,0x11,0x11,0x16,0xcd,
    0x11,0x11,0x11,0x11,0x11,0x16,0xcc,0x25,0x04,0x11,0x16,0x66,0x5f,0x11,0x11,0x11,
    0x11,0x1d,0x08,0x99,0x99,0x99,0x99,0x99,0x99,0x99,0xbb,0xbb,0xbb,0xbb,0xb9,0x99,
    0x99,0x99,0x99,0x99,0x99,0x99,0x99,0x99,0x99,0x99,0x99,0x99,0x99,0x99,0x99,0x99,
    0x99,0x99,0x99,0x99,0x99,0x99,0x99,0x99,0x99,0x9b,0xbb,0xbb,0xbb,0xbb,0x99,0x99,
    0x99,0x99,0x99,0x99,0x99,0x80,0xd1,0x11,0x11,0x11,0x11,0x11,0xf5,0x61,0x11,0x47,
    0x52,0xcc,0x61,0x11,0x11,0x11,0x11,0x11,0xdc,0x61,0x11,0x11,0x80,0x00,0x31,0x40,
    0x00,0x00,0x00,0x00,0x00,0x00,0x00,0x00,0x00,0x00,0x00,0x00,0x00,0x00,0x00,0x00,
    0x08,0x13,0x00,0x08,0x11,0x11,0x16,0xcd,0x11,0x11,0x11,0x11,0x11,0x16,0xcc,0xc2,
    0x08,0x11,0x11,0x16,0x5f,0x11,0x11,0x11,0x11,0x1d,0x78,0x99,0x99,0x99,0x99,0x99,
    0x99,0x99,0x99,0x99,0x99,0x99,0x99,0x99,0x99,0x99,0x99,0x99,0x99,0x99,0x99,0x99,
    0x99,0x99,0x99,0x99,0x99,0x99,0x99,0x99,0x99,0x99,0x99,0x99,0x99,0x99,0x99,0x99,
    0x99,0x99,0x99,0x99,0x99,0x99,0x99,0x99,0x99,0x99,0x99,0x99,0x99,0x87,0xd1,0x11,
    0x11,0x11,0x11,0x61,0xff,0x61,0x11,0x80,0x2c,0xcc,0x61,0x11,0x11,0x11,0x11,0x11,
    0xdc,0x61,0x11,0x11,0x40,0x00,0x31,0x40,0x00,0x00,0x00,0x00,0x00,0x00,0x00,0x00,
    0x00,0x00,0x00,0x00,0x00,0x00,0x00,0x00,0x08,0x13,0x07,0x5f,0x11,0x11,0x16,0xcd,
    0x11,0x11,0x11,0x11,0x11,0x16,0xcc,0xc2,0x08,0x11,0x11,0x16,0x5f,0x11,0x11,0x11,
    0x11,0x16,0xf5,0x78,0x99,0x99,0x99,0x99,0x99,0x99,0x99,0x99,0x99,0x99,0x99,0x99,
    0x99,0x99,0x99,0x99,0x99,0x99,0x99,0x99,0x99,0x99,0x99,0x99,0x99,0x99,0x99,0x99,
    0x99,0x99,0x99,0x99,0x99,0x99,0x99,0x99,0x99,0x99,0x99,0x99,0x99,0x99,0x99,0x99,
    0x99,0x99,0x99,0x99,0xaa,0x55,0x61,0x11,0x11,0x11,0x11,0xff,0x66,0x11,0x11,0x80,
    0x2c,0xcc,0x61,0x11,0x11,0x11,0x11,0x11,0xcc,0x61,0x11,0x11,0xf5,0x70,0x31,0x40,
    0x00,0x00,0x00,0x00,0x00,0x00,0x00,0x00,0x00,0x00,0x00,0x00,0x00,0x00,0x00,0x00,
    0x08,0x1f,0x07,0xf3,0x11,0x11,0x16,0xcd,0x11,0x11,0x11,0x11,0x11,0x16,0xcc,0xc2,
    0x08,0x11,0x11,0x16,0x5f,0x66,0x11,0x11,0x11,0x16,0x3f,0x07,0x99,0x99,0x99,0x99,
    0x99,0x99,0x99,0x99,0x99,0x99,0x99,0x99,0x99,0x99,0x99,0x99,0x99,0x99,0x99,0x99,
    0x99,0x99,0x99,0x99,0x99,0x99,0x99,0x99,0x99,0x99,0x99,0x99,0x99,0x99,0x99,0x99,
    0x99,0x99,0x99,0x99,0x99,0x99,0x99,0x99,0x99,0x99,0x99,0x99,0xae,0x5f,0x61,0x11,
    0x11,0x11,0x11,0xf5,0x61,0x11,0x11,0x80,0x2c,0xcc,0x61,0x11,0x11,0x11,0x11,0x11,
    0xdc,0x61,0x11,0x11,0x3f,0x70,0xf1,0x40,0x00,0x00,0x00,0x00,0x00,0x00,0x00,0x00,
    0x00,0x00,0x00,0x00,0x00,0x00,0x00,0x08,0x13,0x00,0x08,0x66,0x11,0x16,0xcc,0xcd,
    0x11,0x11,0x11,0x11,0x11,0x16,0xcc,0xc2,0x07,0x33,0x61,0x11,0x66,0x5f,0x61,0x11,
    0x11,0x11,0x13,0x07,0x99,0x99,0x99,0x99,0x99,0x99,0x99,0x99,0x99,0x99,0x99,0x99,
    0x99,0x99,0x99,0x99,0x99,0x99,0x99,0x99,0x99,0x99,0x99,0x99,0x99,0x99,0x99,0x99,
    0x99,0x99,0x99,0x99,0x99,0x99,0x99,0x99,0x99,0x99,0x99,0x99,0x99,0x99,0x99,0x99,
    0x99,0x99,0x99,0x99,0x80,0x36,0x11,0x11,0x11,0x11,0x11,0xf5,0x61,0x16,0xd3,0x70,
    0x2c,0xcc,0x61,0x11,0x11,0x11,0x11,0x11,0xcc,0x61,0x11,0x11,0x66,0x40,0x00,0x31,
    0x40,0x00,0x00,0x00,0x00,0x00,0x00,0x00,0x00,0x00,0x00,0x00,0x00,0x00,0x00,0x04,
    0x1d,0x00,0x08,0x11,0x11,0x16,0xcc,0xcd,0x11,0x11,0x11,0x11,0x11,0x16,0xcc,0xc2,
    0x78,0xf3,0x61,0x11,0x16,0x5f,0x61,0x11,0x11,0x11,0x1d,0x07,0x99,0x99,0x99,0x99,
    0x99,0x99,0x99,0x99,0x99,0x99,0x99,0x99,0x99,0x99,0x99,0x99,0x99,0x99,0x99,0x99,
    0x99,0x99,0x99,0x99,0x99,0x99,0x99,0x99,0x99,0x99,0x99,0x99,0x99,0x99,0x99,0x99,
    0x99,0x99,0x99,0x99,0x99,0x99,0x99,0x99,0x99,0x99,0x99,0x99,0x70,0x36,0x11,0x11,
    0x11,0x11,0x11,0xf5,0x61,0x16,0x3f,0x87,0x2c,0xcc,0x61,0x11,0x11,0x11,0x11,0x11,
    0xcc,0x66,0x11,0x11,0x11,0x40,0x00,0xb1,0x40,0x00,0x00,0x00,0x00,0x00,0x00,0x00,
    0x00,0x00,0x00,0x00,0x00,0x00,0x00,0x04,0x1d,0x00,0x08,0x11,0x11,0x16,0xcc,0xcd,
    0x11,0x11,0x11,0x11,0x11,0x16,0xcc,0xcc,0x25,0x74,0x61,0x11,0x16,0x5f,0x11,0x11,
    0x11,0x11,0x1d,0x07,0x99,0x99,0x99,0x99,0x99,0x99,0x99,0x99,0x99,0x99,0x99,0x99,
    0x99,0x99,0x99,0x99,0x99,0x99,0x99,0x99,0x99,0x99,0x99,0x99,0x99,0x99,0x99,0x99,
    0x99,0x99,0x99,0x99,0x99,0x99,0x99,0x99,0x99,0x99,0x99,0x99,0x99,0x99,0x99,0x99,
    0x99,0x99,0x99,0x99,0x70,0x31,0x11,0x11,0x11,0x11,0x11,0xf5,0x61,0x16,0x47,0x52,
    0xcc,0xcc,0x61,0x11,0x11,0x11,0x11,0x11,0xcc,0xcc,0x61,0x11,0x11,0x40,0x00,0xb1,
    0x40,0x00,0x00,0x00,0x00,0x00,0x00,0x00,0x00,0x00,0x00,0x00,0x00,0x00,0x00,0x04,
    0x1d,0x00,0x04,0x11,0x11,0x16,0x22,0xcd,0x11,0x11,0x11,0x11,0x11,0x16,0xcc,0xcc,
    0xcf,0x08,0x66,0x11,0x16,0x5f,0x66,0x11,0x11,0x11,0x1d,0x78,0xb9,0x99,0x99,0x99,
    0x99,0x99,0x99,0x99,0x99,0x99,0x99,0x99,0x99,0x99,0x99,0x99,0x99,0x99,0x99,0x99,
    0x99,0x99,0x99,0x99,0x99,0x99,0x99,0x99,0x99,0x99,0x99,0x99,0x99,0x99,0x99,0x99,
    0x99,0x99,0x99,0x99,0x99,0x99,0x99,0x99,0x99,0x99,0x99,0x96,0x80,0xb1,0x11,0x11,
    0x11,0x11,0x66,0xff,0x61,0x66,0x80,0x2c,0xcc,0xcc,0x61,0x11,0x11,0x11,0x11,0x11,
    0xcc,0x2f,0x61,0x11,0x11,0x40,0x00,0xb1,0x40,0x00,0x00,0x00,0x00,0x00,0x00,0x00,
    0x00,0x00,0x00,0x00,0x00,0x00,0x00,0x04,0x1d,0x07,0x5f,0x11,0x11,0x13,0x08,0xcd,
    0x11,0x11,0x11,0x11,0x11,0x16,0xcc,0xcc,0xcf,0x07,0xf3,0x11,0x16,0x5f,0xff,0x61,
    0x11,0x11,0x16,0xf5,0x78,0x99,0x99,0x99,0x99,0x99,0x99,0x99,0x99,0x99,0x99,0x99,
    0x99,0x99,0x99,0x99,0x99,0x99,0x99,0x99,0x99,0x99,0x99,0x99,0x99,0x99,0x99,0x99,
    0x99,0x99,0x99,0x99,0x99,0x99,0x99,0x99,0x99,0x99,0x99,0x99,0x99,0x99,0x99,0x99,
    0x99,0x99,0x99,0x47,0x55,0x61,0x11,0x11,0x11,0x16,0xff,0xd6,0x11,0x3f,0x70,0x2c,
    0xcc,0xcc,0x61,0x11,0x11,0x11,0x11,0x11,0xdc,0x80,0x31,0x11,0x11,0xf5,0x70,0xb1,
    0x40,0x00,0x00,0x00,0x00,0x00,0x00,0x00,0x00,0x00,0x00,0x00,0x00,0x00,0x00,0x04,
    0x13,0x08,0xf3,0x11,0x11,0x13,0x07,0xcd,0x11,0x11,0x11,0x11,0x11,0x16,0xcc,0xcc,
    0xc2,0x78,0xf3,0x11,0x16,0xf5,0x5f,0x61,0x11,0x11,0x16,0x3f,0x07,0x99,0x99,0x99,
    0x99,0x99,0x99,0x99,0x99,0x99,0x99,0x99,0x99,0x99,0x99,0x99,0x99,0x99,0x99,0x99,
    0x99,0x99,0x99,0x99,0x99,0x99,0x99,0x99,0x99,0x99,0x99,0x99,0x99,0x99,0x99,0x99,
    0x99,0x99,0x99,0x99,0x99,0x99,0x99,0x99,0x99,0x99,0x99,0x80,0xff,0x61,0x11,0x11,
    0x11,0x16,0xf5,0x61,0x11,0x3f,0x87,0x2c,0xcc,0xcc,0x61,0x11,0x11,0x11,0x11,0x11,
    0xdc,0x70,0x31,0x11,0x11,0x3f,0x80,0x31,0x40,0x00,0x00,0x00,0x00,0x00,0x00,0x00,
    0x00,0x00,0x00,0x00,0x00,0x00,0x04,0x13,0x00,0x04,0x66,0x11,0x11,0x13,0x07,0xc3,
    0x11,0x11,0x11,0x11,0x11,0x16,0xcc,0xcc,0xcc,0x25,0x74,0x11,0x16,0x55,0x5f,0x61,
    0x11,0x11,0x11,0x1d,0x08,0x99,0x99,0x99,0x99,0x99,0x99,0x99,0x99,0x99,0x99,0x99,
    0x99,0x99,0x99,0x99,0x99,0x99,0x99,0x99,0x99,0x99,0x99,0x11,0x99,0x99,0x99,0x99,
    0x99,0x99,0x99,0x99,0x99,0x99,0x99,0x99,0x99,0x99,0x99,0x99,0x99,0x99,0x99,0x99,
    0x99,0x99,0x99,0x80,0xd1,0x11,0x11,0x11,0x11,0x3f,0x55,0x61,0x11,0x47,0x52,0xcc,
    0xcc,0xcc,0x61,0x11,0x11,0x11,0x11,0x11,0xdc,0x80,0x31,0x11,0x11,0x66,0x40,0x07,
    0x31,0x40,0x00,0x00,0x00,0x00,0x00,0x00,0x00,0x00,0x00,0x00,0x00,0x00,0x04,0x1d,
    0x00,0x04,0x11,0x11,0x11,0x63,0x08,0xcd,0x11,0x11,0x11,0x11,0x11,0x16,0xcc,0xcc,
    0xcc,0xc2,0x08,0x66,0x16,0xf5,0x5f,0x61,0x11,0x11,0x11,0x16,0x78,0xb9,0x99,0x99,
    0x99,0x99,0x99,0x99,0x99,0x99,0x99,0x99,0x99,0x99,0x99,0x99,0x99,0x99,0x99,0x99,
    0x99,0x99,0x99,0x11,0x99,0x99,0x99,0x99,0x99,0x99,0x99,0x99,0x99,0x99,0x99,0x99,
    0x99,0x99,0x99,0x99,0x99,0x99,0x99,0x99,0x99,0x99,0x96,0x80,0x61,0x11,0x11,0x11,
    0x16,0xf5,0x5f,0x61,0x66,0x80,0x2c,0xcc,0xcc,0xcc,0x61,0x11,0x11,0x11,0x11,0x11,
    0xcc,0x80,0x31,0x11,0x11,0x11,0x40,0x00,0xb1,0x40,0x00,0x00,0x00,0x00,0x00,0x00,
    0x00,0x00,0x00,0x00,0x00,0x00,0x04,0x1d,0x00,0x04,0x11,0x11,0x13,0x00,0x08,0xcd,
    0x11,0x11,0x11,0x11,0x11,0x16,0xcc,0xcc,0xcc,0xc2,0x07,0xf3,0x11,0x13,0x07,0x5f,
    0x11,0x11,0x11,0x16,0xf5,0x08,0x99,0x99,0x99,0x99,0x99,0x99,0x99,0x99,0x99,0x99,
    0x99,0x99,0x99,0x99,0x99,0x99,0x99,0x99,0x99,0x99,0x99,0x11,0x99,0x99,0x99,0x99,
    0x99,0x99,0x99,0x99,0x99,0x99,0x99,0x99,0x99,0x99,0x99,0x99,0x99,0x99,0x99,0x99,
    0x99,0x99,0x80,0x55,0x61,0x11,0x11,0x11,0x3f,0x80,0x36,0x11,0x33,0x80,0x2c,0xcc,
    0xcc,0xcc,0x61,0x11,0x11,0x11,0x11,0x11,0xcc,0x80,0x31,0x11,0x11,0x11,0x40,0x00,
    0xb1,0x40,0x00,0x00,0x00,0x00,0x00,0x00,0x00,0x00,0x00,0x00,0x00,0x00,0x04,0x1d,
    0x00,0x04,0x11,0x11,0x13,0x00,0x08,0xcd,0x11,0x11,0x11,0x11,0x11,0x16,0xcc,0xcc,
    0xcc,0xc2,0x78,0x5f,0x11,0x13,0x78,0x55,0x16,0x11,0x11,0x16,0x3f,0x07,0x99,0x99,
    0x99,0x99,0x99,0x99,0x99,0x99,0x99,0x99,0x99,0x99,0x99,0x99,0x99,0x99,0x99,0x99,
    0x99,0x99,0x99,0x11,0x99,0x99,0x99,0x99,0x99,0x99,0x99,0x99,0x99,0x99,0x99,0x99,
    0x99,0x99,0x99,0x99,0x99,0x99,0x99,0x99,0x99,0x99,0x70,0x5f,0x61,0x11,0x11,0x66,
    0xf5,0x87,0xb1,0x11,0x3f,0x87,0x2c,0xcc,0xcc,0xcc,0x61,0x11,0x11,0x11,0x11,0x11,
    0xdc,0x80,0xf6,0x61,0x11,0x11,0x40,0x00,0xb1,0x40,0x00,0x00,0x00,0x00,0x00,0x00,
    0x00,0x00,0x00,0x00,0x00,0x00,0x04,0x1d,0x00,0x04,0x11,0x11,0x13,0x00,0x08,0xcd,
    0x11,0x11,0x11,0x11,0x11,0x16,0xcc,0xcc,0xcc,0xcc,0x25,0x08,0x11,0x16,0x63,0x77,
    0xf3,0x11,0x11,0x11,0x6d,0x07,0x99,0x99,0x99,0x99,0x99,0x99,0x99,0x99,0x99,0x99,
    0x99,0x99,0x99,0x99,0x99,0x99,0x99,0x99,0x99,0x99,0x99,0x11,0x99,0x99,0x99,0x99,
    0x99,0x99,0x99,0x99,0x99,0x99,0x99,0x99,0x99,0x99,0x99,0x99,0x99,0x99,0x99,0x99,
    0x99,0x99,0x70,0x36,0x11,0x11,0x11,0xff,0x77,0x36,0x61,0x11,0x80,0x52,0xcc,0xcc,
    0xcc,0xcc,0x61,0x11,0x11,0x11,0x11,0x11,0xdc,0x80,0x07,0x31,0x11,0x11,0x40,0x00,
    0xb1,0x40,0x00,0x00,0x00,0x00,0x00,0x00,0x00,0x00,0x00,0x00,0x00,0x00,0x04,0x1d,
    0x00,0x04,0x11,0x11,0x13,0x00,0x08,0xcd,0x66,0x11,0x11,0x11,0x11,0x16,0xcc,0xcc,
    0xcc,0xcc,0xc2,0x78,0xd6,0x11,0x1d,0x07,0x5f,0x61,0x11,0x11,0x1d,0x78,0xb9,0x99,
    0x99,0x99,0x99,0x99,0x99,0x99,0x99,0x99,0x99,0x99,0x99,0x99,0x99,0x99,0x99,0x99,
    0x99,0x99,0x99,0x11,0x99,0x99,0x99,0x99,0x99,0x99,0x99,0x99,0x99,0x99,0x99,0x99,
    0x99,0x99,0x99,0x99,0x99,0x99,0x99,0x99,0x99,0x9b,0x87,0xd1,0x11,0x11,0x16,0xf5,
    0x70,0xd1,0x11,0x6d,0x80,0x2c,0xcc,0xcc,0xcc,0xcc,0x61,0x11,0x11,0x11,0x11,0x61,
    0xdc,0x80,0x00,0x31,0x11,0x11,0x40,0x00,0xb1,0x40,0x00,0x00,0x00,0x00,0x00,0x00,
    0x00,0x00,0x00,0x00,0x00,0x00,0x04,0x1d,0x00,0x04,0x11,0x11,0x13,0x00,0x08,0xcc,
    0xcd,0x11,0x11,0x11,0x11,0x16,0xcc,0xcc,0xcc,0xcc,0xcc,0x25,0x74,0x11,0x1d,0x00,
    0x08,0x33,0x11,0x11,0x16,0x63,0x78,0x99,0x99,0x99,0x99,0x99,0x99,0x99,0x99,0x99,
    0x99,0x99,0x99,0x99,0x99,0x99,0x99,0x99,0x99,0x99,0x99,0x99,0x99,0x99,0x99,0x99,
    0x99,0x99,0x99,0x99,0x99,0x99,0x99,0x99,0x99,0x99,0x99,0x99,0x99,0x99,0x99,0x99,
    0x99,0x47,0x36,0x61,0x11,0x11,0xd3,0x87,0x00,0xb1,0x11,0x47,0x52,0xcc,0xcc,0xcc,
    0xcc,0xcc,0x61,0x11,0x11,0x11,0x11,0xdc,0xcc,0x80,0x00,0x31,0x11,0x11,0x40,0x00,
    0xb1,0x40,0x00,0x00,0x00,0x00,0x00,0x00,0x00,0x00,0x00,0x00,0x00,0x00,0x04,0x1d,
    0x00,0x04,0x11,0x11,0x13,0x00,0x08,0xcc,0xc3,0x11,0x11,0x11,0x11,0x16,0xcc,0xcc,
    0xcc,0xcc,0xcc,0xc2,0x08,0x66,0x1d,0x77,0x07,0xf3,0x66,0x61,0x11,0x1d,0x78,0x99,
    0x99,0x99,0x99,0x99,0x99,0x99,0x99,0x99,0x99,0x99,0x99,0x99,0x99,0x99,0x99,0x99,
    0x99,0x99,0x99,0x99,0x99,0x99,0x99,0x99,0x99,0x99,0x99,0x99,0x99,0x99,0x99,0x99,
    0x99,0x99,0x99,0x99,0x99,0x99,0x99,0x99,0x96,0x87,0xd1,0x11,0x11,0x66,0x3f,0x70,
    0x77,0xd1,0x66,0x80,0x2c,0xcc,0xcc,0xcc,0xcc,0xcc,0x61,0x11,0x11,0x11,0x11,0xdc,
    0xcc,0x80,0x00,0x31,0x11,0x11,0x40,0x00,0xb1,0x40,0x00,0x00,0x00,0x00,0x00,0x00,
    0x00,0x00,0x00,0x00,0x00,0x00,0x04,0x1d,0x00,0x04,0x11,0x11,0x13,0x00,0x08,0xcc,
    0xc3,0x11,0x11,0x11,0x11,0x16,0xcc,0xcc,0xcc,0xcc,0xcc,0xc2,0x77,0x74,0x61,0x63,
    0x00,0x77,0x78,0x61,0x11,0x11,0x63,0x78,0x99,0x99,0x99,0x99,0x99,0x99,0x99,0x99,
    0x99,0x99,0x99,0x99,0x99,0x99,0x99,0x99,0x99,0x99,0x99,0x87,0x99,0x99,0x99,0x99,
    0x99,0x99,0x99,0x99,0x99,0x99,0x99,0x99,0x99,0x99,0x99,0x99,0x99,0x99,0x99,0x99,
    0x87,0x36,0x11,0x11,0x16,0x47,0x77,0x00,0x36,0x11,0x47,0x88,0x2c,0xcc,0xcc,0xcc,
    0xcc,0xcc,0x61,0x11,0x11,0x11,0x11,0xdc,0xcc,0x80,0x00,0x31,0x11,0x11,0x40,0x00,
    0xb1,0x40,0x00,0x00,0x00,0x00,0x00,0x00,0x00,0x00,0x00,0x00,0x00,0x00,0x04,0x1d,
    0x00,0x04,0x11,0x11,0x13,0x00,0x08,0xcc,0xc3,0x11,0x11,0x11,0x11,0x16,0xcc,0xcc,
    0xcc,0xcc,0xcc,0xc2,0x87,0x08,0x61,0x1d,0x00,0x00,0x07,0xd6,0x66,0x11,0x1d,0x78,
    0xb9,0x99,0x99,0x99,0x99,0x99,0x99,0x99,0x99,0x99,0x99,0x99,0x99,0x99,0x99,0x99,
    0x99,0x99,0x99,0x70,0x99,0x99,0x99,0x99,0x99,0x99,0x99,0x99,0x99,0x99,0x99,0x99,
    0x99,0x99,0x99,0x99,0x99,0x99,0x99,0x96,0x87,0xd1,0x11,0x66,0x66,0x80,0x00,0x77,
    0xd1,0x66,0x80,0x44,0x2c,0xcc,0xcc,0xcc,0xcc,0xc3,0x61,0x11,0x11,0x11,0x11,0xcc,
    0xcc,0x80,0x00,0x31,0x11,0x11,0x40,0x00,0xb1,0x40,0x00,0x00,0x00,0x00,0x00,0x00,
    0x00,0x00,0x00,0x00,0x00,0x00,0x04,0x1d,0x00,0x04,0x11,0x11,0x13,0x00,0x08,0xcc,
    0xc3,0x11,0x11,0x11,0x11,0x11,0x16,0xcc,0xcc,0xcc,0xcc,0xcc,0xc2,0x07,0x5f,0x16,
    0xf5,0x00,0x00,0x00,0x08,0x11,0x11,0x1d,0x07,0x99,0x99,0x99,0x99,0x99,0x99,0x99,
    0x99,0x99,0x99,0x99,0x99,0x99,0x99,0x99,0x99,0x99,0x99,0x70,0x99,0x99,0x99,0x99,
    0x99,0x99,0x99,0x99,0x99,0x99,0x99,0x99,0x99,0x99,0x99,0x99,0x99,0x99,0x99,0x80,
    0xb6,0x11,0x11,0x80,0x70,0x00,0x00,0x5f,0x66,0x80,0x00,0x2c,0xcc,0xcc,0xcc,0xcc,
    0xcc,0x61,0x11,0x11,0x11,0x11,0x11,0xcc,0xcc,0x80,0x00,0x31,0x11,0x11,0x40,0x00,
    0xb1,0x40,0x00,0x00,0x00,0x00,0x00,0x00,0x00,0x00,0x00,0x00,0x00,0x00,0x04,0x1d,
    0x00,0x04,0x11,0x11,0x13,0x00,0x08,0xcc,0xcc,0x66,0x11,0x11,0x11,0x11,0x16,0x2c,
    0xcc,0xcc,0xcc,0xcc,0xc2,0x78,0x55,0x6d,0xff,0x00,0x00,0x00,0x07,0x66,0x66,0x6d,
    0x07,0xb9,0x99,0x99,0x99,0x99,0x99,0x99,0x99,0x99,0x99,0x99,0x99,0x99,0x99,0x99,
    0x99,0x99,0x99,0x87,0x99,0x99,0x99,0x99,0x99,0x99,0x99,0x99,0x99,0x99,0x99,0x99,
    0x99,0x99,0x99,0x99,0x99,0x99,0x9b,0x70,0x36,0x66,0x66,0x70,0x00,0x00,0x00,0xf3,
    0xdd,0x70,0x07,0x2c,0xcc,0xcc,0xcc,0xcc,0xc2,0x61,0x11,0x11,0x11,0x11,0x66,0xcc,
    0xcc,0x80,0x00,0x31,0x11,0x11,0x40,0x00,0xb1,0x40,0x00,0x00,0x00,0x00,0x00,0x00,
    0x00,0x00,0x00,0x00,0x00,0x00,0x04,0x1d,0x00,0x04,0x11,0x11,0x13,0x00,0x08,0xcc,
    0xcc,0xcd,0x11,0x11,0x11,0x11,0x16,0x52,0xcc,0xcc,0xcc,0xcc,0xcc,0xc5,0x70,0x78,
    0xff,0x00,0x44,0x55,0x00,0x77,0x77,0x77,0x00,0x78,0x99,0x99,0x99,0x99,0x99,0x99,
    0x99,0x99,0x99,0x99,0x99,0x99,0x99,0x99,0x99,0x99,0x99,0x99,0x99,0x99,0x99,0x99,
    0x99,0x99,0x99,0x99,0x99,0x99,0x99,0x99,0x99,0x99,0x99,0x99,0x99,0x99,0x87,0x00,
    0x77,0x77,0x77,0x00,0x55,0x48,0x07,0xf3,0x87,0x00,0x5c,0xcc,0xcc,0xcc,0xcc,0xcc,
    0xf5,0x61,0x11,0x11,0x11,0x11,0xdc,0xcc,0xcc,0x80,0x00,0x31,0x11,0x11,0x40,0x00,
    0xb1,0x40,0x00,0x00,0x00,0x00,0x00,0x00,0x00,0x00,0x00,0x00,0x00,0x00,0x04,0x1d,
    0x00,0x04,0x11,0x11,0x13,0x00,0x08,0xcc,0xcc,0xcd,0x11,0x11,0x11,0x11,0x16,0x5f,
    0xcc,0xcc,0xcc,0xcc,0xcc,0xc2,0x77,0x07,0xf5,0x00,0x84,0x25,0x00,0x77,0x70,0x07,
    0x77,0x08,0x99,0x99,0x99,0x99,0x99,0x99,0x99,0x99,0x99,0x99,0x99,0x99,0x99,0x99,
    0x99,0x99,0x99,0x99,0x99,0x99,0x99,0x99,0x99,0x99,0x99,0x99,0x99,0x99,0x99,0x99,
    0x99,0x99,0x99,0x99,0x99,0x99,0x87,0x77,0x70,0x07,0x77,0x00,0x5f,0x48,0x00,0x5f,
    0x70,0x77,0x2c,0xcc,0xcc,0xcc,0xcc,0xcc,0x55,0x61,0x11,0x11,0x11,0x11,0xdc,0xcc,
    0xcc,0x80,0x00,0x31,0x11,0x11,0x40,0x00,0xb1,0x40,0x00,0x00,0x00,0x00,0x00,0x00,
    0x00,0x00,0x00,0x00,0x00,0x00,0x04,0x1d,0x00,0x04,0x11,0x11,0x13,0x00,0x08,0xcc,
    0xcc,0xcd,0x11,0x11,0x11,0x11,0x16,0x5f,0xdd,0xcc,0xcc,0xcc,0xcc,0xcc,0x25,0x00,
    0x77,0x00,0x07,0xf5,0x07,0xaa,0xee,0xee,0xea,0xb9,0x99,0x99,0x99,0x99,0x99,0x99,
    0x99,0x99,0x99,0x99,0x99,0x99,0x99,0x99,0x99,0x99,0x99,0x99,0x99,0x99,0x99,0x99,
    0x99,0x99,0x99,0x99,0x99,0x99,0x99,0x99,0x99,0x99,0x99,0x99,0x99,0x99,0x9b,0xae,
    0xee,0xee,0xae,0x70,0x5f,0x70,0x00,0x77,0x00,0x52,0xcc,0xcc,0xcc,0xcc,0xcc,0xcc,
    0xf5,0x61,0x11,0x11,0x11,0x11,0xdc,0xcc,0xcc,0x80,0x00,0x31,0x11,0x11,0x40,0x00,
    0xb1,0x40,0x00,0x00,0x00,0x00,0x00,0x00,0x00,0x00,0x00,0x00,0x00,0x00,0x04,0x1d,
    0x00,0x04,0x11,0x11,0x13,0x00,0x08,0xcc,0xcc,0xcd,0x11,0x11,0x11,0x11,0x16,0x5f,
    0xdd,0xcc,0xcc,0xcc,0xcc,0xcc,0xc2,0x00,0x77,0x70,0x07,0x55,0x78,0xea,0xaa,0xaa,
    0xaa,0x99,0x99,0x99,0x99,0x99,0x99,0x99,0x99,0x99,0x99,0x99,0x99,0x99,0x99,0x99,
    0x99,0x99,0x99,0x99,0x99,0x99,0x99,0x99,0x99,0x99,0x99,0x99,0x99,0x99,0x99,0x99,
    0x99,0x99,0x99,0x99,0x99,0x99,0x99,0xba,0xaa,0xaa,0xaf,0x70,0x55,0x70,0x77,0x77,
    0x00,0x2c,0xcc,0xcc,0xcc,0xcc,0xcc,0xcc,0xf5,0x61,0x11,0x11,0x11,0x11,0xdc,0xcc,
    0xcc,0x80,0x00,0x31,0x11,0x11,0x40,0x00,0xb1,0x40,0x00,0x00,0x00,0x00,0x00,0x00,
    0x00,0x00,0x00,0x00,0x00,0x00,0x04,0x1d,0x00,0x04,0x11,0x11,0x13,0x00,0x08,0xcc,
    0xcc,0xcd,0x11,0x11,0x11,0x11,0x16,0x5f,0xdd,0xcc,0xcc,0xcc,0xcc,0xcc,0xcf,0x07,
    0x22,0x25,0x00,0x77,0x2f,0x78,0xaa,0x99,0x99,0x99,0x99,0x99,0x99,0x99,0x99,0x99,
    0x99,0x99,0x99,0x99,0x99,0x99,0x99,0x99,0x99,0x99,0x99,0x99,0x99,0x99,0x99,0x99,
    0x99,0x99,0x99,0x99,0x99,0x99,0x99,0x99,0x99,0x99,0x99,0x99,0x99,0x99,0x99,0x99,
    0x99,0xae,0x70,0x00,0x77,0x00,0x52,0x22,0x70,0x2c,0xcc,0xcc,0xcc,0xcc,0xcc,0xcc,
    0xf5,0x61,0x11,0x11,0x11,0x11,0xdc,0xcc,0xcc,0x80,0x00,0x31,0x11,0x11,0x40,0x00,
    0xb1,0x40,0x00,0x00,0x00,0x00,0x00,0x00,0x00,0x00,0x00,0x00,0x00,0x00,0x04,0x1b,
    0x00,0x08,0x66,0x11,0x13,0x00,0x08,0xcc,0xcc,0xcd,0x11,0x11,0x11,0x11,0x16,0x5f,
    0xdd,0xcc,0xcc,0xcc,0xcc,0xcc,0xc2,0x07,0xcc,0xc2,0x77,0x78,0xc2,0x07,0xaa,0x99,
    0x99,0x99,0x99,0x99,0x99,0x99,0x99,0x99,0x99,0x99,0x99,0x99,0x99,0x99,0x99,0x99,
    0x99,0x99,0x99,0x99,0x99,0x99,0x99,0x99,0x99,0x99,0x99,0x99,0x99,0x99,0x99,0x99,
    0x99,0x99,0x99,0x99,0x99,0x99,0x99,0x99,0x99,0xaa,0x70,0x77,0x77,0x77,0x2c,0xcc,
    0x70,0x2c,0xcc,0xcc,0xcc,0xcc,0xcc,0xcc,0xf5,0x61,0x11,0x11,0x11,0x11,0xdc,0xcc,
    0xcc,0x80,0x00,0x31,0x11,0x66,0x40,0x00,0x31,0x40,0x00,0x00,0x00,0x00,0x00,0x00,
    0x00,0x00,0x00,0x00,0x00,0x00,0x00,0x74,0x13,0x00,0x04,0x11,0x13,0x00,0x08,0xcc,
    0xcc,0xcc,0xcd,0x11,0x11,0x11,0x16,0x5f,0x16,0xcc,0xcc,0xcc,0xcc,0xcc,0xcf,0x07,
    0xcc,0xcc,0xcc,0xcc,0xc2,0x07,0xab,0x99,0x99,0x99,0x99,0x99,0x99,0x99,0x99,0x99,
    0x99,0x99,0x99,0x99,0x99,0x99,0x99,0x99,0x99,0x99,0x99,0x99,0x99,0x99,0x99,0x99,
    0x99,0x99,0x99,0x99,0x99,0x99,0x99,0x99,0x99,0x99,0x99,0x99,0x99,0x99,0x99,0x99,
    0x99,0xba,0x70,0x5c,0xcc,0x22,0xcc,0xcc,0x70,0x2c,0xcc,0xcc,0xcc,0xcc,0xcc,0xf5,
    0x55,0x61,0x11,0x11,0x11,0xdc,0xcc,0xcc,0xcc,0x80,0x00,0x31,0x11,0x40,0x00,0x31,
    0x40,0x00,0x00,0x00,0x00,0x00,0x00,0x00,0x00,0x00,0x00,0x00,0x00,0x00,0x00,0x04,
    0x1d,0x00,0x08,0x11,0x13,0x00,0x08,0x22,0xcc,0xcc,0xc3,0x11,0x11,0x11,0x16,0x5f,
    0x16,0xcc,0xcc,0xcc,0xcc,0xcc,0xc2,0x07,0x22,0xcc,0xcc,0xcc,0xc2,0x78,0xea,0x99,
    0x99,0x99,0x99,0x99,0x99,0x99,0x99,0x99,0x99,0x99,0x99,0x99,0x99,0x99,0x99,0x99,
    0x99,0x99,0x99,0x99,0x99,0x99,0x99,0x99,0x99,0x99,0x99,0x99,0x99,0x99,0x99,0x99,
    0x99,0x99,0x99,0x99,0x99,0x99,0x99,0x99,0x99,0xaf,0x87,0x2c,0xcc,0xcc,0xcc,0x22,
    0x77,0x2c,0xcc,0xcc,0xcc,0xcc,0xc3,0x55,0xff,0x61,0x11,0x11,0x11,0xcc,0xcc,0xcc,
    0x22,0x80,0x00,0x31,0x11,0x80,0x00,0xb1,0x40,0x00,0x00,0x00,0x00,0x00,0x00,0x00,
    0x00,0x00,0x00,0x00,0x00,0x00,0x00,0x04,0x1d,0x00,0x08,0x11,0x13,0x00,0x00,0x08,
    0xcc,0xcc,0xc3,0x11,0x11,0x11,0x16,0x5f,0x16,0xcc,0xcc,0xcc,0xcc,0xcc,0xc2,0x00,
    0x78,0xcc,0xcc,0xcc,0xcc,0x25,0x78,0x99,0x99,0x99,0x99,0x99,0x99,0x99,0x99,0x99,
    0x99,0x99,0x99,0x99,0x99,0x99,0x99,0x99,0x99,0x99,0x99,0x99,0x99,0x99,0x99,0x99,
    0x99,0x99,0x99,0x99,0x99,0x99,0x99,0x99,0x99,0x99,0x99,0x99,0x99,0x99,0x99,0x99,
    0x99,0x87,0x22,0xcc,0xcc,0xcc,0xcc,0x77,0x22,0xcc,0xcc,0xcc,0xcc,0xcc,0x61,0xf5,
    0x61,0x11,0x11,0x11,0x11,0xcc,0xcc,0xcc,0x80,0x00,0x36,0x61,0x11,0x80,0x00,0x31,
    0x40,0x00,0x00,0x00,0x00,0x00,0x00,0x00,0x00,0x00,0x00,0x00,0x00,0x00,0x00,0x08,
    0x63,0x70,0x08,0x66,0x13,0x70,0x00,0x07,0xcc,0xcc,0xcc,0x66,0x11,0x11,0x16,0x5f,
    0x66,0xcc,0xcc,0xcc,0xcc,0xcc,0xc2,0x77,0x07,0xcc,0xcc,0xcc,0xcc,0xc2,0x07,0x99,
    0x99,0x99,0x99,0x99,0x99,0x99,0x99,0x99,0x99,0x99,0x99,0x99,0x99,0x99,0x99,0x99,
    0x99,0x99,0x99,0x99,0x99,0x99,0x99,0x99,0x99,0x99,0x99,0x99,0x99,0x99,0x99,0x99,
    0x99,0x99,0x99,0x99,0x99,0x99,0x99,0x99,0x99,0x70,0x2c,0xcc,0xcc,0xcc,0xcc,0x70,
    0x2c,0xcc,0xcc,0xcc,0xcc,0xcc,0x61,0xf5,0x61,0x11,0x11,0x11,0x66,0xcc,0xcc,0xcc,
    0x70,0x00,0x31,0x16,0x66,0x80,0x07,0xf6,0x40,0x00,0x00,0x00,0x00,0x00,0x00,0x00,
    0x00,0x00,0x00,0x00,0x00,0x00,0x00,0x00,0x04,0x1f,0x07,0xf3,0x16,0xf5,0x00,0x07,
    0xcc,0xcc,0xcc,0xc3,0x11,0x11,0x16,0x55,0x5f,0x66,0xcc,0xcc,0xcc,0xcc,0xcc,0x2f,
    0x07,0xcc,0xcc,0xcc,0xcc,0xc2,0x07,0xaa,0x99,0x99,0x99,0x99,0x99,0x99,0x99,0x99,
    0x99,0x99,0x99,0x99,0x99,0x99,0x99,0x99,0x99,0x99,0x99,0x99,0x99,0x99,0x99,0x99,
    0x99,0x99,0x99,0x99,0x99,0x99,0x99,0x99,0x99,0x99,0x99,0x99,0x99,0x99,0x99,0x99,
    0xaa,0x70,0x2c,0xcc,0xcc,0xcc,0xcc,0x70,0x2c,0xcc,0xcc,0xcc,0xcc,0xcc,0x61,0xf5,
    0x61,0x11,0x11,0x11,0xdc,0xcc,0xcc,0xcc,0x70,0x00,0x31,0x11,0x3f,0x70,0xf1,0x47,
    0x00,0x00,0x00,0x00,0x00,0x00,0x00,0x00,0x00,0x00,0x00,0x00,0x00,0x00,0x00,0x00,
    0x04,0x13,0x07,0x5f,0x16,0x35,0x00,0x07,0xcc,0xcc,0xcc,0xc3,0x11,0x11,0x16,0xff,
    0x5f,0x16,0x3c,0xcc,0xcc,0xcc,0xcc,0xc2,0x07,0xcc,0xcc,0xcc,0xcc,0xc2,0x77,0xee,
    0x99,0x99,0x99,0x99,0x99,0x99,0x99,0x99,0x99,0x99,0x99,0x99,0x99,0x99,0x99,0x99,
    0x99,0x99,0x99,0x99,0x99,0x99,0x99,0x99,0x99,0x99,0x99,0x99,0x99,0x99,0x99,0x99,
    0x99,0x99,0x99,0x99,0x99,0x99,0x99,0x99,0xee,0x77,0x2c,0xcc,0xcc,0xcc,0xcc,0x70,
    0x2c,0xcc,0xcc,0xcc,0xcc,0xc3,0x61,0xf5,0x61,0x11,0x11,0x11,0xdc,0xcc,0xcc,0xcc,
    0x70,0x00,0x31,0x11,0xf5,0x70,0x31,0x40,0x00,0x00,0x00,0x00,0x00,0x00,0x00,0x00,
    0x00,0x00,0x00,0x00,0x00,0x00,0x00,0x00,0x04,0x13,0x00,0x08,0x16,0x35,0x00,0x07,
    0xcc,0xcc,0xcc,0xc3,0x11,0x11,0x16,0x6d,0x5f,0x11,0x16,0xcc,0xcc,0xcc,0xcc,0xc2,
    0x07,0xcc,0xcc,0xcc,0xcc,0xcc,0x25,0x07,0x99,0x99,0x99,0x99,0x99,0x99,0x99,0x99,
    0x99,0x99,0x99,0x99,0x99,0x78,0x99,0x99,0x99,0x99,0x99,0x99,0x99,0x99,0x99,0x99,
    0x99,0x99,0x87,0xb9,0x99,0x99,0x99,0x99,0x99,0x99,0x99,0x99,0x99,0x99,0x99,0x99,
    0x70,0x52,0xcc,0xcc,0xcc,0xcc,0xcc,0x70,0x2c,0xcc,0xcc,0xcc,0xcc,0x61,0x11,0xf5,
    0x61,0x11,0x11,0x11,0xdc,0xcc,0xcc,0xcc,0x70,0x00,0x31,0x11,0x80,0x00,0x31,0x40,
    0x00,0x00,0x00,0x00,0x00,0x00,0x00,0x00,0x00,0x00,0x00,0x00,0x00,0x00,0x00,0x00,
    0x04,0x13,0x00,0x08,0x16,0x35,0x00,0x07,0x22,0xcc,0xcc,0xcd,0x11,0x11,0x11,0x16,
    0x5f,0x61,0x16,0xcc,0xcc,0xcc,0xcc,0xc2,0x78,0x2c,0xcc,0xcc,0xcc,0xcc,0xc2,0x77,
    0x69,0x99,0x99,0x99,0x99,0x99,0x99,0x99,0x99,0x99,0x99,0x99,0x99,0x78,0xb9,0x99,
    0x99,0x99,0x99,0x99,0x99,0x99,0x99,0x99,0x99,0x9b,0x87,0xb9,0x99,0x99,0x99,0x99,
    0x99,0x99,0x99,0x99,0x99,0x99,0x99,0x96,0x77,0x2c,0xcc,0xcc,0xcc,0xcc,0xc2,0x87,
    0x2c,0xcc,0xcc,0xcc,0xcc,0x61,0x16,0xff,0x61,0x11,0x11,0x11,0xdc,0xcc,0xcc,0x22,
    0x70,0x00,0x31,0x11,0x80,0x00,0x31,0x40,0x00,0x00,0x00,0x00,0x00,0x00,0x00,0x00,
    0x00,0x00,0x00,0x00,0x00,0x00,0x00,0x00,0x00,0x04,0x1b,0x08,0x16,0x35,0x00,0x00,
    0x07,0xcc,0xcc,0xcc,0xcd,0x11,0x11,0x16,0x55,0xff,0x16,0xcc,0xcc,0xcc,0xcc,0xcc,
    0xc2,0x77,0xcc,0xcc,0xcc,0xcc,0xcc,0xc2,0x78,0x99,0x99,0x99,0x99,0x99,0x99,0x99,
    0x99,0x99,0x99,0x99,0x99,0x9b,0x70,0x00,0x77,0x77,0x44,0xaa,0xaa,0xae,0x70,0x77,
    0x00,0x07,0xb9,0x99,0x99,0x99,0x99,0x99,0x99,0x99,0x99,0x99,0x99,0x99,0x99,0x87,
    0x2c,0xcc,0xcc,0xcc,0xcc,0xcc,0x87,0x2c,0xcc,0xcc,0xcc,0xcc,0xcc,0x61,0xff,0x61,
    0x11,0x11,0x11,0xdc,0xcc,0xcc,0xcc,0x80,0x00,0x00,0x31,0x11,0x80,0x31,0x40,0x00,
    0x00,0x00,0x00,0x00,0x00,0x00,0x00,0x00,0x00,0x00,0x00,0x00,0x00,0x00,0x00,0x00,
    0x00,0x04,0x1d,0x08,0x6d,0xf5,0x00,0x00,0x07,0xcc,0xcc,0xcc,0xc3,0x11,0x11,0x16,
    0xff,0x5f,0x16,0xcc,0xcc,0xcc,0xcc,0xcc,0xc2,0x07,0xcc,0xcc,0xcc,0xcc,0xcc,0xc2,
    0x07,0x99,0x99,0x99,0x99,0x99,0x99,0x99,0x99,0x99,0x99,0x99,0x99,0x9b,0x70,0x07,
    0x77,0x77,0x44,0xaa,0xaa,0xae,0x70,0x77,0x70,0x07,0xb9,0x99,0x99,0x99,0x99,0x99,
    0x99,0x99,0x99,0x99,0x99,0x99,0x99,0x80,0x2c,0xcc,0xcc,0xcc,0xcc,0xcc,0x70,0x2c,
    0xcc,0xcc,0xcc,0xcc,0xc3,0x61,0xf5,0x61,0x11,0x11,0x66,0xcc,0xcc,0xcc,0xcc,0x70,
    0x00,0x00,0x31,0x66,0x80,0xb1,0x40,0x00,0x00,0x00,0x00,0x00,0x00,0x00,0x00,0x00,
    0x00,0x00,0x00,0x00,0x00,0x00,0x00,0x00,0x00,0x04,0x1d,0x00,0x08,0x35,0x00,0x00,
    0x07,0xcc,0xcc,0xcc,0xc3,0x11,0x11,0x16,0x33,0x5f,0x11,0x66,0xcc,0xcc,0xcc,0xcc,
    0xc2,0x07,0x2c,0xcc,0xcc,0xcc,0xcc,0xc2,0x07,0xaa,0x99,0x99,0x99,0x99,0x99,0x99,
    0x99,0x99,0x99,0x99,0x99,0x99,0x99,0x99,0x99,0x99,0x99,0x99,0x99,0x99,0x99,0x99,
    0x99,0x99,0x99,0x99,0x99,0x99,0x99,0x99,0x99,0x99,0x99,0x99,0x99,0x99,0xba,0x70,
    0x2c,0xcc,0xcc,0xcc,0xcc,0xcc,0x70,0x2c,0xcc,0xcc,0xcc,0xcc,0x66,0x16,0xf5,0x61,
    0x11,0x11,0xdc,0xcc,0xcc,0xcc,0xcc,0x80,0x00,0x00,0x31,0x40,0x00,0xb1,0x40,0x00,
    0x00,0x00,0x00,0x00,0x00,0x00,0x00,0x00,0x00,0x00,0x00,0x00,0x00,0x00,0x00,0x00,
    0x00,0x04,0x13,0x77,0x07,0xf5,0x00,0x77,0x07,0x22,0xcc,0xcc,0xcc,0x66,0x11,0x16,
    0xd3,0x5f,0x66,0x16,0xcc,0xcc,0xcc,0xcc,0xc2,0x07,0x2c,0xcc,0xcc,0xcc,0xcc,0xc2,
    0x78,0xee,0x99,0x99,0x99,0x99,0x99,0x99,0x99,0x99,0x99,0x99,0x99,0x99,0x99,0x99,
    0x99,0x99,0x99,0x99,0x99,0x99,0x99,0x99,0x99,0x99,0x99,0x99,0x99,0x99,0x99,0x99,
    0x99,0x99,0x99,0x99,0x99,0x99,0xae,0x87,0x2c,0xcc,0xcc,0xcc,0xcc,0xcc,0x70,0x2c,
    0xcc,0xcc,0xcc,0xc3,0x61,0x66,0xff,0x61,0x11,0x16,0xcc,0xcc,0xcc,0xcc,0x22,0x70,
    0x77,0x00,0x36,0x80,0x07,0x31,0x40,0x00,0x00,0x00,0x00,0x00,0x00,0x00,0x00,0x00,
    0x00,0x00,0x00,0x00,0x00,0x00,0x00,0x00,0x00,0x00,0x74,0x13,0x00,0x00,0x08,0x13,
    0x00,0x08,0xcc,0xcc,0xcc,0xcd,0x11,0x11,0x1d,0x45,0xff,0x66,0x66,0xcc,0xcc,0xcc,
    0xc2,0x07,0x2c,0xcc,0xcc,0xcc,0xcc,0xcc,0x2f,0x07,0xea,0x99,0x99,0x99,0x99,0x99,
    0x99,0x99,0x99,0x99,0x99,0x99,0x99,0x99,0x99,0x99,0x99,0x99,0x99,0x99,0x99,0x99,
    0x99,0x99,0x99,0x99,0x99,0x99,0x99,0x99,0x99,0x99,0x99,0x99,0x99,0xaa,0x77,0x22,
    0xcc,0xcc,0xcc,0xcc,0xcc,0xcc,0x70,0x2c,0xcc,0xcc,0xcc,0x61,0x11,0xf5,0xd6,0x11,
    0x11,0xdc,0xcc,0xcc,0xcc,0xcc,0x80,0x00,0x31,0x40,0x07,0x00,0x31,0x47,0x00,0x00,
    0x00,0x00,0x00,0x00,0x00,0x00,0x00,0x00,0x00,0x00,0x00,0x00,0x00,0x00,0x00,0x00,
    0x00,0x00,0x08,0x13,0x00,0x00,0x04,0x16,0x77,0x07,0xcc,0xcc,0xcc,0xcc,0x66,0x11,
    0x1d,0x44,0x5f,0x61,0x16,0xcc,0xcc,0xcc,0xc2,0x77,0x22,0xcc,0xcc,0xcc,0xcc,0xcc,
    0xc2,0x77,0x5e,0x99,0x99,0x99,0x99,0x99,0x99,0x99,0x99,0x99,0x99,0x99,0x99,0x99,
    0x99,0x99,0x99,0x99,0x99,0x99,0x99,0x99,0x99,0x99,0x99,0x99,0x99,0x99,0x99,0x99,
    0x99,0x99,0x99,0x99,0x99,0xe5,0x77,0x2c,0xcc,0xcc,0xcc,0xcc,0xcc,0x22,0x87,0x2c,
    0xcc,0xcc,0xc3,0x61,0x66,0xf5,0x61,0x11,0x11,0x32,0xcc,0xcc,0xcc,0xc2,0x70,0x77,
    0x31,0x40,0x00,0x00,0x31,0x40,0x00,0x00,0x00,0x00,0x00,0x00,0x00,0x00,0x00,0x00,
    0x00,0x00,0x00,0x00,0x00,0x00,0x00,0x00,0x00,0x00,0x00,0x04,0x13,0x00,0x08,0x11,
    0x13,0x07,0xcc,0xcc,0xcc,0xcc,0xcd,0x11,0x13,0x07,0x5f,0x61,0x11,0x16,0xcc,0xcc,
    0xcc,0x25,0x07,0x2c,0xcc,0xcc,0xcc,0xcc,0xcc,0x25,0x07,0xab,0x99,0x99,0x99,0x99,
    0x99,0x99,0x99,0x99,0x99,0x99,0x99,0x99,0x99,0x99,0x99,0x99,0x99,0x99,0x99,0x99,
    0x99,0x99,0x99,0x99,0x99,0x99,0x99,0x99,0x99,0x99,0x99,0x99,0xba,0x70,0x5c,0xcc,
    0xcc,0xcc,0xcc,0xcc,0xcc,0x70,0x5c,0xcc,0xcc,0xcc,0x61,0x11,0xf5,0x55,0x61,0x11,
    0x11,0x54,0x2c,0xcc,0xcc,0x55,0x70,0xd1,0x40,0x00,0x00,0x31,0x40,0x00,0x00,0x00,
    0x00,0x00,0x00,0x00,0x00,0x00,0x00,0x00,0x00,0x00,0x00,0x00,0x00,0x00,0x00,0x00,
    0x00,0x00,0x00,0x08,0x13,0x07,0x04,0x11,0x16,0x07,0xf2,0xcc,0xcc,0xcc,0xcc,0x66,
    0x13,0x07,0x5f,0x66,0x11,0x16,0xcc,0xcc,0xcc,0xc2,0x07,0xcc,0xcc,0xcc,0xcc,0xcc,
    0xcc,0xc2,0x77,0xea,0x99,0x99,0x99,0x99,0x99,0x99,0x99,0x99,0x99,0x99,0x99,0x99,
    0x99,0x99,0x99,0x99,0x99,0x99,0x99,0x99,0x99,0x99,0x99,0x99,0x99,0x99,0x99,0x99,
    0x99,0x99,0x99,0x99,0xaf,0x77,0x2c,0xcc,0xcc,0xcc,0xcc,0xcc,0xcc,0x70,0x2c,0xcc,
    0xcc,0xc3,0x61,0x11,0xf5,0xff,0x61,0x11,0x66,0x54,0x2c,0xcc,0xcc,0x54,0x00,0x61,
    0x80,0x07,0x00,0x31,0x40,0x00,0x00,0x00,0x00,0x00,0x00,0x00,0x00,0x00,0x00,0x00,
    0x00,0x00,0x00,0x00,0x00,0x00,0x00,0x00,0x00,0x00,0x00,0x00,0x04,0x11,0x1d,0x04,
    0x16,0x00,0x08,0xcc,0xcc,0xcc,0xcc,0xc3,0x13,0x07,0x5f,0xf3,0x11,0x11,0x66,0xcc,
    0xcc,0xc2,0x07,0xcc,0xcc,0xcc,0xcc,0xcc,0xcc,0xcc,0xc2,0x77,0xaa,0x99,0x99,0x99,
    0x99,0x99,0x99,0x99,0x99,0x99,0x99,0x99,0x99,0x99,0xaa,0xaa,0xaa,0xaa,0x99,0x99,
    0x99,0x99,0x99,0x99,0x99,0x99,0x99,0x99,0x99,0x99,0x99,0xaa,0x70,0x2c,0xcc,0xcc,
    0xcc,0xcc,0xcc,0xcc,0xcc,0x70,0x2c,0xcc,0xcc,0x66,0x61,0x11,0xf5,0x61,0x61,0x11,
    0x80,0x2c,0xcc,0xcc,0xcc,0x70,0x00,0x61,0x80,0xb1,0x11,0x40,0x00,0x00,0x00,0x00,
    0x00,0x00,0x00,0x00,0x00,0x00,0x00,0x00,0x00,0x00,0x00,0x00,0x00,0x00,0x00,0x00,
    0x00,0x00,0x00,0x00,0x08,0x66,0x13,0x08,0x13,0x70,0x07,0x22,0xcc,0xcc,0xcc,0xcc,
    0x13,0x07,0x55,0xf3,0x66,0x11,0x16,0xcc,0xcc,0xc2,0x07,0xcc,0xcc,0xcc,0xcc,0xcc,
    0xcc,0xcc,0xc2,0x77,0xee,0xbb,0x99,0x99,0x99,0x99,0x99,0x99,0x99,0x99,0x99,0x99,
    0x99,0x99,0xaa,0xaa,0xaa,0xaa,0x99,0x99,0x99,0x99,0x99,0x99,0x99,0x99,0x99,0x99,
    0x99,0x99,0xbb,0xef,0x77,0x2c,0xcc,0xcc,0xcc,0xcc,0xcc,0xcc,0xcc,0x70,0x2c,0xcc,
    0xc3,0x61,0x11,0x66,0xff,0x61,0x16,0x66,0x70,0x2c,0xcc,0xcc,0x2f,0x70,0x07,0x31,
    0x40,0x31,0x16,0x40,0x00,0x00,0x00,0x00,0x00,0x00,0x00,0x00,0x00,0x00,0x00,0x00,
    0x00,0x00,0x00,0x00,0x00,0x00,0x00,0x00,0x00,0x00,0x00,0x00,0x00,0x77,0x70,0x00,
    0x04,0x13,0x00,0x08,0xcc,0xcc,0xcc,0xcc,0xcf,0x00,0x08,0x22,0x33,0x11,0x16,0x66,
    0xcc,0xc2,0x07,0xcc,0xcc,0xcc,0xcc,0xcc,0xcc,0xcc,0xcc,0xcf,0x00,0x08,0x99,0x99,
    0x99,0x99,0x99,0x99,0x99,0x99,0x99,0x99,0x99,0x99,0x99,0x99,0x99,0x99,0x99,0x99,
    0x99,0x99,0x99,0x99,0x99,0x99,0x99,0x99,0x99,0x99,0x80,0x00,0x22,0xcc,0xcc,0xcc,
    0xcc,0xcc,0xcc,0xcc,0xcc,0x70,0x2c,0xcc,0x61,0x11,0x11,0xff,0x3d,0x11,0x11,0x40,
    0x00,0x2c,0xcc,0xcc,0x80,0x00,0x31,0x40,0xd1,0x40,0x77,0x00,0x00,0x00,0x00,0x00,
    0x00,0x00,0x00,0x00,0x00,0x00,0x00,0x00,0x00,0x00,0x00,0x00,0x00,0x00,0x00,0x00,
    0x00,0x00,0x00,0x00,0x00,0x00,0x00,0x00,0x08,0x13,0x70,0x07,0x22,0xcc,0xcc,0xcc,
    0xc2,0x77,0x07,0x2c,0x2c,0x66,0x66,0x16,0x3c,0xc2,0x78,0x22,0xcc,0xcc,0xcc,0xcc,
    0xcc,0xcc,0xcc,0xc2,0x77,0x07,0xbb,0x99,0x99,0x99,0x99,0x99,0x99,0x99,0x99,0x99,
    0x99,0x99,0x99,0x99,0x99,0x99,0x99,0x99,0x99,0x99,0x99,0x99,0x99,0x99,0x99,0x99,
    0x99,0x9b,0x70,0x77,0x2c,0xcc,0xcc,0xcc,0xcc,0xcc,0xcc,0xcc,0x22,0x87,0x2c,0xc3,
    0x61,0x11,0x66,0xf5,0x3d,0x6d,0x6d,0x80,0x77,0x2c,0xcc,0xcc,0x70,0x00,0xb1,0x80,
    0x31,0x80,0x00,0x00,0x00,0x00,0x00,0x00,0x00,0x00,0x00,0x00,0x00,0x00,0x00,0x00,
    0x00,0x00,0x00,0x00,0x00,0x00,0x00,0x00,0x00,0x00,0x00,0x00,0x00,0x00,0x00,0x00,
    0x00,0x74,0x13,0x00,0x08,0xcc,0xcc,0xcc,0xcc,0x25,0x07,0xcc,0xcc,0xcc,0xc3,0x11,
    0x16,0xcc,0xcf,0x78,0xcc,0xcc,0xcc,0xcc,0xcc,0xcc,0xcc,0xcc,0x22,0x00,0x08,0x99,
    0x99,0x99,0x99,0x99,0x99,0x99,0x99,0x99,0x99,0x99,0x99,0x99,0x99,0x99,0x99,0x99,
    0x99,0x99,0x99,0x99,0x99,0x99,0x99,0x99,0x99,0x80,0x00,0x22,0xcc,0xcc,0xcc,0xcc,
    0xcc,0xcc,0xcc,0xcc,0x77,0x52,0xcc,0x61,0x11,0x16,0xf5,0x5f,0xd6,0x47,0x77,0x00,
    0x52,0xcc,0xcc,0xcc,0x70,0x00,0xb1,0x80,0x77,0x00,0x00,0x00,0x00,0x00,0x00,0x00,
    0x00,0x00,0x00,0x00,0x00,0x00,0x00,0x00,0x00,0x00,0x00,0x00,0x00,0x00,0x00,0x00,
    0x00,0x00,0x00,0x00,0x00,0x00,0x00,0x00,0x00,0x08,0x13,0x77,0x07,0x22,0xcc,0xcc,
    0xcc,0xc2,0x07,0x22,0xcc,0xcc,0xcc,0x61,0x16,0x3c,0xc2,0x07,0xcc,0xcc,0xcc,0xcc,
    0xcc,0xcc,0xcc,0xcc,0xc2,0x77,0x07,0xb9,0x99,0x99,0x99,0x99,0x99,0x99,0x99,0x99,
    0x99,0x99,0x99,0x99,0x99,0x99,0x99,0x99,0x99,0x99,0x99,0x99,0x99,0x99,0x99,0x99,
    0x9d,0x70,0x77,0x2c,0xcc,0xcc,0xcc,0x22,0xcc,0xcc,0xcc,0xcc,0x70,0x2c,0xc3,0x61,
    0x11,0x66,0xf5,0x55,0x33,0x80,0x00,0x00,0x2c,0xcc,0xcc,0x22,0x70,0x77,0x36,0x80,
    0x00,0x00,0x00,0x00,0x00,0x00,0x00,0x00,0x00,0x00,0x00,0x00,0x00,0x00,0x00,0x00,
    0x00,0x00,0x00,0x00,0x00,0x00,0x00,0x00,0x00,0x00,0x00,0x00,0x00,0x00,0x00,0x00,
    0x00,0x00,0x04,0x1d,0x00,0x08,0xcc,0xcc,0xcc,0xc2,0x00,0x07,0xcc,0xcc,0xcc,0xcd,
    0x11,0x16,0xc2,0x07,0xcc,0xcc,0xcc,0xcc,0xcc,0xcc,0xcc,0xcc,0xcc,0x22,0x00,0x07,
    0x99,0x99,0x99,0x99,0x99,0x99,0x99,0x99,0x99,0x99,0x99,0x99,0x99,0x99,0x99,0x99,
    0x99,0x99,0x99,0x99,0x99,0x99,0x99,0x99,0x70,0x00,0x22,0xcc,0xcc,0xcc,0xcc,0x70,
    0x2c,0xcc,0xcc,0xcc,0x70,0x2c,0x66,0x61,0x11,0x32,0xf5,0x70,0x00,0x00,0x00,0x00,
    0x2c,0xcc,0xcc,0x80,0x00,0xb1,0x40,0x00,0x00,0x00,0x00,0x00,0x00,0x00,0x00,0x00,
    0x00,0x00,0x00,0x00,0x00,0x00,0x00,0x00,0x00,0x00,0x00,0x00,0x00,0x00,0x00,0x00,
    0x00,0x00,0x00,0x00,0x00,0x00,0x00,0x00,0x00,0x00,0x08,0x1d,0x00,0x07,0x22,0x22,
    0xcc,0xc2,0x00,0x07,0x22,0xcc,0xcc,0xcc,0x11,0x16,0x3f,0x77,0x22,0xcc,0xcc,0xcc,
    0xcc,0xcc,0xcc,0xcc,0xcc,0xc2,0x00,0x00,0xb9,0x99,0x99,0x99,0x99,0x99,0x99,0x99,
    0x99,0x99,0x99,0x99,0x99,0x99,0x99,0x99,0x99,0x99,0x99,0x99,0x99,0x99,0x99,0x96,
    0x70,0x07,0x2c,0xcc,0xcc,0xcc,0xcc,0x70,0x2c,0xcc,0xcc,0x22,0x77,0x23,0x61,0x11,
    0x11,0xff,0x55,0x00,0x07,0x00,0x00,0x77,0x2c,0xcc,0x2f,0x70,0x07,0xd1,0x80,0x00,
    0x00,0x00,0x00,0x00,0x00,0x00,0x00,0x00,0x00,0x00,0x00,0x00,0x00,0x00,0x00,0x00,
    0x00,0x00,0x00,0x00,0x00,0x00,0x00,0x00,0x00,0x00,0x00,0x00,0x00,0x00,0x00,0x00,
    0x00,0x00,0x00,0x04,0x1d,0x00,0x00,0x07,0xcc,0xcf,0x00,0x00,0x07,0xcc,0xcc,0xcc,
    0xc3,0x11,0x66,0x2f,0x07,0xcc,0xcc,0xcc,0xcc,0xcc,0xcc,0xcc,0xcc,0xc2,0x00,0x00,
    0x00,0xab,0x99,0x99,0x99,0x99,0x99,0x99,0x99,0x99,0x99,0x99,0x99,0x99,0x99,0x99,
    0x99,0x99,0x99,0x99,0x99,0x99,0xba,0x00,0x00,0x00,0x2c,0xcc,0xcc,0xcc,0xcc,0x70,
    0x2c,0xcc,0xcc,0x70,0x5f,0x61,0x11,0x11,0xd3,0x70,0x00,0x00,0xd1,0x80,0x00,0x2c,
    0xcc,0xc2,0x70,0x00,0xd1,0x40,0x00,0x00,0x00,0x00,0x00,0x00,0x00,0x00,0x00,0x00,
    0x00,0x00,0x00,0x00,0x00,0x00,0x00,0x00,0x00,0x00,0x00,0x00,0x00,0x00,0x00,0x00,
    0x00,0x00,0x00,0x00,0x00,0x00,0x00,0x00,0x00,0x00,0x00,0x08,0x1b,0x70,0x00,0x07,
    0x22,0x25,0x70,0x00,0x07,0x22,0x22,0xcc,0xcc,0x66,0x66,0x3f,0x07,0xcc,0xcc,0xcc,
    0xcc,0x22,0xcc,0xcc,0xcc,0xc2,0x00,0x00,0x07,0xea,0xb9,0x99,0x99,0x99,0x99,0x99,
    0x99,0x99,0x99,0x99,0x99,0x99,0x99,0x99,0x99,0x99,0x99,0x99,0x99,0xbb,0xae,0x70,
    0x00,0x00,0x2c,0xcc,0xcc,0xcc,0xcc,0x70,0x2c,0xcc,0xcc,0x70,0xf3,0x61,0x11,0x66,
    0x3f,0x70,0x77,0x77,0xd6,0x80,0x77,0x2c,0xcc,0x2f,0x70,0x00,0xb1,0x40,0x00,0x00,
    0x00,0x00,0x00,0x00,0x00,0x00,0x00,0x00,0x00,0x00,0x00,0x00,0x00,0x00,0x00,0x00,
    0x00,0x00,0x00,0x00,0x00,0x00,0x00,0x00,0x00,0x00,0x00,0x00,0x00,0x00,0x00,0x00,
    0x00,0x00,0x00,0x00,0x08,0x13,0x00,0x00,0x00,0x07,0x25,0x00,0x00,0x00,0x08,0xcc,
    0xcc,0xcc,0xc3,0x16,0x07,0xcc,0xcc,0xcc,0xc2,0x77,0x2c,0xcc,0xcc,0xc2,0x00,0x00,
    0xee,0x00,0x08,0x99,0x99,0x99,0x99,0x99,0x99,0x99,0x99,0x99,0x99,0x99,0x99,0x99,
    0x99,0x99,0x99,0x99,0x99,0x80,0x00,0xee,0x00,0x00,0x2c,0xcc,0xcc,0xcc,0xcc,0x70,
    0x2c,0xcc,0xcc,0x70,0xd1,0x11,0x11,0xcc,0x70,0x00,0xb1,0x11,0x80,0x00,0x5c,0xcc,
    0xcc,0x80,0x00,0x31,0x47,0x00,0x00,0x00,0x00,0x00,0x00,0x00,0x00,0x00,0x00,0x00,
    0x00,0x00,0x00,0x00,0x00,0x00,0x00,0x00,0x00,0x00,0x00,0x00,0x00,0x00,0x00,0x00,
    0x00,0x00,0x00,0x00,0x00,0x00,0x00,0x00,0x00,0x00,0x00,0x00,0x07,0x63,0x77,0x77,
    0x00,0x07,0xf5,0x00,0x00,0x00,0x07,0x22,0x22,0xcc,0xcc,0x1d,0x77,0x22,0xcc,0xcc,
    0xc2,0x07,0x2c,0xcc,0xcc,0xc2,0x00,0x00,0xae,0x77,0x78,0xbb,0x99,0x99,0x99,0x99,
    0x99,0x99,0x99,0x99,0x99,0x99,0x99,0x99,0x99,0x99,0x99,0x99,0xbb,0x80,0x07,0xea,
    0x00,0x00,0x2c,0xcc,0xcc,0xcc,0x2f,0x70,0x2c,0xcc,0x2f,0x87,0xd1,0x11,0x11,0x2f,
    0x00,0x78,0x61,0x16,0x70,0x07,0x2c,0xcc,0x2f,0x70,0x07,0x36,0x80,0x00,0x00,0x00,
    0x00,0x00,0x00,0x00,0x00,0x00,0x00,0x00,0x00,0x00,0x00,0x00,0x00,0x00,0x00,0x00,
    0x00,0x00,0x00,0x00,0x00,0x00,0x00,0x00,0x00,0x00,0x00,0x00,0x00,0x00,0x00,0x00,
    0x00,0x00,0x00,0x00,0x00,0x04,0x11,0x1d,0x00,0x00,0x00,0x00,0x00,0x00,0x00,0x00,
    0x74,0xcc,0xcc,0xcc,0x22,0x77,0x2c,0xcc,0xc2,0x07,0x2c,0xcc,0xcc,0xc2,0x00,0x00,
    0xaa,0xaa,0xae,0x77,0x99,0x99,0x99,0x99,0x99,0x99,0x99,0x99,0x99,0x99,0x99,0x99,
    0x99,0x99,0x99,0x99,0x77,0xea,0xaa,0xaa,0x00,0x00,0x2c,0xcc,0xcc,0xc2,0x70,0x00,
    0x2c,0xc2,0x87,0x22,0x61,0x11,0x6d,0x80,0x00,0xb1,0x11,0x87,0x00,0x52,0xcc,0xcc,
    0x80,0x00,0x31,0x40,0x00,0x00,0x00,0x00,0x00,0x00,0x00,0x00,0x00,0x00,0x00,0x00,
    0x00,0x00,0x00,0x00,0x00,0x00,0x00,0x00,0x00,0x00,0x00,0x00,0x00,0x00,0x00,0x00,
    0x00,0x00,0x00,0x00,0x00,0x00,0x00,0x00,0x00,0x00,0x00,0x00,0x00,0x08,0x61,0x1b,
    0x77,0x77,0x00,0x00,0x00,0x77,0x00,0x00,0x08,0x22,0xcc,0xcc,0xc2,0x07,0x2c,0xcc,
    0x25,0x07,0x2c,0xcc,0xcc,0xc2,0x00,0x00,0xaa,0xaa,0xae,0x77,0xbb,0xbb,0x99,0x99,
    0x99,0x99,0x99,0x99,0x99,0x99,0x99,0x99,0x99,0x99,0xbb,0xbb,0x77,0xaa,0xaa,0xaa,
    0x00,0x00,0x2c,0xcc,0xcc,0xc2,0x70,0x00,0x2c,0xc2,0x70,0x2c,0x66,0x66,0xd3,0x70,
    0x77,0x61,0x16,0x70,0x77,0x2c,0x22,0x22,0x70,0x77,0x31,0x80,0x00,0x00,0x00,0x00,
    0x00,0x00,0x00,0x00,0x00,0x00,0x00,0x00,0x00,0x00,0x00,0x00,0x00,0x00,0x00,0x00,
    0x00,0x00,0x00,0x00,0x00,0x00,0x00,0x00,0x00,0x00,0x00,0x00,0x00,0x00,0x00,0x00,
    0x00,0x00,0x00,0x00,0x00,0x00,0x77,0x08,0x11,0x1d,0x00,0x00,0x08,0x16,0x00,0x00,
    0x00,0x08,0xcc,0xcc,0xc2,0x07,0x2c,0xc2,0x00,0x07,0x2c,0xcc,0xcc,0xc2,0x00,0x00,
    0xaa,0xaa,0xaa,0xae,0x00,0x07,0x99,0x99,0x99,0x99,0x99,0x99,0x99,0x99,0x99,0x99,
    0x99,0x99,0x70,0x00,0xea,0xaa,0xaa,0xaa,0x00,0x00,0x2c,0xcc,0xcc,0xc2,0x70,0x00,
    0x2c,0xc2,0x70,0x2c,0xcc,0xcc,0x80,0x00,0xd1,0x11,0x40,0x00,0x2c,0xc2,0x70,0x00,
    0x00,0xb1,0x40,0x00,0x00,0x00,0x00,0x00,0x00,0x00,0x00,0x00,0x00,0x00,0x00,0x00,
    0x00,0x00,0x00,0x00,0x00,0x00,0x00,0x00,0x00,0x00,0x00,0x00,0x00,0x00,0x00,0x00,
    0x00,0x00,0x00,0x00,0x00,0x00,0x00,0x00,0x00,0x00,0x00,0x00,0x00,0x00,0x00,0x08,
    0x11,0x1d,0x70,0x77,0x74,0x1d,0x77,0x70,0x00,0x07,0x22,0xcc,0xc2,0x07,0xcc,0xc2,
    0x00,0x07,0x22,0xcc,0xcc,0xc2,0x00,0x00,0xaa,0xaa,0xaa,0xae,0x00,0x07,0xb9,0xb9,
    0x99,0x99,0x99,0x99,0x99,0x99,0x99,0x99,0x99,0x9b,0x80,0x00,0xea,0xaa,0xaa,0xaa,
    0x00,0x00,0x2c,0xcc,0xcc,0x22,0x70,0x00,0x2c,0xc2,0x70,0x2c,0xcc,0x2f,0x70,0x00,
    0x61,0x16,0x80,0x77,0x2c,0x2f,0x70,0x00,0x07,0xb1,0x80,0x00,0x00,0x00,0x00,0x00,
    0x00,0x00,0x00,0x00,0x00,0x00,0x00,0x00,0x00,0x00,0x00,0x00,0x00,0x00,0x00,0x00,
    0x00,0x00,0x00,0x00,0x00,0x00,0x00,0x00,0x00,0x00,0x00,0x00,0x00,0x00,0x00,0x00,
    0x00,0x00,0x00,0x00,0x00,0x00,0x00,0x00,0x00,0x08,0x11,0x11,0x16,0x08,0x11,0x16,
    0x00,0x00,0x07,0x2c,0xc2,0x07,0x2c,0xc2,0x00,0x00,0x07,0xcc,0xcc,0xc2,0x00,0x00,
    0xaa,0xaa,0xaa,0xaa,0xaa,0xae,0x70,0x07,0x99,0x99,0x99,0x99,0x99,0x99,0x99,0x99,
    0x70,0x07,0xea,0xaa,0xaa,0xaa,0xaa,0xaa,0x00,0x00,0x2c,0xcc,0xcc,0x70,0x00,0x00,
    0x2c,0xc2,0x70,0x2c,0xc2,0x70,0x00,0xd1,0x11,0x80,0x00,0x2c,0xcc,0x70,0x00,0x00,
    0xd1,0x40,0x00,0x00,0x00,0x00,0x00,0x00,0x00,0x00,0x00,0x00,0x00,0x00,0x00,0x00,
    0x00,0x00,0x00,0x00,0x00,0x00,0x00,0x00,0x00,0x00,0x00,0x00,0x00,0x00,0x00,0x00,
    0x00,0x00,0x00,0x00,0x00,0x00,0x00,0x00,0x00,0x00,0x00,0x00,0x00,0x00,0x00,0x00,
    0x00,0x08,0x61,0x11,0x1d,0x08,0x61,0x1d,0x77,0x77,0x07,0x2c,0xc2,0x77,0x2c,0x25,
    0x00,0x00,0x07,0x22,0xcc,0xc2,0x00,0x00,0xaa,0xaa,0xaa,0xaa,0xaa,0xae,0x87,0x78,
    0xbb,0xbb,0x99,0x99,0x99,0x99,0xbb,0xbb,0x87,0x77,0xea,0xaa,0xaa,0xaa,0xaa,0xaa,
    0x00,0x00,0x2c,0xcc,0xc2,0x70,0x77,0x00,0x52,0xc2,0x77,0x2c,0xc2,0x70,0x00,0x61,
    0x16,0x70,0x00,0x52,0x2f,0x70,0x07,0x70,0xb1,0x80,0x00,0x00,0x00,0x00,0x00,0x00,
    0x00,0x00,0x00,0x00,0x00,0x00,0x00,0x00,0x00,0x00,0x00,0x00,0x00,0x00,0x00,0x00,
    0x00,0x00,0x00,0x00,0x00,0x00,0x00,0x00,0x00,0x00,0x00,0x00,0x00,0x00,0x00,0x00,
    0x00,0x00,0x00,0x00,0x00,0x00,0x00,0x00,0x00,0x00,0x07,0x77,0x70,0x00,0x77,0x08,
    0x11,0x1d,0x07,0x2c,0xc2,0x45,0xc2,0x00,0x00,0x00,0x00,0x07,0xcc,0xc2,0x00,0x00,
    0xaa,0xaa,0xaa,0xaa,0xaa,0xaa,0xaa,0xae,0x00,0x07,0xb9,0x99,0x99,0x9b,0x70,0x00,
    0xea,0xaa,0xaa,0xaa,0xaa,0xaa,0xaa,0xaa,0x00,0x00,0x2c,0xcc,0xcc,0x70,0x61,0x70,
    0x07,0x2c,0x54,0x2c,0xcc,0x70,0x00,0x61,0x80,0x00,0x00,0x00,0x00,0x00,0xb1,0x11,
    0x80,0x00,0x00,0x00,0x00,0x00,0x00,0x00,0x00,0x00,0x00,0x00,0x00,0x00,0x00,0x00,
    0x00,0x00,0x00,0x00,0x00,0x00,0x00,0x00,0x00,0x00,0x00,0x00,0x00,0x00,0x00,0x00,
    0x00,0x00,0x00,0x00,0x00,0x00,0x00,0x00,0x00,0x00,0x00,0x00,0x00,0x00,0x00,0x00,
    0x00,0x00,0x00,0x00,0x00,0x00,0x00,0x07,0x61,0x16,0x07,0x52,0xc2,0x55,0xf5,0x00,
    0x77,0x77,0x77,0x00,0xcc,0x25,0x00,0x00,0xaa,0xaa,0xaa,0xaa,0xaa,0xaa,0xaa,0xaa,
    0x70,0x07,0xbb,0xbb,0xbb,0xbb,0x80,0x07,0xaa,0xaa,0xaa,0xaa,0xaa,0xaa,0xaa,0xaa,
    0x00,0x00,0x52,0xcc,0x2f,0x70,0x61,0x47,0x00,0x5f,0x55,0x2c,0x2f,0x70,0x77,0x36,
    0x70,0x77,0x77,0x77,0x77,0x77,0x36,0x66,0x80,0x00,0x00,0x00,0x00,0x00,0x00,0x00,
    0x00,0x00,0x00,0x00,0x00,0x00,0x00,0x00,0x00,0x00,0x00,0x00,0x00,0x00,0x00,0x00,
    0x00,0x00,0x00,0x00,0x00,0x00,0x00,0x00,0x00,0x00,0x00,0x00,0x00,0x00,0x00,0x00,
    0x00,0x00,0x00,0x00,0x00,0x00,0x00,0x00,0x00,0x00,0x00,0x00,0x00,0x00,0x00,0x00,
    0x78,0x16,0x00,0x07,0xc2,0x54,0x00,0x00,0x11,0x11,0x1d,0x00,0xc2,0x70,0x00,0x00,
    0xaa,0xaa,0xaa,0xaa,0xaa,0xaa,0xaa,0xaa,0xee,0xee,0x70,0x77,0x77,0x07,0xee,0xee,
    0xaa,0xaa,0xaa,0xaa,0xaa,0xaa,0xaa,0xaa,0x00,0x00,0x07,0x2c,0x70,0x00,0x61,0x11,
    0x70,0x00,0x45,0x2c,0x70,0x00,0xb1,0x87,0x00,0xb1,0x11,0x11,0x11,0x11,0x40,0x77,
    0x00,0x00,0x00,0x00,0x00,0x00,0x00,0x00,0x00,0x00,0x00,0x00,0x00,0x00,0x00,0x00,
    0x00,0x00,0x00,0x00,0x00,0x00,0x00,0x00,0x00,0x00,0x00,0x00,0x00,0x00,0x00,0x00,
    0x00,0x00,0x00,0x00,0x00,0x00,0x00,0x00,0x00,0x00,0x00,0x00,0x00,0x00,0x00,0x00,
    0x00,0x00,0x00,0x00,0x00,0x00,0x00,0x00,0x07,0x63,0x77,0x07,0xc2,0x44,0x00,0x78,
    0x61,0x11,0x16,0x00,0xf5,0x00,0x00,0x00,0xee,0xee,0xaa,0xaa,0xaa,0xaa,0xaa,0xaa,
    0xaa,0xae,0x87,0x77,0x77,0x77,0xea,0xaa,0xaa,0xaa,0xaa,0xaa,0xaa,0xaa,0xee,0xee,
    0x00,0x00,0x00,0x5f,0x00,0x78,0xd1,0x11,0x87,0x00,0x44,0x2c,0x70,0x00,0x61,0x80,
    0x00,0x31,0x66,0x61,0x11,0x16,0x80,0x00,0x00,0x00,0x00,0x00,0x00,0x00,0x00,0x00,
    0x00,0x00,0x00,0x00,0x00,0x00,0x00,0x00,0x00,0x00,0x00,0x00,0x00,0x00,0x00,0x00,
    0x00,0x00,0x00,0x00,0x00,0x00,0x00,0x00,0x00,0x00,0x00,0x00,0x00,0x00,0x00,0x00,
    0x00,0x00,0x00,0x00,0x00,0x00,0x00,0x00,0x00,0x00,0x00,0x00,0x00,0x00,0x00,0x00,
    0x00,0x08,0x1d,0x07,0xc2,0x00,0x07,0x16,0x77,0x08,0x16,0x00,0x00,0x00,0x00,0x00,
    0x00,0x07,0xea,0xaa,0xaa,0xaa,0xaa,0xaa,0xaa,0xaa,0xaa,0xaa,0xaa,0xaa,0xaa,0xaa,
    0xaa,0xaa,0xaa,0xaa,0xaa,0xae,0x00,0x00,0x00,0x00,0x00,0x00,0x00,0x61,0x87,0x61,
    0x16,0x70,0x00,0x2c,0x70,0x00,0x61,0x80,0x00,0x07,0x07,0x77,0x77,0x77,0x00,0x00,
    0x00,0x00,0x00,0x00,0x00,0x00,0x00,0x00,0x00,0x00,0x00,0x00,0x00,0x00,0x00,0x00,
    0x00,0x00,0x00,0x00,0x00,0x00,0x00,0x00,0x00,0x00,0x00,0x00,0x00,0x00,0x00,0x00,
    0x00,0x00,0x00,0x00,0x00,0x00,0x00,0x00,0x00,0x00,0x00,0x00,0x00,0x00,0x00,0x00,
    0x00,0x00,0x00,0x00,0x00,0x00,0x00,0x00,0x00,0x08,0x16,0x07,0x25,0x00,0x08,0x6d,
    0x00,0x07,0x6d,0x70,0x00,0x00,0x00,0x00,0x00,0x00,0xee,0xee,0xee,0xaa,0xaa,0xaa,
    0xaa,0xaa,0xaa,0xaa,0xaa,0xaa,0xaa,0xaa,0xaa,0xaa,0xaa,0xee,0xee,0xee,0x00,0x00,
    0x00,0x00,0x00,0x00,0x07,0xd6,0x70,0xd1,0x16,0x80,0x00,0x5f,0x00,0x00,0x61,0x80,
    0x00,0x00,0x00,0x00,0x00,0x00,0x00,0x00,0x00,0x00,0x00,0x00,0x00,0x00,0x00,0x00,
    0x00,0x00,0x00,0x00,0x00,0x00,0x00,0x00,0x00,0x00,0x00,0x00,0x00,0x00,0x00,0x00,
    0x00,0x00,0x00,0x00,0x00,0x00,0x00,0x00,0x00,0x00,0x00,0x00,0x00,0x00,0x00,0x00,
    0x00,0x00,0x00,0x00,0x00,0x00,0x00,0x00,0x00,0x00,0x00,0x00,0x00,0x00,0x00,0x00,
    0x00,0x08,0x16,0x00,0x00,0x07,0x16,0x70,0x00,0x00,0x07,0x16,0x00,0x00,0x00,0x00,
    0x00,0x00,0x00,0x00,0x00,0xaa,0xaa,0xaa,0xaa,0xaa,0xaa,0xaa,0xaa,0xaa,0xaa,0xaa,
    0xaa,0xaa,0xaa,0x70,0x00,0x00,0x00,0x00,0x00,0x00,0x00,0x00,0x61,0x80,0x00,0x00,
    0x00,0x61,0x70,0x00,0x00,0x00,0x61,0x80,0x00,0x00,0x00,0x00,0x00,0x00,0x00,0x00,
    0x00,0x00,0x00,0x00,0x00,0x00,0x00,0x00,0x00,0x00,0x00,0x00,0x00,0x00,0x00,0x00,
    0x00,0x00,0x00,0x00,0x00,0x00,0x00,0x00,0x00,0x00,0x00,0x00,0x00,0x00,0x00,0x00,
    0x00,0x00,0x00,0x00,0x00,0x00,0x00,0x00,0x00,0x00,0x00,0x00,0x00,0x00,0x00,0x00,
    0x00,0x00,0x00,0x00,0x00,0x00,0x00,0x00,0x00,0x08,0x16,0x00,0x00,0x78,0x6d,0x70,
    0x00,0x00,0x07,0x11,0x00,0x00,0x00,0x00,0x00,0x00,0x00,0x00,0x00,0xee,0xee,0xee,
    0xaa,0xaa,0xaa,0xaa,0xaa,0xaa,0xaa,0xaa,0xee,0xee,0xee,0x00,0x00,0x00,0x00,0x00,
    0x00,0x00,0x00,0x00,0x61,0x70,0x00,0x00,0x00,0xd1,0x40,0x00,0x00,0x00,0x61,0x80,
    0x00,0x00,0x00,0x00,0x00,0x00,0x00,0x00,0x00,0x00,0x00,0x00,0x00,0x00,0x00,0x00,
    0x00,0x00,0x00,0x00,0x00,0x00,0x00,0x00,0x00,0x00,0x00,0x00,0x00,0x00,0x00,0x00,
    0x00,0x00,0x00,0x00,0x00,0x00,0x00,0x00,0x00,0x00,0x00,0x00,0x00,0x00,0x00,0x00,
    0x00,0x00,0x00,0x00,0x00,0x00,0x00,0x00,0x00,0x00,0x00,0x00,0x00,0x00,0x00,0x00,
    0x00,0x08,0x16,0x00,0x07,0x16,0x70,0x00,0x00,0x00,0x07,0x11,0x00,0x00,0x00,0x00,
    0x00,0x00,0x00,0x00,0x00,0x00,0x00,0x00,0xaa,0xaa,0xaa,0xaa,0xaa,0xaa,0xaa,0xaa,
    0x00,0x00,0x00,0x00,0x00,0x00,0x00,0x00,0x00,0x00,0x00,0x00,0x11,0x80,0x00,0x00,
    0x00,0x07,0x61,0x70,0x00,0x00,0x61,0x80,0x00,0x00,0x00,0x00,0x00,0x00,0x00,0x00,
    0x00,0x00,0x00,0x00,0x00,0x00,0x00,0x00,0x00,0x00,0x00,0x00,0x00,0x00,0x00,0x00,
    0x00,0x00,0x00,0x00,0x00,0x00,0x00,0x00,0x00,0x00,0x00,0x00,0x00,0x00,0x00,0x00,
    0x00,0x00,0x00,0x00,0x00,0x00,0x00,0x00,0x00,0x00,0x00,0x00,0x00,0x00,0x00,0x00,
    0x00,0x00,0x00,0x00,0x00,0x00,0x00,0x00,0x00,0x07,0x6b,0x77,0x78,0x63,0x00,0x00,
    0x00,0x00,0x07,0xdd,0x77,0x00,0x00,0x00,0x00,0x00,0x00,0x00,0x00,0x00,0x00,0x00,
    0xee,0xee,0xee,0xee,0xee,0xee,0xee,0xee,0x00,0x00,0x00,0x00,0x00,0x00,0x00,0x00,
    0x00,0x00,0x00,0x77,0xd6,0x70,0x00,0x00,0x00,0x00,0x36,0x87,0x77,0x78,0xb6,0x80,
    0x00,0x00,0x00,0x00,0x00,0x00,0x00,0x00,0x00,0x00,0x00,0x00,0x00,0x00,0x00,0x00,
    0x00,0x00,0x00,0x00,0x00,0x00,0x00,0x00,0x00,0x00,0x00,0x00,0x00,0x00,0x00,0x00,
    0x00,0x00,0x00,0x00,0x00,0x00,0x00,0x00,0x00,0x00,0x00,0x00,0x00,0x00,0x00,0x00,
    0x00,0x00,0x00,0x00,0x00,0x00,0x00,0x00,0x00,0x00,0x00,0x00,0x00,0x00,0x00,0x00,
    0x00,0x00,0x08,0x11,0x16,0x70,0x00,0x00,0x00,0x00,0x00,0x07,0x16,0x00,0x00,0x00,
    0x00,0x00,0x00,0x00,0x00,0x00,0x00,0x00,0x00,0x00,0x00,0x00,0x00,0x00,0x00,0x00,
    0x00,0x00,0x00,0x00,0x00,0x00,0x00,0x00,0x00,0x00,0x00,0x61,0x80,0x00,0x00,0x00,
    0x00,0x00,0x07,0xd1,0x11,0x11,0x40,0x00,0x00,0x00,0x00,0x00,0x00,0x00,0x00,0x00,
    0x00,0x00,0x00,0x00,0x00,0x00,0x00,0x00,0x00,0x00,0x00,0x00,0x00,0x00,0x00,0x00,
    0x00,0x00,0x00,0x00,0x00,0x00,0x00,0x00,0x00,0x00,0x00,0x00,0x00,0x00,0x00,0x00,
    0x00,0x00,0x00,0x00,0x00,0x00,0x00,0x00,0x00,0x00,0x00,0x00,0x00,0x00,0x00,0x00,
    0x00,0x00,0x00,0x00,0x00,0x00,0x00,0x00,0x00,0x00,0x07,0x66,0x1d,0x00,0x00,0x00,
    0x00,0x00,0x00,0x07,0x16,0x00,0x00,0x00,0x00,0x00,0x00,0x00,0x00,0x00,0x00,0x00,
    0x00,0x00,0x00,0x00,0x00,0x00,0x00,0x00,0x00,0x00,0x00,0x00,0x00,0x00,0x00,0x00,
    0x00,0x00,0x00,0x61,0x70,0x00,0x00,0x00,0x00,0x00,0x00,0x31,0x66,0x66,0x80,0x00,
    0x00,0x00,0x00,0x00,0x00,0x00,0x00,0x00,0x00,0x00,0x00,0x00,0x00,0x00,0x00,0x00,
    0x00,0x00,0x00,0x00,0x00,0x00,0x00,0x00,0x00,0x00,0x00,0x00,0x00,0x00,0x00,0x00,
    0x00,0x00,0x00,0x00,0x00,0x00,0x00,0x00,0x00,0x00,0x00,0x00,0x00,0x00,0x00,0x00,
    0x00,0x00,0x00,0x00,0x00,0x00,0x00,0x00,0x00,0x00,0x00,0x00,0x00,0x00,0x00,0x00,
    0x00,0x00,0x00,0x07,0x77,0x00,0x00,0x00,0x00,0x00,0x00,0x07,0x16,0x00,0x00,0x00,
    0x00,0x00,0x00,0x00,0x00,0x00,0x00,0x00,0x00,0x00,0x00,0x00,0x00,0x00,0x00,0x00,
    0x00,0x00,0x00,0x00,0x00,0x00,0x00,0x00,0x00,0x00,0x00,0x61,0x70,0x00,0x00,0x00,
    0x00,0x00,0x00,0x07,0x77,0x00,0x00,0x00,0x00,0x00,0x00,0x00,0x00,0x00,0x00,0x00,
    0x00,0x00,0x00,0x00,0x00,0x00,0x00,0x00,0x00,0x00,0x00,0x00,0x00,0x00,0x00,0x00,
    0x00,0x00,0x00,0x00,0x00,0x00,0x00,0x00,0x00,0x00,0x00,0x00,0x00,0x00,0x00,0x00,
    0x00,0x00,0x00,0x00,0x00,0x00,0x00,0x00,0x00,0x00,0x00,0x00,0x00,0x00,0x00,0x00,
    0x00,0x00,0x00,0x00,0x00,0x00,0x00,0x00,0x00,0x00,0x00,0x00,0x00,0x00,0x00,0x00,
    0x00,0x00,0x00,0x07,0x16,0x00,0x00,0x00,0x00,0x00,0x00,0x00,0x00,0x00,0x00,0x00,
    0x00,0x00,0x00,0x00,0x00,0x00,0x00,0x00,0x00,0x00,0x00,0x00,0x00,0x00,0x00,0x00,
    0x07,0x70,0x00,0x61,0x70,0x00,0x00,0x00,0x00,0x00,0x00,0x00,0x00,0x00,0x00,0x00,
    0x00,0x00,0x00,0x00,0x00,0x00,0x00,0x00,0x00,0x00,0x00,0x00,0x00,0x00,0x00,0x00,
    0x00,0x00,0x00,0x00,0x00,0x00,0x00,0x00,0x00,0x00,0x00,0x00,0x00,0x00,0x00,0x00,
    0x00,0x00,0x00,0x00,0x00,0x00,0x00,0x00,0x00,0x00,0x00,0x00,0x00,0x00,0x00,0x00,
    0x00,0x00,0x00,0x00,0x00,0x00,0x00,0x00,0x00,0x00,0x00,0x00,0x00,0x00,0x00,0x00,
    0x00,0x00,0x00,0x00,0x00,0x00,0x00,0x00,0x00,0x00,0x00,0x07,0x16,0x00,0xd6,0x6d,
    0x00,0x00,0x00,0x00,0x00,0x00,0x00,0x00,0x00,0x00,0x00,0x00,0x00,0x00,0x00,0x00,
    0x00,0x00,0x00,0x00,0x00,0x00,0x00,0x00,0xd6,0x66,0x70,0x61,0x70,0x00,0x00,0x00,
    0x00,0x00,0x00,0x00,0x00,0x00,0x00,0x00,0x00,0x00,0x00,0x00,0x00,0x00,0x00,0x00,
    0x00,0x00,0x00,0x00,0x00,0x00,0x00,0x00,0x00,0x00,0x00,0x00,0x00,0x00,0x00,0x00,
    0x00,0x00,0x00,0x00,0x00,0x00,0x00,0x00,0x00,0x00,0x00,0x00,0x00,0x00,0x00,0x00,
    0x00,0x00,0x00,0x00,0x00,0x00,0x00,0x00,0x00,0x00,0x00,0x00,0x00,0x00,0x00,0x00,
    0x00,0x00,0x00,0x00,0x00,0x00,0x00,0x00,0x00,0x00,0x00,0x00,0x00,0x00,0x00,0x00,
    0x00,0x00,0x00,0x07,0x16,0x00,0x61,0x16,0x77,0x77,0x00,0x00,0x00,0x00,0x00,0x00,
    0x00,0x00,0x00,0x00,0x00,0x00,0x00,0x00,0x00,0x00,0x00,0x00,0x00,0x00,0x77,0x77,
    0x61,0x16,0x70,0x61,0x70,0x00,0x00,0x00,0x00,0x00,0x00,0x00,0x00,0x00,0x00,0x00,
    0x00,0x00,0x00,0x00,0x00,0x00,0x00,0x00,0x00,0x00,0x00,0x00,0x00,0x00,0x00,0x00,
    0x00,0x00,0x00,0x00,0x00,0x00,0x00,0x00,0x00,0x00,0x00,0x00,0x00,0x00,0x00,0x00,
    0x00,0x00,0x00,0x00,0x00,0x00,0x00,0x00,0x00,0x00,0x00,0x00,0x00,0x00,0x00,0x00,
    0x00,0x00,0x00,0x00,0x00,0x00,0x00,0x00,0x00,0x00,0x00,0x00,0x00,0x00,0x00,0x00,
    0x00,0x00,0x00,0x00,0x00,0x00,0x00,0x00,0x00,0x00,0x00,0x07,0x16,0x07,0x61,0x11,
    0x66,0x6b,0x00,0x00,0x00,0x00,0x00,0x00,0x00,0x00,0x00,0x00,0x00,0x00,0x00,0x00,
    0x00,0x00,0x00,0x00,0x00,0x00,0xb6,0x66,0x11,0x16,0x70,0x61,0x70,0x00,0x00,0x00,
    0x00,0x00,0x00,0x00,0x00,0x00,0x00,0x00,0x00,0x00,0x00,0x00,0x00,0x00,0x00,0x00,
    0x00,0x00,0x00,0x00,0x00,0x00,0x00,0x00,0x00,0x00,0x00,0x00,0x00,0x00,0x00,0x00,
    0x00,0x00,0x00,0x00,0x00,0x00,0x00,0x00,0x00,0x00,0x00,0x00,0x00,0x00,0x00,0x00,
    0x00,0x00,0x00,0x00,0x00,0x00,0x00,0x00,0x00,0x00,0x00,0x00,0x00,0x00,0x00,0x00,
    0x00,0x00,0x00,0x00,0x00,0x00,0x00,0x00,0x00,0x00,0x00,0x00,0x00,0x00,0x00,0x00,
    0x00,0x00,0x00,0x07,0x16,0x07,0x61,0x11,0x11,0x16,0x87,0x77,0x77,0x00,0x00,0x00,
    0x00,0x00,0x00,0x00,0x00,0x00,0x00,0x00,0x00,0x00,0x00,0x77,0x77,0x78,0xd1,0x11,
    0x11,0x16,0x70,0x61,0x70,0x00,0x00,0x00,0x00,0x00,0x00,0x00,0x00,0x00,0x00,0x00,
    0x00,0x00,0x00,0x00,0x00,0x00,0x00,0x00,0x00,0x00,0x00,0x00,0x00,0x00,0x00,0x00,
    0x00,0x00,0x00,0x00,0x00,0x00,0x00,0x00,0x00,0x00,0x00,0x00,0x00,0x00,0x00,0x00,
    0x00,0x00,0x00,0x00,0x00,0x00,0x00,0x00,0x00,0x00,0x00,0x00,0x00,0x00,0x00,0x00,
    0x00,0x00,0x00,0x00,0x00,0x00,0x00,0x00,0x00,0x00,0x00,0x00,0x00,0x00,0x00,0x00,
    0x00,0x00,0x00,0x00,0x00,0x00,0x00,0x00,0x00,0x00,0x00,0x07,0x16,0x07,0x61,0x11,
    0x11,0x11,0x66,0x66,0x6d,0x00,0x00,0x00,0x00,0x00,0x00,0x00,0x00,0x00,0x00,0x00,
    0x00,0x00,0x00,0x36,0x66,0x66,0x11,0x11,0x11,0x16,0x70,0x61,0x70,0x00,0x00,0x00,
    0x00,0x00,0x00,0x00,0x00,0x00,0x00,0x00,0x00,0x00,0x00,0x00,0x00,0x00,0x00,0x00,
    0x00,0x00,0x00,0x00,0x00,0x00,0x00,0x00,0x00,0x00,0x00,0x00,0x00,0x00,0x00,0x00,
    0x00,0x00,0x00,0x00,0x00,0x00,0x00,0x00,0x00,0x00,0x00,0x00,0x00,0x00,0x00,0x00,
    0x00,0x00,0x00,0x00,0x00,0x00,0x00,0x00,0x00,0x00,0x00,0x00,0x00,0x00,0x00,0x00,
    0x00,0x00,0x00,0x00,0x00,0x00,0x00,0x00,0x00,0x00,0x00,0x00,0x00,0x00,0x00,0x00,
    0x00,0x00,0x00,0x78,0x6d,0x07,0x61,0x11,0x11,0x11,0x11,0x11,0x16,0x87,0x00,0x00,
    0x00,0x00,0x00,0x00,0x00,0x00,0x00,0x00,0x00,0x00,0x78,0x61,0x11,0x11,0x11,0x11,
    0x11,0x16,0x70,0xb6,0x87,0x00,0x00,0x00,0x00,0x00,0x00,0x00,0x00,0x00,0x00,0x00,
    0x00,0x00,0x00,0x00,0x00,0x00,0x00,0x00,0x00,0x00,0x00,0x00,0x00,0x00,0x00,0x00,
    0x00,0x00,0x00,0x00,0x00,0x00,0x00,0x00,0x00,0x00,0x00,0x00,0x00,0x00,0x00,0x00,
    0x00,0x00,0x00,0x00,0x00,0x00,0x00,0x00,0x00,0x00,0x00,0x00,0x00,0x00,0x00,0x00,
    0x00,0x00,0x00,0x00,0x00,0x00,0x00,0x00,0x00,0x00,0x00,0x00,0x00,0x00,0x00,0x00,
    0x00,0x00,0x00,0x00,0x00,0x00,0x00,0x00,0x00,0x00,0x07,0x66,0x70,0x07,0x61,0x11,
    0x11,0x11,0x11,0x11,0x11,0x6d,0x00,0x00,0x00,0x00,0x00,0x00,0x00,0x00,0x00,0x00,
    0x00,0x00,0xb6,0x11,0x11,0x11,0x11,0x11,0x11,0x16,0x70,0x00,0x61,0x70,0x00,0x00,
    0x00,0x00,0x00,0x00,0x00,0x00,0x00,0x00,0x00,0x00,0x00,0x00,0x00,0x00,0x00,0x00,
    0x00,0x00,0x00,0x00,0x00,0x00,0x00,0x00,0x00,0x00,0x00,0x00,0x00,0x00,0x00,0x00,
    0x00,0x00,0x00,0x00,0x00,0x00,0x00,0x00,0x00,0x00,0x00,0x00,0x00,0x00,0x00,0x00,
    0x00,0x00,0x00,0x00,0x00,0x00,0x00,0x00,0x00,0x00,0x00,0x00,0x00,0x00,0x00,0x00,
    0x00,0x00,0x00,0x00,0x00,0x00,0x00,0x00,0x00,0x00,0x00,0x00,0x00,0x00,0x00,0x00,
    0x00,0x00,0x07,0x11,0x00,0x07,0x61,0x11,0x11,0x11,0x11,0x11,0x11,0x16,0x80,0x00,
    0x00,0x00,0x00,0x00,0x00,0x00,0x00,0x00,0x00,0x07,0xd1,0x11,0x11,0x11,0x11,0x11,
    0x11,0x16,0x70,0x00,0x11,0x80,0x00,0x00,0x00,0x00,0x00,0x00,0x00,0x00,0x00,0x00,
    0x00,0x00,0x00,0x00,0x00,0x00,0x00,0x00,0x00,0x00,0x00,0x00,0x00,0x00,0x00,0x00,
    0x00,0x00,0x00,0x00,0x00,0x00,0x00,0x00,0x00,0x00,0x00,0x00,0x00,0x00,0x00,0x00,
    0x00,0x00,0x00,0x00,0x00,0x00,0x00,0x00,0x00,0x00,0x00,0x00,0x00,0x00,0x00,0x00,
    0x00,0x00,0x00,0x00,0x00,0x00,0x00,0x00,0x00,0x00,0x00,0x00,0x00,0x00,0x00,0x00,
    0x00,0x00,0x00,0x00,0x00,0x00,0x00,0x00,0x00,0x00,0x07,0x11,0x00,0x07,0x61,0x11,
    0x11,0x11,0x11,0x11,0x11,0x11,0x16,0x00,0x00,0x00,0x00,0x00,0x00,0x00,0x00,0x00,
    0x00,0xd1,0x11,0x11,0x11,0x11,0x11,0x11,0x11,0x16,0x70,0x00,0x61,0x70,0x00,0x00,
    0x00,0x00,0x00,0x00,0x00,0x00,0x00,0x00,0x00,0x00,0x00,0x00,0x00,0x00,0x00,0x00,
    0x00,0x00,0x00,0x00,0x00,0x00,0x00,0x00,0x00,0x00,0x00,0x00,0x00,0x00,0x00,0x00,
    0x00,0x00,0x00,0x00,0x00,0x00,0x00,0x00,0x00,0x00,0x00,0x00,0x00,0x00,0x00,0x00,
    0x00,0x00,0x00,0x00,0x00,0x00,0x00,0x00,0x00,0x00,0x00,0x00,0x00,0x00,0x00,0x00,
    0x00,0x00,0x00,0x00,0x00,0x00,0x00,0x00,0x00,0x00,0x00,0x00,0x00,0x00,0x00,0x00,
    0x00,0x00,0x74,0x11,0x00,0x07,0x61,0x11,0x11,0x11,0x11,0x11,0x11,0x11,0x16,0x00,
    0x00,0x00,0x00,0x00,0x00,0x00,0x00,0x00,0x00,0x61,0x11,0x11,0x11,0x11,0x11,0x11,
    0x11,0x16,0x70,0x00,0x61,0x47,0x00,0x00,0x00,0x00,0x00,0x00,0x00,0x00,0x00,0x00,
    0x00,0x00,0x00,0x00,0x00,0x00,0x00,0x00,0x00,0x00,0x00,0x00,0x00,0x00,0x00,0x00,
    0x00,0x00,0x00,0x00,0x00,0x00,0x00,0x00,0x00,0x00,0x00,0x00,0x00,0x00,0x00,0x00,
    0x00,0x00,0x00,0x00,0x00,0x00,0x00,0x00,0x00,0x00,0x00,0x00,0x00,0x00,0x00,0x00,
    0x00,0x00,0x00,0x00,0x00,0x00,0x00,0x00,0x00,0x00,0x00,0x00,0x00,0x00,0x00,0x00,
    0x00,0x00,0x00,0x00,0x00,0x00,0x00,0x00,0x00,0x08,0x61,0x11,0x00,0x07,0x61,0x11,
    0x11,0x11,0x11,0x11,0x11,0x11,0x16,0x00,0x00,0x00,0x00,0x00,0x00,0x00,0x00,0x00,
    0x00,0x61,0x11,0x11,0x11,0x11,0x11,0x11,0x11,0x16,0x70,0x00,0x11,0x11,0x80,0x00,
    0x00,0x00,0x00,0x00,0x00,0x00,0x00,0x00,0x00,0x00,0x00,0x00,0x00,0x00,0x00,0x00,
    0x00,0x00,0x00,0x00,0x00,0x00,0x00,0x00,0x00,0x00,0x00,0x00,0x00,0x00,0x00,0x00,
    0x00,0x00,0x00,0x00,0x00,0x00,0x00,0x00,0x00,0x00,0x00,0x00,0x00,0x00,0x00,0x00,
    0x00,0x00,0x00,0x00,0x00,0x00,0x00,0x00,0x00,0x00,0x00,0x00,0x00,0x00,0x00,0x00,
    0x00,0x00,0x00,0x00,0x00,0x00,0x00,0x00,0x00,0x00,0x00,0x00,0x00,0x00,0x00,0x00,
    0x00,0x07,0x11,0x6d,0x00,0x78,0x61,0x11,0x11,0x11,0x11,0x11,0x11,0x11,0x16,0x00,
    0x00,0x00,0x00,0x00,0x00,0x00,0x00,0x00,0x00,0x61,0x11,0x11,0x11,0x11,0x11,0x11,
    0x11,0x16,0x87,0x00,0xd6,0x11,0x80,0x00,0x00,0x00,0x00,0x00,0x00,0x00,0x00,0x00,
    0x00,0x00,0x00,0x00,0x00,0x00,0x00,0x00,0x00,0x00,0x00,0x00,0x00,0x00,0x00,0x00,
    0x00,0x00,0x00,0x00,0x00,0x00,0x00,0x00,0x00,0x00,0x00,0x00,0x00,0x00,0x00,0x00,
    0x00,0x00,0x00,0x00,0x00,0x00,0x00,0x00,0x00,0x00,0x00,0x00,0x00,0x00,0x00,0x00,
    0x00,0x00,0x00,0x00,0x00,0x00,0x00,0x00,0x00,0x00,0x00,0x00,0x00,0x00,0x00,0x00,
    0x00,0x00,0x00,0x00,0x00,0x00,0x00,0x00,0x00,0x07,0x11,0x70,0x00,0xd6,0x11,0x11,
    0x11,0x11,0x11,0x11,0x11,0x11,0x16,0x00,0x00,0x00,0x00,0x00,0x00,0x00,0x00,0x00,
    0x00,0x61,0x11,0x11,0x11,0x11,0x11,0x11,0x11,0x11,0x66,0x70,0x07,0x11,0x70,0x00,
    0x00,0x00,0x00,0x00,0x00,0x00,0x00,0x00,0x00,0x00,0x00,0x00,0x00,0x00,0x00,0x00,
    0x00,0x00,0x00,0x00,0x00,0x00,0x00,0x00,0x00,0x00,0x00,0x00,0x00,0x00,0x00,0x00,
    0x00,0x00,0x00,0x00,0x00,0x00,0x00,0x00,0x00,0x00,0x00,0x00,0x00,0x00,0x00,0x00,
    0x00,0x00,0x00,0x00,0x00,0x00,0x00,0x00,0x00,0x00,0x00,0x00,0x00,0x00,0x00,0x00,
    0x00,0x00,0x00,0x00,0x00,0x00,0x00,0x00,0x00,0x00,0x00,0x00,0x00,0x00,0x00,0x00,
    0x00,0x74,0xd3,0x00,0x78,0x61,0x11,0x11,0x11,0x11,0x11,0x11,0x11,0x11,0x16,0x00,
    0x00,0x00,0x00,0x00,0x00,0x00,0x00,0x00,0x00,0x61,0x11,0x11,0x11,0x11,0x11,0x11,
    0x11,0x11,0x16,0x47,0x00,0x3d,0x47,0x00,0x00,0x00,0x00,0x00,0x00,0x00,0x00,0x00,
    0x00,0x00,0x00,0x00,0x00,0x00,0x00,0x00,0x00,0x00,0x00,0x00,0x00,0x00,0x00,0x00,
    0x00,0x00,0x00,0x00,0x00,0x00,0x00,0x00,0x00,0x00,0x00,0x00,0x00,0x00,0x00,0x00,
    0x00,0x00,0x00,0x00,0x00,0x00,0x00,0x00,0x00,0x00,0x00,0x00,0x00,0x00,0x00,0x00,
    0x00,0x00,0x00,0x00,0x00,0x00,0x00,0x00,0x00,0x00,0x00,0x00,0x00,0x00,0x00,0x00,
    0x00,0x00,0x00,0x00,0x00,0x00,0x00,0x00,0x07,0x16,0x00,0x07,0x66,0x11,0x11,0x11,
    0x11,0x11,0x11,0x11,0x11,0x11,0x16,0x00,0x00,0x00,0x00,0x00,0x00,0x00,0x00,0x00,
    0x00,0x61,0x11,0x11,0x11,0x11,0x11,0x11,0x11,0x11,0x11,0x16,0x00,0x00,0x61,0x70,
    0x00,0x00,0x00,0x00,0x00,0x00,0x00,0x00,0x00,0x00,0x00,0x00,0x00,0x00,0x00,0x00,
    0x00,0x00,0x00,0x00,0x00,0x00,0x00,0x00,0x00,0x00,0x00,0x00,0x00,0x00,0x00,0x00,
    0x00,0x00,0x00,0x00,0x00,0x00,0x00,0x00,0x00,0x00,0x00,0x00,0x00,0x00,0x00,0x00,
    0x00,0x00,0x00,0x00,0x00,0x00,0x00,0x00,0x00,0x00,0x00,0x00,0x00,0x00,0x00,0x00,
    0x00,0x00,0x00,0x00,0x00,0x00,0x00,0x00,0x00,0x00,0x00,0x00,0x00,0x00,0x00,0x88,
    0x88,0x63,0x00,0x08,0x11,0x11,0x11,0x11,0x11,0x11,0x11,0x11,0x11,0x11,0x16,0x00,
    0x00,0x00,0x00,0x00,0x00,0x00,0x00,0x00,0x00,0x61,0x11,0x11,0x11,0x11,0x11,0x11,
    0x11,0x11,0x11,0x11,0x80,0x00,0x36,0x47,0x87,0x00,0x00,0x00,0x00,0x00,0x00,0x00,
    0x00,0x00,0x00,0x00,0x00,0x00,0x00,0x00,0x00,0x00,0x00,0x00,0x00,0x00,0x00,0x00,
    0x00,0x00,0x00,0x00,0x00,0x00,0x00,0x00,0x00,0x00,0x00,0x00,0x00,0x00,0x00,0x00,
    0x00,0x00,0x00,0x00,0x00,0x00,0x00,0x00,0x00,0x00,0x00,0x00,0x00,0x00,0x00,0x00,
    0x00,0x00,0x00,0x00,0x00,0x00,0x00,0x00,0x00,0x00,0x00,0x00,0x00,0x00,0x00,0x00,
    0x00,0x00,0x00,0x00,0x00,0x00,0x07,0x11,0x11,0x00,0x07,0x61,0x11,0x11,0x11,0x11,
    0x11,0x11,0x11,0x11,0x11,0x11,0x16,0x00,0x00,0x00,0x00,0x00,0x00,0x00,0x00,0x00,
    0x00,0x61,0x11,0x11,0x11,0x11,0x11,0x11,0x11,0x11,0x11,0x11,0x66,0x70,0x00,0x61,
    0x11,0x80,0x00,0x00,0x00,0x00,0x00,0x00,0x00,0x00,0x00,0x00,0x00,0x00,0x00,0x00,
    0x00,0x00,0x00,0x00,0x00,0x00,0x00,0x00,0x00,0x00,0x00,0x00,0x00,0x00,0x00,0x00,
    0x00,0x00,0x00,0x00,0x00,0x00,0x00,0x00,0x00,0x00,0x00,0x00,0x00,0x00,0x00,0x00,
    0x00,0x00,0x00,0x00,0x00,0x00,0x00,0x00,0x00,0x00,0x00,0x00,0x00,0x00,0x00,0x00,
    0x00,0x00,0x00,0x00,0x00,0x00,0x00,0x00,0x00,0x00,0x00,0x00,0x00,0x00,0x74,0x11,
    0x63,0x00,0x08,0x61,0x11,0x11,0x11,0x11,0x11,0x11,0x11,0x11,0x11,0x11,0x16,0x00,
    0x00,0x00,0x00,0x00,0x00,0x00,0x00,0x00,0x00,0x61,0x11,0x11,0x11,0x11,0x11,0x11,
    0x11,0x11,0x11,0x11,0x16,0x80,0x00,0x36,0x11,0x47,0x00,0x00,0x00,0x00,0x00,0x00,
    0x00,0x00,0x00,0x00,0x00,0x00,0x00,0x00,0x00,0x00,0x00,0x00,0x00,0x00,0x00,0x00,
    0x00,0x00,0x00,0x00,0x00,0x00,0x00,0x00,0x00,0x00,0x00,0x00,0x00,0x00,0x00,0x00,
    0x00,0x00,0x00,0x00,0x00,0x00,0x00,0x00,0x00,0x00,0x00,0x00,0x00,0x00,0x00,0x00,
    0x00,0x00,0x00,0x00,0x00,0x00,0x00,0x00,0x00,0x00,0x00,0x00,0x00,0x00,0x00,0x00,
    0x00,0x00,0x00,0x00,0x00,0x07,0x11,0x16,0x00,0x07,0x66,0x11,0x11,0x11,0x11,0x11,
    0x11,0x11,0x11,0x11,0x11,0x11,0x16,0x00,0x00,0x00,0x00,0x00,0x00,0x00,0x00,0x00,
    0x00,0x61,0x11,0x11,0x11,0x11,0x11,0x11,0x11,0x11,0x11,0x11,0x11,0x66,0x70,0x00,
    0x61,0x11,0x80,0x00,0x00,0x00,0x00,0x00,0x00,0x00,0x00,0x00,0x00,0x00,0x00,0x00,
    0x00,0x00,0x00,0x00,0x00,0x00,0x00,0x00,0x00,0x00,0x00,0x00,0x00,0x00,0x00,0x00,
    0x00,0x00,0x00,0x00,0x00,0x00,0x00,0x00,0x00,0x00,0x00,0x00,0x00,0x00,0x00,0x00,
    0x00,0x00,0x00,0x00,0x00,0x00,0x00,0x00,0x00,0x00,0x00,0x00,0x00,0x00,0x00,0x00,
    0x00,0x00,0x00,0x00,0x00,0x00,0x00,0x00,0x00,0x00,0x00,0x88,0x88,0x84,0xbd,0x63,
    0x00,0x74,0x61,0x11,0x11,0x11,0x11,0x11,0x11,0x11,0x11,0x11,0x11,0x11,0x16,0x87,
    0x00,0x00,0x00,0x00,0x00,0x00,0x00,0x00,0x78,0x61,0x11,0x11,0x11,0x11,0x11,0x11,
    0x11,0x11,0x11,0x11,0x11,0x16,0x47,0x00,0x36,0x6d,0x48,0x88,0x88,0x00,0x00,0x00,
    0x00,0x00,0x00,0x00,0x00,0x00,0x00,0x00,0x00,0x00,0x00,0x00,0x00,0x00,0x00,0x00,
    0x00,0x00,0x00,0x00,0x00,0x00,0x00,0x00,0x00,0x00,0x00,0x00,0x00,0x00,0x00,0x00,
    0x00,0x00,0x00,0x00,0x00,0x00,0x00,0x00,0x00,0x00,0x00,0x00,0x00,0x00,0x00,0x00,
    0x00,0x00,0x00,0x00,0x00,0x00,0x00,0x00,0x00,0x00,0x00,0x00,0x00,0x00,0x00,0x00,
    0x00,0x00,0x08,0x11,0x11,0x16,0x00,0x00,0x00,0x66,0x11,0x11,0x11,0x11,0x11,0x11,
    0x11,0x11,0x11,0x11,0x11,0x11,0x11,0x6d,0x00,0x00,0x00,0x00,0x00,0x00,0x00,0x00,
    0xd6,0x11,0x11,0x11,0x11,0x11,0x11,0x11,0x11,0x11,0x11,0x11,0x11,0x11,0x66,0x70,
    0x00,0x00,0x61,0x11,0x11,0x80,0x00,0x00,0x00,0x00,0x00,0x00,0x00,0x00,0x00,0x00,
    0x00,0x00,0x00,0x00,0x00,0x00,0x00,0x00,0x00,0x00,0x00,0x00,0x00,0x00,0x00,0x00,
    0x00,0x00,0x00,0x00,0x00,0x00,0x00,0x00,0x00,0x00,0x00,0x00,0x00,0x00,0x00,0x00,
    0x00,0x00,0x00,0x00,0x00,0x00,0x00,0x00,0x00,0x00,0x00,0x00,0x00,0x00,0x00,0x00,
    0x00,0x00,0x00,0x00,0x00,0x00,0x00,0x00,0x00,0x88,0x84,0x66,0x66,0x63,0x00,0x77,
    0x78,0x11,0x11,0x11,0x11,0x11,0x11,0x11,0x11,0x11,0x11,0x11,0x11,0x11,0x11,0x16,
    0x87,0x00,0x00,0x00,0x00,0x00,0x00,0x78,0x61,0x11,0x11,0x11,0x11,0x11,0x11,0x11,
    0x11,0x11,0x11,0x11,0x11,0x11,0x11,0x47,0x77,0x00,0x36,0x66,0x66,0x48,0x88,0x00,
    0x00,0x00,0x00,0x00,0x00,0x00,0x00,0x00,0x00,0x00,0x00,0x00,0x00,0x00,0x00,0x00,
    0x00,0x00,0x00,0x00,0x00,0x00,0x00,0x00,0x00,0x00,0x00,0x00,0x00,0x00,0x00,0x00,
    0x00,0x00,0x00,0x00,0x00,0x00,0x00,0x00,0x00,0x00,0x00,0x00,0x00,0x00,0x00,0x00,
    0x00,0x00,0x00,0x00,0x00,0x00,0x00,0x00,0x00,0x00,0x00,0x00,0x00,0x00,0x00,0x00,
    0x07,0x11,0x16,0x00,0x00,0x00,0x07,0x66,0x66,0x11,0x11,0x11,0x11,0x11,0x11,0x11,
    0x11,0x11,0x11,0x11,0x11,0x11,0x11,0x11,0x6d,0x00,0x00,0x00,0x00,0x00,0x00,0xd6,
    0x11,0x11,0x11,0x11,0x11,0x11,0x11,0x11,0x11,0x11,0x11,0x11,0x11,0x11,0x11,0x66,
    0x66,0x70,0x00,0x00,0x00,0x61,0x11,0x70,0x00,0x00,0x00,0x00,0x00,0x00,0x00,0x00,
    0x00,0x00,0x00,0x00,0x00,0x00,0x00,0x00,0x00,0x00,0x00,0x00,0x00,0x00,0x00,0x00,
    0x00,0x00,0x00,0x00,0x00,0x00,0x00,0x00,0x00,0x00,0x00,0x00,0x00,0x00,0x00,0x00,
    0x00,0x00,0x00,0x00,0x00,0x00,0x00,0x00,0x00,0x00,0x00,0x00,0x00,0x00,0x00,0x00,
    0x00,0x00,0x00,0x00,0x00,0x00,0x78,0x88,0x78,0x66,0x63,0x00,0x00,0x77,0x78,0x61,
    0x11,0x11,0x11,0x11,0x11,0x11,0x11,0x11,0x11,0x11,0x11,0x11,0x11,0x11,0x11,0x11,
    0x16,0x87,0x77,0x77,0x77,0x77,0x78,0x61,0x11,0x11,0x11,0x11,0x11,0x11,0x11,0x11,
    0x11,0x11,0x11,0x11,0x11,0x11,0x11,0x11,0x16,0x87,0x77,0x00,0x00,0x36,0x66,0x87,
    0x77,0x78,0x00,0x00,0x00,0x00,0x00,0x00,0x00,0x00,0x00,0x00,0x00,0x00,0x00,0x00,
    0x00,0x00,0x00,0x00,0x00,0x00,0x00,0x00,0x00,0x00,0x00,0x00,0x00,0x00,0x00,0x00,
    0x00,0x00,0x00,0x00,0x00,0x00,0x00,0x00,0x00,0x00,0x00,0x00,0x00,0x00,0x00,0x00,
    0x00,0x00,0x00,0x00,0x00,0x00,0x00,0x00,0x00,0x00,0x00,0x00,0x00,0x08,0x11,0x11,
    0x16,0x00,0x00,0x00,0x07,0x61,0x16,0x11,0x11,0x11,0x11,0x11,0x11,0x11,0x11,0x11,
    0x11,0x11,0x11,0x11,0x11,0x11,0x11,0x11,0x11,0x11,0x11,0x11,0x11,0x11,0x11,0x11,
    0x11,0x11,0x11,0x11,0x11,0x11,0x11,0x11,0x11,0x11,0x11,0x11,0x11,0x11,0x11,0x11,
    0x11,0x11,0x16,0x70,0x00,0x00,0x00,0x61,0x11,0x11,0x80,0x00,0x00,0x00,0x00,0x00,
    0x00,0x00,0x00,0x00,0x00,0x00,0x00,0x00,0x00,0x00,0x00,0x00,0x00,0x00,0x00,0x00,
    0x00,0x00,0x00,0x00,0x00,0x00,0x00,0x00,0x00,0x00,0x00,0x00,0x00,0x00,0x00,0x00,
    0x00,0x00,0x00,0x00,0x00,0x00,0x00,0x00,0x00,0x00,0x00,0x00,0x00,0x00,0x00,0x00,
    0x00,0x00,0x00,0x00,0x88,0x84,0x66,0x66,0x63,0x00,0x00,0x77,0x78,0x11,0x11,0x11,
    0x11,0x11,0x11,0x11,0x11,0x11,0x11,0x11,0x11,0x11,0x11,0x11,0x11,0x11,0x11,0x11,
    0x11,0x11,0x11,0x11,0x11,0x11,0x11,0x11,0x11,0x11,0x11,0x11,0x11,0x11,0x11,0x11,
    0x11,0x11,0x11,0x11,0x11,0x11,0x11,0x11,0x11,0x11,0x11,0x47,0x77,0x00,0x00,0x36,
    0x66,0x66,0x47,0x88,0x00,0x00,0x00,0x00,0x00,0x00,0x00,0x00,0x00,0x00,0x00,0x00,
    0x00,0x00,0x00,0x00,0x00,0x00,0x00,0x00,0x00,0x00,0x00,0x00,0x00,0x00,0x00,0x00,
    0x00,0x00,0x00,0x00,0x00,0x00,0x00,0x00,0x00,0x00,0x00,0x00,0x00,0x00,0x00,0x00,
    0x00,0x00,0x00,0x00,0x00,0x00,0x00,0x00,0x00,0x00,0x00,0x07,0x11,0x16,0x00,0x00,
    0x00,0x00,0x07,0x66,0x61,0x11,0x11,0x11,0x11,0x11,0x11,0x11,0x11,0x11,0x11,0x11,
    0x11,0x11,0x11,0x11,0x11,0x11,0x11,0x11,0x11,0x11,0x11,0x11,0x11,0x11,0x11,0x11,
    0x11,0x11,0x11,0x11,0x11,0x11,0x11,0x11,0x11,0x11,0x11,0x11,0x11,0x11,0x11,0x11,
    0x11,0x11,0x11,0x16,0x66,0x70,0x00,0x00,0x00,0x00,0x61,0x11,0x80,0x00,0x00,0x00,
    0x00,0x00,0x00,0x00,0x00,0x00,0x00,0x00,0x00,0x00,0x00,0x00,0x00,0x00,0x00,0x00,
    0x00,0x00,0x00,0x00,0x00,0x00,0x00,0x00,0x00,0x00,0x00,0x00,0x00,0x00,0x00,0x00,
    0x00,0x00,0x00,0x00,0x00,0x00,0x00,0x00,0x00,0x00,0x00,0x00,0x00,0x00,0x00,0x00,
    0x88,0x88,0x88,0x84,0x66,0x63,0x00,0x00,0x00,0x87,0x74,0x61,0x11,0x11,0x11,0x11,
    0x11,0x11,0x11,0x11,0x11,0x11,0x11,0x11,0x11,0x11,0x11,0x11,0x11,0x11,0x11,0x11,
    0x11,0x11,0x11,0x11,0x11,0x11,0x11,0x11,0x11,0x11,0x11,0x11,0x11,0x11,0x11,0x11,
    0x11,0x11,0x11,0x11,0x11,0x11,0x11,0x11,0x11,0x11,0x11,0x11,0x16,0x47,0x77,0x00,
    0x00,0x00,0x36,0x66,0x48,0x88,0x88,0x88,0x00,0x00,0x00,0x00,0x00,0x00,0x00,0x00,
    0x00,0x00,0x00,0x00,0x00,0x00,0x00,0x00,0x00,0x00,0x00,0x00,0x00,0x00,0x00,0x00,
    0x00,0x00,0x00,0x00,0x00,0x00,0x00,0x00,0x00,0x00,0x00,0x00,0x00,0x00,0x00,0x00,
    0x00,0x00,0x00,0x00,0x00,0x00,0x00,0x08,0x11,0x11,0x11,0x16,0x00,0x00,0x00,0x00,
    0x07,0x66,0x66,0x61,0x11,0x11,0x11,0x11,0x11,0x11,0x11,0x11,0x11,0x11,0x11,0x11,
    0x11,0x11,0x11,0x11,0x11,0x11,0x11,0x11,0x11,0x11,0x11,0x11,0x11,0x11,0x11,0x11,
    0x11,0x11,0x11,0x11,0x11,0x11,0x11,0x11,0x11,0x11,0x11,0x11,0x11,0x11,0x11,0x11,
    0x11,0x11,0x11,0x11,0x16,0x66,0x66,0x70,0x00,0x00,0x00,0x00,0x61,0x11,0x11,0x11,
    0x80,0x00,0x00,0x00,0x00,0x00,0x00,0x00,0x00,0x00,0x00,0x00,0x00,0x00,0x00,0x00,
    0x00,0x00,0x00,0x00,0x00,0x00,0x00,0x00,0x00,0x00,0x00,0x00,0x00,0x00,0x00,0x00,
    0x00,0x00,0x00,0x00,0x00,0x00,0x00,0x00,0x00,0x00,0x00,0x88,0x88,0x88,0x88,0x84,
    0x66,0x66,0x66,0x63,0x00,0x00,0x00,0x78,0x84,0x11,0x11,0x11,0x11,0x11,0x11,0x11,
    0x11,0x11,0x11,0x11,0x11,0x11,0x11,0x11,0x11,0x11,0x11,0x11,0x11,0x11,0x11,0x11,
    0x11,0x11,0x11,0x11,0x11,0x11,0x11,0x11,0x11,0x11,0x11,0x11,0x11,0x11,0x11,0x11,
    0x11,0x11,0x11,0x11,0x11,0x11,0x11,0x11,0x11,0x11,0x11,0x11,0x11,0x11,0x11,0x47,
    0x87,0x00,0x00,0x00,0x36,0x66,0x66,0x66,0x48,0x88,0x88,0x88,0x88,0x00,0x00,0x00,
    0x00,0x00,0x00,0x00,0x00,0x00,0x00,0x00,0x00,0x00,0x00,0x00,0x00,0x00,0x00,0x00,
    0x00,0x00,0x00,0x00,0x00,0x00,0x00,0x00,0x00,0x00,0x00,0x00,0x00,0x00,0x00,0x00,
    0x00,0x00,0x08,0x11,0x11,0x11,0x11,0x1d,0x00,0x00,0x00,0x00,0x00,0x00,0x74,0x66,
    0x61,0x11,0x11,0x11,0x11,0x11,0x11,0x11,0x11,0x11,0x11,0x11,0x11,0x11,0x11,0x11,
    0x11,0x11,0x11,0x11,0x11,0x11,0x11,0x11,0x11,0x11,0x11,0x11,0x11,0x11,0x11,0x11,
    0x11,0x11,0x11,0x11,0x11,0x11,0x11,0x11,0x11,0x11,0x11,0x11,0x11,0x11,0x11,0x11,
    0x11,0x11,0x11,0x11,0x11,0x11,0x11,0x66,0x66,0x47,0x00,0x00,0x00,0x00,0x00,0x00,
    0xd1,0x11,0x11,0x11,0x11,0x80,0x00,0x00,0x00,0x00,0x00,0x00,0x00,0x00,0x00,0x00,
    0x00,0x00,0x00,0x00,0x00,0x00,0x00,0x00,0x00,0x00,0x00,0x00,0x00,0x00,0x00,0x00,
    0x00,0x00,0x00,0x00,0x00,0x00,0x88,0x88,0x88,0x88,0x74,0x66,0x66,0x66,0x66,0x63,
    0x00,0x00,0x00,0x00,0x00,0x00,0x45,0x61,0x11,0x11,0x11,0x11,0x11,0x11,0x11,0x11,
    0x11,0x11,0x11,0x11,0x11,0x11,0x11,0x11,0x11,0x11,0x11,0x11,0x11,0x11,0x11,0x11,
    0x11,0x11,0x11,0x11,0x11,0x11,0x11,0x11,0x11,0x11,0x11,0x11,0x11,0x11,0x11,0x11,
    0x11,0x11,0x11,0x11,0x11,0x11,0x11,0x11,0x11,0x11,0x11,0x11,0x11,0x11,0x11,0x11,
    0x11,0x54,0x00,0x00,0x00,0x00,0x00,0x00,0x36,0x66,0x66,0x66,0x66,0x47,0x88,0x88,
    0x88,0x88,0x00,0x00,0x00,0x00,0x00,0x00,0x00,0x00,0x00,0x00,0x00,0x00,0x00,0x00,
    0x00,0x00,0x00,0x00,0x00,0x00,0x00,0x00,0x00,0x00,0x00,0x00,0x00,0x04,0x11,0x11,
    0x11,0x11,0x1d,0x00,0x00,0x00,0x00,0x00,0x00,0x00,0x00,0x00,0x00,0x08,0x11,0x11,
    0x11,0x11,0x11,0x11,0x11,0x11,0x11,0x11,0x11,0x11,0x11,0x11,0x11,0x11,0x11,0x11,
    0x11,0x11,0x11,0x11,0x11,0x11,0x11,0x11,0x11,0x11,0x11,0x11,0x11,0x11,0x11,0x11,
    0x11,0x11,0x11,0x11,0x11,0x11,0x11,0x11,0x11,0x11,0x11,0x11,0x11,0x11,0x11,0x11,
    0x11,0x11,0x11,0x11,0x11,0x11,0x11,0x11,0x11,0x11,0x80,0x00,0x00,0x00,0x00,0x00,
    0x00,0x00,0x00,0x00,0x00,0xd1,0x11,0x11,0x11,0x11,0x80,0x00,0x00,0x00,0x00,0x00,
    0x00,0x00,0x00,0x00,0x00,0x00,0x00,0x00,0x00,0x00,0x00,0x00,0x00,0x00,0x00,0x00,
    0x00,0x00,0x00,0x88,0x88,0x84,0x66,0x66,0x66,0x66,0x6f,0x00,0x00,0x00,0x00,0x00,
    0x00,0x00,0x00,0x00,0x00,0x08,0x11,0x11,0x11,0x11,0x11,0x11,0x11,0x11,0x11,0x11,
    0x11,0x11,0x11,0x11,0x11,0x11,0x11,0x11,0x11,0x11,0x11,0x11,0x11,0x11,0x11,0x11,
    0x11,0x11,0x11,0x11,0x11,0x11,0x11,0x11,0x11,0x11,0x11,0x11,0x11,0x11,0x11,0x11,
    0x11,0x11,0x11,0x11,0x11,0x11,0x11,0x11,0x11,0x11,0x11,0x11,0x11,0x11,0x11,0x11,
    0x11,0x11,0x80,0x00,0x00,0x00,0x00,0x00,0x00,0x00,0x00,0x00,0x00,0xf6,0x66,0x66,
    0x66,0x66,0x48,0x88,0x88,0x00,0x00,0x00,0x00,0x00,0x00,0x00,0x00,0x00,0x00,0x00,
    0x00,0x00,0x00,0x00,0x00,0x00,0x00,0x00,0x00,0x00,0x08,0x11,0x11,0x1d,0x00,0x00,
    0x00,0x00,0x00,0x00,0x00,0x00,0x00,0x00,0x00,0x00,0x00,0x00,0x00,0x08,0x11,0x11,
    0x11,0x11,0x11,0x11,0x11,0x11,0x11,0x11,0x11,0x11,0x11,0x11,0x11,0x11,0x11,0x11,
    0x11,0x11,0x11,0x11,0x11,0x11,0x11,0x11,0x11,0x11,0x11,0x11,0x11,0x11,0x11,0x11,
    0x11,0x11,0x11,0x11,0x11,0x11,0x11,0x11,0x11,0x11,0x11,0x11,0x11,0x11,0x11,0x11,
    0x11,0x11,0x11,0x11,0x11,0x11,0x11,0x11,0x11,0x11,0x80,0x00,0x00,0x00,0x00,0x00,
    0x00,0x00,0x00,0x00,0x00,0x00,0x00,0x00,0x00,0x00,0xb1,0x11,0x11,0x40,0x00,0x00,
    0x00,0x00,0x00,0x00,0x00,0x00,0x00,0x00,0x00,0x00,0x00,0x00,0x00,0x00,0x00,0x00,
    0x07,0x88,0x84,0x66,0x66,0x6f,0x00,0x00,0x00,0x00,0x88,0x88,0x88,0x88,0x88,0x87,
    0x00,0x00,0x00,0x00,0x00,0x08,0x11,0x11,0x11,0x11,0x11,0x11,0x11,0x11,0x11,0x11,
    0x11,0x11,0x11,0x11,0x11,0x11,0x11,0x11,0x11,0x11,0x11,0x11,0x11,0x11,0x11,0x11,
    0x11,0x11,0x11,0x11,0x11,0x11,0x11,0x11,0x11,0x11,0x11,0x11,0x11,0x11,0x11,0x11,
    0x11,0x11,0x11,0x11,0x11,0x11,0x11,0x11,0x11,0x11,0x11,0x11,0x11,0x11,0x11,0x11,
    0x11,0x11,0x80,0x00,0x00,0x00,0x00,0x00,0x78,0x88,0x88,0x88,0x88,0x88,0x00,0x00,
    0x00,0x00,0xf6,0x66,0x66,0x48,0x88,0x70,0x00,0x00,0x00,0x00,0x00,0x00,0x00,0x00,
    0x00,0x00,0x00,0x00,0x00,0x00,0x00,0x00,0x04,0x11,0x1d,0x00,0x00,0x00,0x00,0x00,
    0x00,0x08,0x11,0x11,0x11,0x11,0x11,0x1d,0x00,0x00,0x00,0x00,0x00,0x08,0x11,0x11,
    0x11,0x11,0x11,0x11,0x11,0x11,0x11,0x11,0x11,0x11,0x11,0x11,0x11,0x11,0x11,0x11,
    0x11,0x11,0x11,0x11,0x11,0x11,0x11,0x11,0x11,0x11,0x11,0x11,0x11,0x11,0x11,0x11,
    0x11,0x11,0x11,0x11,0x11,0x11,0x11,0x11,0x11,0x11,0x11,0x11,0x11,0x11,0x11,0x11,
    0x11,0x11,0x11,0x11,0x11,0x11,0x11,0x11,0x11,0x11,0x80,0x00,0x00,0x00,0x00,0x00,
    0xd1,0x11,0x11,0x11,0x11,0x11,0x80,0x00,0x00,0x00,0x00,0x00,0x00,0xb1,0x11,0x40,
    0x00,0x00,0x00,0x00,0x00,0x00,0x00,0x00,0x00,0x00,0x00,0x00,0x00,0x00,0x00,0x88,
    0x84,0x66,0x6f,0x00,0x00,0x00,0x88,0x88,0x88,0x75,0x11,0x11,0x11,0x11,0x11,0x16,
    0x00,0x00,0x00,0x00,0x00,0x08,0x11,0x11,0x11,0x11,0x11,0x11,0x11,0x11,0x11,0x11,
    0x11,0x11,0x11,0x11,0x11,0x11,0x11,0x11,0x11,0x11,0x11,0x11,0x11,0x11,0x11,0x11,
    0x11,0x11,0x11,0x11,0x11,0x11,0x11,0x11,0x11,0x11,0x11,0x11,0x11,0x11,0x11,0x11,
    0x11,0x11,0x11,0x11,0x11,0x11,0x11,0x11,0x11,0x11,0x11,0x11,0x11,0x11,0x11,0x11,
    0x11,0x11,0x80,0x00,0x00,0x00,0x00,0x00,0x61,0x11,0x11,0x11,0x11,0x11,0x47,0x88,
    0x88,0x88,0x00,0x00,0x00,0xf6,0x66,0x48,0x88,0x00,0x00,0x00,0x00,0x00,0x00,0x00,
    0x00,0x00,0x00,0x00,0x00,0x00,0x04,0x11,0x13,0x00,0x00,0x00,0x00,0x08,0x11,0x11,
    0x11,0x11,0x11,0x11,0x11,0x11,0x11,0x16,0x00,0x00,0x00,0x00,0x00,0x08,0x11,0x11,
    0x11,0x11,0x11,0x11,0x11,0x11,0x11,0x11,0x11,0x11,0x11,0x11,0x11,0x11,0x11,0x11,
    0x11,0x11,0x11,0x11,0x11,0x11,0x11,0x11,0x11,0x11,0x11,0x11,0x11,0x11,0x11,0x11,
    0x11,0x11,0x11,0x11,0x11,0x11,0x11,0x11,0x11,0x11,0x11,0x11,0x11,0x11,0x11,0x11,
    0x11,0x11,0x11,0x11,0x11,0x11,0x11,0x11,0x11,0x11,0x80,0x00,0x00,0x00,0x00,0x00,
    0x61,0x11,0x11,0x11,0x11,0x11,0x11,0x11,0x11,0x11,0x80,0x00,0x00,0x00,0x00,0x31,
    0x11,0x40,0x00,0x00,0x00,0x00,0x00,0x00,0x00,0x00,0x00,0x00,0x00,0x00,0x75,0x11,
    0x6f,0x00,0x00,0x77,0x77,0x74,0x11,0x11,0x11,0x11,0x11,0x11,0x11,0x11,0x11,0x16,
    0x00,0x00,0x00,0x00,0x00,0x08,0x11,0x11,0x11,0x11,0x11,0x11,0x11,0x11,0x11,0x11,
    0x11,0x11,0x11,0x11,0x11,0x11,0x11,0x11,0x11,0x11,0x11,0x11,0x11,0x11,0x11,0x11,
    0x11,0x11,0x11,0x11,0x11,0x11,0x11,0x11,0x11,0x11,0x11,0x11,0x11,0x11,0x11,0x11,
    0x11,0x11,0x11,0x11,0x11,0x11,0x11,0x11,0x11,0x11,0x11,0x11,0x11,0x11,0x11,0x11,
    0x11,0x11,0x80,0x00,0x00,0x00,0x00,0x00,0x61,0x11,0x11,0x11,0x11,0x11,0x11,0x11,
    0x11,0x11,0x47,0x77,0x77,0x00,0x00,0xf6,0x11,0x57,0x00,0x00,0x00,0x00,0x00,0x00,
    0x00,0x00,0x00,0x00,0x00,0x04,0x11,0x13,0x00,0x00,0x08,0x11,0x11,0x11,0x11,0x11,
    0x11,0x11,0x11,0x11,0x11,0x11,0x11,0x16,0x00,0x00,0x00,0x00,0x00,0x08,0x11,0x11,
    0x11,0x11,0x11,0x11,0x11,0x11,0x11,0x11,0x11,0x11,0x11,0x11,0x11,0x11,0x11,0x11,
    0x11,0x11,0x11,0x11,0x11,0x11,0x11,0x11,0x11,0x11,0x11,0x11,0x11,0x11,0x11,0x11,
    0x11,0x11,0x11,0x11,0x11,0x11,0x11,0x11,0x11,0x11,0x11,0x11,0x11,0x11,0x11,0x11,
    0x11,0x11,0x11,0x11,0x11,0x11,0x11,0x11,0x11,0x11,0x80,0x00,0x00,0x00,0x00,0x00,
    0x61,0x11,0x11,0x11,0x11,0x11,0x11,0x11,0x11,0x11,0x11,0x11,0x11,0x40,0x00,0x00,
    0xb1,0x11,0x40,0x00,0x00,0x00,0x00,0x00,0x00,0x00,0x00,0x00,0x00,0x04,0x11,0x6f,
    0x00,0x88,0x75,0x11,0x11,0x11,0x11,0x11,0x11,0x11,0x11,0x11,0x11,0x11,0x11,0x16,
    0x00,0x00,0x00,0x00,0x00,0x08,0x11,0x11,0x11,0x11,0x11,0x11,0x11,0x11,0x11,0x11,
    0x11,0x11,0x11,0x11,0x11,0x11,0x11,0x11,0x11,0x11,0x11,0x11,0x11,0x11,0x11,0x11,
    0x11,0x11,0x11,0x11,0x11,0x11,0x11,0x11,0x11,0x11,0x11,0x11,0x11,0x11,0x11,0x11,
    0x11,0x11,0x11,0x11,0x11,0x11,0x11,0x11,0x11,0x11,0x11,0x11,0x11,0x11,0x11,0x11,
    0x11,0x11,0x80,0x00,0x00,0x00,0x00,0x00,0x61,0x11,0x11,0x11,0x11,0x11,0x11,0x11,
    0x11,0x11,0x11,0x11,0x11,0x58,0x88,0x00,0xf6,0x11,0x40,0x00,0x00,0x00,0x00,0x00,
    0x00,0x00,0x00,0x00,0x00,0x04,0x1b,0x00,0x08,0x11,0x11,0x11,0x11,0x11,0x11,0x11,
    0x11,0x11,0x11,0x11,0x11,0x11,0x11,0x16,0x00,0x00,0x00,0x00,0x00,0x08,0x11,0x11,
    0x11,0x11,0x11,0x11,0x11,0x11,0x11,0x11,0x11,0x11,0x11,0x11,0x11,0x11,0x11,0x11,
    0x11,0x11,0x11,0x11,0x11,0x11,0x11,0x11,0x11,0x11,0x11,0x11,0x11,0x11,0x11,0x11,
    0x11,0x11,0x11,0x11,0x11,0x11,0x11,0x11,0x11,0x11,0x11,0x11,0x11,0x11,0x11,0x11,
    0x11,0x11,0x11,0x11,0x11,0x11,0x11,0x11,0x11,0x11,0x80,0x00,0x00,0x00,0x00,0x00,
    0x61,0x11,0x11,0x11,0x11,0x11,0x11,0x11,0x11,0x11,0x11,0x11,0x11,0x11,0x11,0x40,
    0x00,0x31,0x40,0x00,0x00,0x00,0x00,0x00,0x00,0x00,0x00,0x00,0x07,0x84,0x6f,0x00,
    0x85,0x11,0x11,0x11,0x11,0x11,0x11,0x11,0x11,0x11,0x11,0x11,0x11,0x11,0x11,0x16,
    0x00,0x00,0x00,0x00,0x00,0x08,0x11,0x11,0x11,0x11,0x11,0x11,0x11,0x11,0x11,0x11,
    0x11,0x11,0x11,0x11,0x11,0x11,0x11,0x11,0x11,0x11,0x11,0x11,0x11,0x11,0x11,0x11,
    0x11,0x11,0x11,0x11,0x11,0x11,0x11,0x11,0x11,0x11,0x11,0x11,0x11,0x11,0x11,0x11,
    0x11,0x11,0x11,0x11,0x11,0x11,0x11,0x11,0x11,0x11,0x11,0x11,0x11,0x11,0x11,0x11,
    0x11,0x11,0x80,0x00,0x00,0x00,0x00,0x00,0x61,0x11,0x11,0x11,0x11,0x11,0x11,0x11,
    0x11,0x11,0x11,0x11,0x11,0x11,0x11,0x58,0x00,0x56,0x48,0x70,0x00,0x00,0x00,0x00,
    0x00,0x00,0x00,0x00,0x04,0x13,0x00,0x08,0x11,0x11,0x11,0x11,0x11,0x11,0x11,0x11,
    0x11,0x11,0x11,0x11,0x11,0x11,0x11,0x16,0x00,0x00,0x00,0x00,0x00,0x08,0x11,0x11,
    0x11,0x11,0x11,0x11,0x11,0x11,0x11,0x11,0x11,0x11,0x11,0x11,0x11,0x11,0x11,0x11,
    0x11,0x11,0x11,0x11,0x11,0x11,0x11,0x11,0x11,0x11,0x11,0x11,0x11,0x11,0x11,0x11,
    0x11,0x11,0x11,0x11,0x11,0x11,0x11,0x11,0x11,0x11,0x11,0x11,0x11,0x11,0x11,0x11,
    0x11,0x11,0x11,0x11,0x11,0x11,0x11,0x11,0x11,0x11,0x80,0x00,0x00,0x00,0x00,0x00,
    0x61,0x11,0x11,0x11,0x11,0x11,0x11,0x11,0x11,0x11,0x11,0x11,0x11,0x11,0x11,0x11,
    0x80,0x00,0x31,0x40,0x00,0x00,0x00,0x00,0x00,0x00,0x00,0x07,0x84,0x6f,0x00,0x85,
    0x11,0x11,0x11,0x11,0x11,0x11,0x11,0x11,0x11,0x11,0x11,0x11,0x11,0x11,0x11,0x16,
    0x00,0x00,0x00,0x00,0x00,0x08,0x11,0x11,0x11,0x11,0x11,0x11,0x11,0x11,0x11,0x11,
    0x11,0x11,0x11,0x11,0x11,0x11,0x11,0x11,0x11,0x11,0x11,0x11,0x11,0x11,0x11,0x11,
    0x11,0x11,0x11,0x11,0x11,0x11,0x11,0x11,0x11,0x11,0x11,0x11,0x11,0x11,0x11,0x11,
    0x11,0x11,0x11,0x11,0x11,0x11,0x11,0x11,0x11,0x11,0x11,0x11,0x11,0x11,0x11,0x11,
    0x11,0x11,0x80,0x00,0x00,0x00,0x00,0x00,0x61,0x11,0x11,0x11,0x11,0x11,0x11,0x11,
    0x11,0x11,0x11,0x11,0x11,0x11,0x11,0x11,0x58,0x00,0xf6,0x58,0x70,0x00,0x00,0x00,
    0x00,0x00,0x00,0x04,0x1d,0x00,0x08,0x11,0x11,0x11,0x11,0x11,0x11,0x11,0x11,0x11,
    0x11,0x11,0x11,0x11,0x11,0x11,0x11,0x16,0x00,0x00,0x00,0x00,0x00,0x08,0x11,0x11,
    0x11,0x11,0x11,0x11,0x11,0x11,0x11,0x11,0x11,0x11,0x11,0x11,0x11,0x11,0x11,0x11,
    0x11,0x11,0x11,0x11,0x11,0x11,0x11,0x11,0x11,0x11,0x11,0x11,0x11,0x11,0x11,0x11,
    0x11,0x11,0x11,0x11,0x11,0x11,0x11,0x11,0x11,0x11,0x11,0x11,0x11,0x11,0x11,0x11,
    0x11,0x11,0x11,0x11,0x11,0x11,0x11,0x11,0x11,0x11,0x80,0x00,0x00,0x00,0x00,0x00,
    0x61,0x11,0x11,0x11,0x11,0x11,0x11,0x11,0x11,0x11,0x11,0x11,0x11,0x11,0x11,0x11,
    0x11,0x40,0x00,0x31,0x40,0x00,0x00,0x00,0x00,0x00,0x00,0x84,0x63,0x00,0x75,0x11,
    0x11,0x11,0x11,0x11,0x11,0x11,0x11,0x11,0x11,0x11,0x11,0x11,0x11,0x11,0x11,0x16,
    0x00,0x00,0x00,0x00,0x00,0x08,0x11,0x11,0x11,0x11,0x11,0x11,0x11,0x11,0x11,0x11,
    0x11,0x11,0x11,0x11,0x11,0x11,0x11,0x11,0x11,0x11,0x11,0x11,0x11,0x11,0x11,0x11,
    0x11,0x11,0x11,0x11,0x11,0x11,0x11,0x11,0x11,0x11,0x11,0x11,0x11,0x11,0x11,0x11,
    0x11,0x11,0x11,0x11,0x11,0x11,0x11,0x11,0x11,0x11,0x11,0x11,0x11,0x11,0x11,0x11,
    0x11,0x11,0x80,0x00,0x00,0x00,0x00,0x00,0x61,0x11,0x11,0x11,0x11,0x11,0x11,0x11,
    0x11,0x11,0x11,0x11,0x11,0x11,0x11,0x11,0x11,0x57,0x00,0xf6,0x47,0x00,0x00,0x00,
    0x00,0x00,0x04,0x1b,0x00,0x04,0x11,0x11,0x11,0x11,0x11,0x11,0x11,0x11,0x11,0x11,
    0x11,0x11,0x11,0x11,0x11,0x11,0x11,0x16,0x00,0x00,0x00,0x00,0x00,0x08,0x11,0x11,
    0x11,0x11,0x11,0x11,0x11,0x11,0x11,0x11,0x11,0x11,0x11,0x11,0x11,0x11,0x11,0x11,
    0x11,0x11,0x11,0x11,0x11,0x11,0x11,0x11,0x11,0x11,0x11,0x11,0x11,0x11,0x11,0x11,
    0x11,0x11,0x11,0x11,0x11,0x11,0x11,0x11,0x11,0x11,0x11,0x11,0x11,0x11,0x11,0x11,
    0x11,0x11,0x11,0x11,0x11,0x11,0x11,0x11,0x11,0x11,0x80,0x00,0x00,0x00,0x00,0x00,
    0x61,0x11,0x11,0x11,0x11,0x11,0x11,0x11,0x11,0x11,0x11,0x11,0x11,0x11,0x11,0x11,
    0x11,0x11,0x40,0x00,0x31,0x40,0x00,0x00,0x00,0x00,0x04,0x1d,0x00,0x04,0x11,0x11,
    0x11,0x11,0x11,0x11,0x11,0x11,0x11,0x11,0x11,0x11,0x11,0x11,0x11,0x11,0x11,0x16,
    0x00,0x00,0x00,0x00,0x00,0x08,0x11,0x11,0x11,0x11,0x11,0x11,0x11,0x11,0x11,0x11,
    0x11,0x11,0x11,0x11,0x11,0x11,0x11,0x11,0x11,0x11,0x11,0x11,0x11,0x11,0x11,0x11,
    0x11,0x11,0x11,0x11,0x11,0x11,0x11,0x11,0x11,0x11,0x11,0x11,0x11,0x11,0x11,0x11,
    0x11,0x11,0x11,0x11,0x11,0x11,0x11,0x11,0x11,0x11,0x11,0x11,0x11,0x11,0x11,0x11,
    0x11,0x11,0x80,0x00,0x00,0x00,0x00,0x00,0x61,0x11,0x11,0x11,0x11,0x11,0x11,0x11,
    0x11,0x11,0x11,0x11,0x11,0x11,0x11,0x11,0x11,0x11,0x40,0x00,0x31,0x40,0x00,0x00,
    0x00,0x00,0x04,0x1d,0x00,0x04,0x11,0x11,0x11,0x11,0x11,0x11,0x11,0x11,0x11,0x11,
    0x11,0x11,0x11,0x11,0x11,0x11,0x11,0x16,0x00,0x00,0x00,0x00,0x00,0x08,0x11,0x11,
    0x11,0x11,0x11,0x11,0x11,0x11,0x11,0x11,0x11,0x11,0x11,0x11,0x11,0x11,0x11,0x11,
    0x11,0x11,0x11,0x11,0x11,0x11,0x11,0x11,0x11,0x11,0x11,0x11,0x11,0x11,0x11,0x11,
    0x11,0x11,0x11,0x11,0x11,0x11,0x11,0x11,0x11,0x11,0x11,0x11,0x11,0x11,0x11,0x11,
    0x11,0x11,0x11,0x11,0x11,0x11,0x11,0x11,0x11,0x11,0x80,0x00,0x00,0x00,0x00,0x00,
    0x61,0x11,0x11,0x11,0x11,0x11,0x11,0x11,0x11,0x11,0x11,0x11,0x11,0x11,0x11,0x11,
    0x11,0x11,0x40,0x00,0xb1,0x40,0x00,0x00,0x00,0x00,0x84,0x6f,0x00,0x85,0x11,0x11,
    0x11,0x11,0x11,0x11,0x11,0x11,0x11,0x11,0x11,0x11,0x11,0x11,0x11,0x11,0x11,0x16,
    0x00,0x00,0x00,0x00,0x00,0x08,0x11,0x11,0x11,0x11,0x11,0x11,0x11,0x11,0x11,0x11,
    0x11,0x11,0x11,0x11,0x11,0x11,0x11,0x11,0x11,0x11,0x11,0x11,0x11,0x11,0x11,0x11,
    0x11,0x11,0x11,0x11,0x11,0x11,0x11,0x11,0x11,0x11,0x11,0x11,0x11,0x11,0x11,0x11,
    0x11,0x11,0x11,0x11,0x11,0x11,0x11,0x11,0x11,0x11,0x11,0x11,0x11,0x11,0x11,0x11,
    0x11,0x11,0x80,0x00,0x00,0x00,0x00,0x00,0x61,0x11,0x11,0x11,0x11,0x11,0x11,0x11,
    0x11,0x11,0x11,0x11,0x11,0x11,0x11,0x11,0x11,0x11,0x58,0x00,0xf6,0x48,0x70,0x00,
    0x00,0x04,0x13,0x00,0x04,0x11,0x11,0x11,0x11,0x11,0x11,0x11,0x11,0x11,0x11,0x11,
    0x11,0x11,0x11,0x11,0x11,0x11,0x11,0x16,0x00,0x00,0x00,0x00,0x00,0x08,0x11,0x11,
    0x11,0x11,0x11,0x11,0x11,0x11,0x11,0x11,0x11,0x11,0x11,0x11,0x11,0x11,0x11,0x11,
    0x11,0x11,0x11,0x11,0x11,0x11,0x11,0x11,0x11,0x11,0x11,0x11,0x11,0x11,0x11,0x11,
    0x11,0x11,0x11,0x11,0x11,0x11,0x11,0x11,0x11,0x11,0x11,0x11,0x11,0x11,0x11,0x11,
    0x11,0x11,0x11,0x11,0x11,0x11,0x11,0x11,0x11,0x11,0x80,0x00,0x00,0x00,0x00,0x00,
    0x61,0x11,0x11,0x11,0x11,0x11,0x11,0x11,0x11,0x11,0x11,0x11,0x11,0x11,0x11,0x11,
    0x11,0x11,0x11,0x40,0x00,0x31,0x40,0x00,0x00,0x04,0x13,0x00,0x04,0x11,0x11,0x11,
    0x11,0x11,0x11,0x11,0x11,0x11,0x11,0x11,0x11,0x11,0x11,0x11,0x11,0x11,0x11,0x16,
    0x00,0x00,0x00,0x00,0x00,0x08,0x11,0x11,0x11,0x11,0x11,0x11,0x11,0x11,0x11,0x11,
    0x11,0x11,0x11,0x11,0x11,0x11,0x11,0x11,0x11,0x11,0x11,0x11,0x11,0x11,0x11,0x11,
    0x11,0x11,0x11,0x11,0x11,0x11,0x11,0x11,0x11,0x11,0x11,0x11,0x11,0x11,0x11,0x11,
    0x11,0x11,0x11,0x11,0x11,0x11,0x11,0x11,0x11,0x11,0x11,0x11,0x11,0x11,0x11,0x11,
    0x11,0x11,0x80,0x00,0x00,0x00,0x00,0x00,0x61,0x11,0x11,0x11,0x11,0x11,0x11,0x11,
    0x11,0x11,0x11,0x11,0x11,0x11,0x11,0x11,0x11,0x11,0x11,0x40,0x00,0x31,0x50,0x00,
    0x00,0x04,0x13,0x00,0x08,0x11,0x11,0x11,0x11,0x11,0x11,0x11,0x11,0x11,0x11,0x11,
    0x11,0x11,0x11,0x11,0x11,0x11,0x11,0x16,0x00,0x00,0x00,0x00,0x00,0x08,0x11,0x11,
    0x11,0x11,0x11,0x11,0x11,0x11,0x11,0x11,0x11,0x11,0x11,0x11,0x11,0x11,0x11,0x11,
    0x11,0x11,0x11,0x11,0x11,0x11,0x11,0x11,0x11,0x11,0x11,0x11,0x11,0x11,0x11,0x11,
    0x11,0x11,0x11,0x11,0x11,0x11,0x11,0x11,0x11,0x11,0x11,0x11,0x11,0x11,0x11,0x11,
    0x11,0x11,0x11,0x11,0x11,0x11,0x11,0x11,0x11,0x11,0x80,0x00,0x00,0x00,0x00,0x00,
    0x61,0x11,0x11,0x11,0x11,0x11,0x11,0x11,0x11,0x11,0x11,0x11,0x11,0x11,0x11,0x11,
    0x11,0x11,0x11,0x80,0x00,0x31,0x50,0x00,0x07,0x85,0x6f,0x00,0x75,0x11,0x11,0x11,
    0x11,0x11,0x11,0x11,0x11,0x11,0x11,0x11,0x11,0x11,0x11,0x11,0x11,0x11,0x11,0x63,
    0x00,0x00,0x00,0x00,0x00,0x08,0x11,0x11,0x11,0x11,0x11,0x11,0x11,0x11,0x11,0x11,
    0x11,0x11,0x11,0x11,0x11,0x11,0x11,0x11,0x11,0x11,0x11,0x11,0x11,0x11,0x11,0x11,
    0x11,0x11,0x11,0x11,0x11,0x11,0x11,0x11,0x11,0x11,0x11,0x11,0x11,0x11,0x11,0x11,
    0x11,0x11,0x11,0x11,0x11,0x11,0x11,0x11,0x11,0x11,0x11,0x11,0x11,0x11,0x11,0x11,
    0x11,0x11,0x80,0x00,0x00,0x00,0x00,0x00,0x36,0x11,0x11,0x11,0x11,0x11,0x11,0x11,
    0x11,0x11,0x11,0x11,0x11,0x11,0x11,0x11,0x11,0x11,0x11,0x57,0x00,0xf6,0x58,0x70,
    0x04,0x13,0x00,0x08,0x11,0x11,0x11,0x11,0x11,0x11,0x11,0x11,0x11,0x11,0x11,0x11,
    0x11,0x11,0x11,0x11,0x11,0x11,0x13,0x00,0x00,0x00,0x00,0x00,0x00,0x08,0x11,0x11,
    0x11,0x11,0x11,0x11,0x11,0x11,0x11,0x11,0x11,0x11,0x11,0x11,0x11,0x11,0x11,0x11,
    0x11,0x11,0x11,0x11,0x11,0x11,0x11,0x11,0x11,0x11,0x11,0x11,0x11,0x11,0x11,0x11,
    0x11,0x11,0x11,0x11,0x11,0x11,0x11,0x11,0x11,0x11,0x11,0x11,0x11,0x11,0x11,0x11,
    0x11,0x11,0x11,0x11,0x11,0x11,0x11,0x11,0x11,0x11,0x80,0x00,0x00,0x00,0x00,0x00,
    0x00,0x31,0x11,0x11,0x11,0x11,0x11,0x11,0x11,0x11,0x11,0x11,0x11,0x11,0x11,0x11,
    0x11,0x11,0x11,0x11,0x40,0x00,0x31,0x40,0x04,0x13,0x00,0x08,0x11,0x11,0x11,0x11,
    0x11,0x11,0x11,0x11,0x11,0x11,0x11,0x11,0x11,0x11,0x11,0x11,0x11,0x11,0xdf,0x00,
    0x00,0x00,0x00,0x00,0x00,0x08,0x11,0x11,0x11,0x11,0x11,0x11,0x11,0x11,0x11,0x11,
    0x11,0x11,0x11,0x11,0x11,0x11,0x11,0x11,0x11,0x11,0x11,0x11,0x11,0x11,0x11,0x11,
    0x11,0x11,0x11,0x11,0x11,0x11,0x11,0x11,0x11,0x11,0x11,0x11,0x11,0x11,0x11,0x11,
    0x11,0x11,0x11,0x11,0x11,0x11,0x11,0x11,0x11,0x11,0x11,0x11,0x11,0x11,0x11,0x11,
    0x11,0x11,0x80,0x00,0x00,0x00,0x00,0x00,0x00,0xfd,0x11,0x11,0x11,0x11,0x11,0x11,
    0x11,0x11,0x11,0x11,0x11,0x11,0x11,0x11,0x11,0x11,0x11,0x11,0x40,0x00,0x31,0x40,
    0x04,0x13,0x00,0x08,0x11,0x11,0x11,0x11,0x11,0x11,0x11,0x11,0x11,0x11,0x11,0x11,
    0x11,0x11,0x11,0x11,0x11,0x1d,0x00,0x00,0x00,0x00,0x00,0x00,0x00,0x08,0x11,0x11,
    0x11,0x11,0x11,0x11,0x11,0x11,0x11,0x11,0x11,0x11,0x11,0x11,0x11,0x11,0x11,0x11,
    0x11,0x11,0x11,0x11,0x11,0x11,0x11,0x11,0x11,0x11,0x11,0x11,0x11,0x11,0x11,0x11,
    0x11,0x11,0x11,0x11,0x11,0x11,0x11,0x11,0x11,0x11,0x11,0x11,0x11,0x11,0x11,0x11,
    0x11,0x11,0x11,0x11,0x11,0x11,0x11,0x11,0x11,0x11,0x80,0x00,0x00,0x00,0x00,0x00,
    0x00,0x00,0xb1,0x11,0x11,0x11,0x11,0x11,0x11,0x11,0x11,0x11,0x11,0x11,0x11,0x11,
    0x11,0x11,0x11,0x11,0x40,0x00,0x31,0x40,0x84,0xd5,0x00,0x85,0x11,0x11,0x11,0x11,
    0x11,0x11,0x11,0x11,0x11,0x11,0x11,0x11,0x11,0x11,0x11,0x11,0x11,0xdf,0x00,0x00,
    0x00,0x00,0x00,0x00,0x00,0x08,0x11,0x11,0x11,0x11,0x11,0x11,0x11,0x11,0x11,0x11,
    0x11,0x11,0x11,0x11,0x11,0x11,0x11,0x11,0x11,0x11,0x11,0x11,0x11,0x11,0x11,0x11,
    0x11,0x11,0x11,0x11,0x11,0x11,0x11,0x11,0x11,0x11,0x11,0x11,0x11,0x11,0x11,0x11,
    0x11,0x11,0x11,0x11,0x11,0x11,0x11,0x11,0x11,0x11,0x11,0x11,0x11,0x11,0x11,0x11,
    0x11,0x11,0x80,0x00,0x00,0x00,0x00,0x00,0x00,0x00,0xfd,0x11,0x11,0x11,0x11,0x11,
    0x11,0x11,0x11,0x11,0x11,0x11,0x11,0x11,0x11,0x11,0x11,0x11,0x58,0x00,0x5d,0x48,
    0x13,0x00,0x04,0x11,0x11,0x11,0x11,0x11,0x11,0x11,0x11,0x11,0x11,0x11,0x11,0x11,
    0x11,0x11,0x11,0x11,0x1d,0x00,0x00,0x00,0x00,0x00,0x00,0x00,0x00,0x08,0x11,0x11,
    0x11,0x11,0x11,0x11,0x11,0x11,0x11,0x11,0x11,0x11,0x11,0x11,0x11,0x11,0x11,0x11,
    0x11,0x11,0x11,0x11,0x11,0x11,0x11,0x11,0x11,0x11,0x11,0x11,0x11,0x11,0x11,0x11,
    0x11,0x11,0x11,0x11,0x11,0x11,0x11,0x11,0x11,0x11,0x11,0x11,0x11,0x11,0x11,0x11,
    0x11,0x11,0x11,0x11,0x11,0x11,0x11,0x11,0x11,0x11,0x80,0x00,0x00,0x00,0x00,0x00,
    0x00,0x00,0x00,0xb1,0x11,0x11,0x11,0x11,0x11,0x11,0x11,0x11,0x11,0x11,0x11,0x11,
    0x11,0x11,0x11,0x11,0x11,0x40,0x00,0xf1,0x13,0x00,0x04,0x11,0x11,0x11,0x11,0x11,
    0x11,0x11,0x11,0x11,0x11,0x11,0x11,0x11,0x11,0x11,0x11,0x11,0x3f,0x00,0x00,0x00,
    0x00,0x00,0x00,0x00,0x00,0x08,0x11,0x11,0x11,0x11,0x11,0x11,0x11,0x11,0x11,0x11,
    0x11,0x11,0x11,0x11,0x11,0x11,0x11,0x11,0x11,0x11,0x11,0x11,0x11,0x11,0x11,0x11,
    0x11,0x11,0x11,0x11,0x11,0x11,0x11,0x11,0x11,0x11,0x11,0x11,0x11,0x11,0x11,0x11,
    0x11,0x11,0x11,0x11,0x11,0x11,0x11,0x11,0x11,0x11,0x11,0x11,0x11,0x11,0x11,0x11,
    0x11,0x11,0x80,0x00,0x00,0x00,0x00,0x00,0x00,0x00,0x00,0xf3,0x11,0x11,0x11,0x11,
    0x11,0x11,0x11,0x11,0x11,0x11,0x11,0x11,0x11,0x11,0x11,0x11,0x11,0x40,0x00,0x31,
    0x13,0x00,0x04,0x11,0x11,0x11,0x11,0x11,0x11,0x11,0x11,0x11,0x11,0x11,0x11,0x11,
    0x11,0x11,0x11,0x13,0x00,0x00,0x00,0x00,0x00,0x00,0x00,0x00,0x00,0x08,0x11,0x11,
    0x11,0x11,0x11,0x11,0x11,0x11,0x11,0x11,0x11,0x11,0x11,0x11,0x11,0x11,0x11,0x11,
    0x11,0x11,0x11,0x11,0x11,0x11,0x11,0x11,0x11,0x11,0x11,0x11,0x11,0x11,0x11,0x11,
    0x11,0x11,0x11,0x11,0x11,0x11,0x11,0x11,0x11,0x11,0x11,0x11,0x11,0x11,0x11,0x11,
    0x11,0x11,0x11,0x11,0x11,0x11,0x11,0x11,0x11,0x11,0x80,0x00,0x00,0x00,0x00,0x00,
    0x00,0x00,0x00,0x00,0x31,0x11,0x11,0x11,0x11,0x11,0x11,0x11,0x11,0x11,0x11,0x11,
    0x11,0x11,0x11,0x11,0x11,0x40,0x00,0x31,0x13,0x00,0x04,0x11,0x11,0x11,0x11,0x11,
    0x11,0x11,0x11,0x11,0x11,0x11,0x11,0x11,0x11,0x11,0x11,0xbf,0x00,0x00,0x00,0x00,
    0x00,0x00,0x00,0x00,0x00,0x08,0x11,0x11,0x11,0x11,0x11,0x11,0x11,0x11,0x11,0x11,
    0x11,0x11,0x11,0x11,0x11,0x11,0x11,0x11,0x11,0x11,0x11,0x11,0x11,0x11,0x11,0x11,
    0x11,0x11,0x11,0x11,0x11,0x11,0x11,0x11,0x11,0x11,0x11,0x11,0x11,0x11,0x11,0x11,
    0x11,0x11,0x11,0x11,0x11,0x11,0x11,0x11,0x11,0x11,0x11,0x11,0x11,0x11,0x11,0x11,
    0x11,0x11,0x80,0x00,0x00,0x00,0x00,0x00,0x00,0x00,0x00,0x00,0xfd,0x11,0x11,0x11,
    0x11,0x11,0x11,0x11,0x11,0x11,0x11,0x11,0x11,0x11,0x11,0x11,0x11,0x40,0x00,0x31,
    0x13,0x00,0x04,0x11,0x11,0x11,0x11,0x11,0x11,0x11,0x11,0x11,0x11,0x11,0x11,0x11,
    0x11,0x11,0x13,0x00,0x00,0x00,0x00,0x00,0x00,0x00,0x00,0x00,0x00,0x08,0x11,0x11,
    0x11,0x11,0x11,0x11,0x11,0x11,0x11,0x11,0x11,0x11,0x11,0x11,0x11,0x11,0x11,0x11,
    0x11,0x11,0x11,0x11,0x11,0x11,0x11,0x11,0x11,0x11,0x11,0x11,0x11,0x11,0x11,0x11,
    0x11,0x11,0x11,0x11,0x11,0x11,0x11,0x11,0x11,0x11,0x11,0x11,0x11,0x11,0x11,0x11,
    0x11,0x11,0x11,0x11,0x11,0x11,0x11,0x11,0x11,0x11,0x80,0x00,0x00,0x00,0x00,0x00,
    0x00,0x00,0x00,0x00,0x00,0x31,0x11,0x11,0x11,0x11,0x11,0x11,0x11,0x11,0x11,0x11,
    0x11,0x11,0x11,0x11,0x11,0x40,0x00,0x31,0x13,0x00,0x04,0x11,0x11,0x11,0x11,0x11,
    0x11,0x11,0x11,0x11,0x11,0x11,0x11,0x11,0x11,0x11,0xdf,0x00,0x00,0x00,0x00,0x00,
    0x00,0x00,0x00,0x00,0x00,0x08,0x11,0x11,0x11,0x11,0x11,0x11,0x11,0x11,0x11,0x11,
    0x11,0x11,0x11,0x11,0x11,0x11,0x11,0x11,0x11,0x11,0x11,0x11,0x11,0x11,0x11,0x11,
    0x11,0x11,0x11,0x11,0x11,0x11,0x11,0x11,0x11,0x11,0x11,0x11,0x11,0x11,0x11,0x11,
    0x11,0x11,0x11,0x11,0x11,0x11,0x11,0x11,0x11,0x11,0x11,0x11,0x11,0x11,0x11,0x11,
    0x11,0x11,0x80,0x00,0x00,0x00,0x00,0x00,0x00,0x00,0x00,0x00,0x00,0xfd,0x11,0x11,
    0x11,0x11,0x11,0x11,0x11,0x11,0x11,0x11,0x11,0x11,0x11,0x11,0x11,0x40,0x00,0x31,
    0x13,0x00,0x04,0x11,0x11,0x11,0x11,0x11,0x11,0x11,0x11,0x11,0x11,0x11,0x11,0x11,
    0x11,0x13,0x00,0x00,0x00,0x00,0x00,0x00,0x00,0x00,0x00,0x00,0x00,0x08,0x11,0x11,
    0x11,0x11,0x11,0x11,0x11,0x11,0x11,0x11,0x11,0x11,0x11,0x11,0x11,0x11,0x11,0x11,
    0x11,0x11,0x11,0x11,0x11,0x11,0x11,0x11,0x11,0x11,0x11,0x11,0x11,0x11,0x11,0x11,
    0x11,0x11,0x11,0x11,0x11,0x11,0x11,0x11,0x11,0x11,0x11,0x11,0x11,0x11,0x11,0x11,
    0x11,0x11,0x11,0x11,0x11,0x11,0x11,0x11,0x11,0x11,0x80,0x00,0x00,0x00,0x00,0x00,
    0x00,0x00,0x00,0x00,0x00,0x00,0x31,0x11,0x11,0x11,0x11,0x11,0x11,0x11,0x11,0x11,
    0x11,0x11,0x11,0x11,0x11,0x40,0x00,0x31,0x13,0x00,0x04,0x11,0x11,0x11,0x11,0x11,
    0x11,0x11,0x11,0x11,0x11,0x11,0x11,0x11,0x11,0x35,0x00,0x00,0x00,0x00,0x00,0x00,
    0x00,0x00,0x00,0x00,0x00,0x08,0x11,0x11,0x11,0x11,0x11,0x11,0x11,0x11,0x11,0x11,
    0x11,0x11,0x11,0x11,0x11,0x11,0x11,0x11,0x11,0x11,0x11,0x11,0x11,0x11,0x11,0x11,
    0x11,0x11,0x11,0x11,0x11,0x11,0x11,0x11,0x11,0x11,0x11,0x11,0x11,0x11,0x11,0x11,
    0x11,0x11,0x11,0x11,0x11,0x11,0x11,0x11,0x11,0x11,0x11,0x11,0x11,0x11,0x11,0x11,
    0x11,0x11,0x80,0x00,0x00,0x00,0x00,0x00,0x00,0x00,0x00,0x00,0x00,0x00,0x53,0x11,
    0x11,0x11,0x11,0x11,0x11,0x11,0x11,0x11,0x11,0x11,0x11,0x11,0x11,0x40,0x00,0x31,
    0x13,0x00,0x04,0x11,0x11,0x11,0x11,0x11,0x11,0x11,0x11,0x11,0x11,0x11,0x11,0x11,
    0x13,0x00,0x00,0x00,0x00,0x00,0x00,0x00,0x00,0x00,0x00,0x00,0x00,0x07,0x11,0x11,
    0x11,0x11,0x11,0x11,0x11,0x11,0x11,0x11,0x11,0x11,0x11,0x11,0x11,0x11,0x11,0x11,
    0x11,0x11,0x11,0x11,0x11,0x11,0x11,0x11,0x11,0x11,0x11,0x11,0x11,0x11,0x11,0x11,
    0x11,0x11,0x11,0x11,0x11,0x11,0x11,0x11,0x11,0x11,0x11,0x11,0x11,0x11,0x11,0x11,
    0x11,0x11,0x11,0x11,0x11,0x11,0x11,0x11,0x11,0x11,0x70,0x00,0x00,0x00,0x00,0x00,
    0x00,0x00,0x00,0x00,0x00,0x00,0x00,0x31,0x11,0x11,0x11,0x11,0x11,0x11,0x11,0x11,
    0x11,0x11,0x11,0x11,0x11,0x40,0x00,0x31,0x6f,0x00,0x85,0x11,0x11,0x11,0x11,0x11,
    0x11,0x11,0x11,0x11,0x11,0x11,0x11,0x11,0x3f,0x00,0x00,0x00,0x00,0x00,0x00,0x00,
    0x00,0x00,0x00,0x00,0x00,0x84,0x11,0x11,0x11,0x11,0x11,0x11,0x11,0x11,0x11,0x11,
    0x11,0x11,0x11,0x11,0x11,0x11,0x11,0x11,0x11,0x11,0x11,0x11,0x11,0x11,0x11,0x11,
    0x11,0x11,0x11,0x11,0x11,0x11,0x11,0x11,0x11,0x11,0x11,0x11,0x11,0x11,0x11,0x11,
    0x11,0x11,0x11,0x11,0x11,0x11,0x11,0x11,0x11,0x11,0x11,0x11,0x11,0x11,0x11,0x11,
    0x11,0x11,0x48,0x00,0x00,0x00,0x00,0x00,0x00,0x00,0x00,0x00,0x00,0x00,0x00,0xf3,
    0x11,0x11,0x11,0x11,0x11,0x11,0x11,0x11,0x11,0x11,0x11,0x11,0x11,0x58,0x00,0x56,
    0x00,0x04,0x11,0x11,0x11,0x11,0x11,0x11,0x11,0x11,0x11,0x11,0x11,0x11,0x11,0x13,
    0x00,0x00,0x00,0x00,0x00,0x00,0x00,0x00,0x00,0x00,0x00,0x00,0x08,0x11,0x11,0x11,
    0x11,0x11,0x11,0x11,0x11,0x11,0x11,0x11,0x11,0x11,0x11,0x11,0x11,0x11,0x11,0x11,
    0x11,0x11,0x11,0x11,0x11,0x11,0x11,0x11,0x11,0x11,0x11,0x11,0x11,0x11,0x11,0x11,
    0x11,0x11,0x11,0x11,0x11,0x11,0x11,0x11,0x11,0x11,0x11,0x11,0x11,0x11,0x11,0x11,
    0x11,0x11,0x11,0x11,0x11,0x11,0x11,0x11,0x11,0x11,0x11,0x80,0x00,0x00,0x00,0x00,
    0x00,0x00,0x00,0x00,0x00,0x00,0x00,0x00,0xb1,0x11,0x11,0x11,0x11,0x11,0x11,0x11,
    0x11,0x11,0x11,0x11,0x11,0x11,0x40,0x00,0x00,0x04,0x11,0x11,0x11,0x11,0x11,0x11,
    0x11,0x11,0x11,0x11,0x11,0x11,0x11,0x13,0x00,0x00,0x00,0x00,0x00,0x00,0x00,0x00,
    0x00,0x00,0x00,0x00,0x08,0x11,0x11,0x11,0x11,0x11,0x11,0x11,0x11,0x11,0x11,0x11,
    0x11,0x11,0x11,0x11,0x11,0x11,0x11,0x11,0x11,0x11,0x11,0x11,0x11,0x11,0x11,0x11,
    0x11,0x11,0x11,0x11,0x11,0x11,0x11,0x11,0x11,0x11,0x11,0x11,0x11,0x11,0x11,0x11,
    0x11,0x11,0x11,0x11,0x11,0x11,0x11,0x11,0x11,0x11,0x11,0x11,0x11,0x11,0x11,0x11,
    0x11,0x11,0x11,0x80,0x00,0x00,0x00,0x00,0x00,0x00,0x00,0x00,0x00,0x00,0x00,0x00,
    0x31,0x11,0x11,0x11,0x11,0x11,0x11,0x11,0x11,0x11,0x11,0x11,0x11,0x11,0x40,0x00,
    0x00,0x04,0x11,0x11,0x11,0x11,0x11,0x11,0x11,0x11,0x11,0x11,0x11,0x11,0x11,0x13,
    0x00,0x00,0x00,0x00,0x00,0x00,0x00,0x00,0x00,0x00,0x00,0x00,0x07,0x11,0x11,0x11,
    0x11,0x11,0x11,0x11,0x11,0x11,0x11,0x11,0x11,0x11,0x11,0x11,0x11,0x11,0x11,0x11,
    0x11,0x11,0x11,0x11,0x11,0x11,0x11,0x11,0x11,0x11,0x11,0x11,0x11,0x11,0x11,0x11,
    0x11,0x11,0x11,0x11,0x11,0x11,0x11,0x11,0x11,0x11,0x11,0x11,0x11,0x11,0x11,0x11,
    0x11,0x11,0x11,0x11,0x11,0x11,0x11,0x11,0x11,0x11,0x11,0x80,0x00,0x00,0x00,0x00,
    0x00,0x00,0x00,0x00,0x00,0x00,0x00,0x00,0x31,0x11,0x11,0x11,0x11,0x11,0x11,0x11,
    0x11,0x11,0x11,0x11,0x11,0x11,0x40,0x00,0x00,0x04,0x11,0x11,0x11,0x11,0x11,0x11,
    0x11,0x11,0x11,0x11,0x11,0x11,0x11,0xdf,0x00,0x00,0x00,0x00,0x00,0x00,0x00,0x00,
    0x00,0x00,0x00,0x00,0x74,0x11,0x11,0x11,0x11,0x11,0x11,0x11,0x11,0x11,0x11,0x11,
    0x11,0x11,0x11,0x11,0x11,0x11,0x11,0x11,0x11,0x11,0x11,0x11,0x11,0x11,0x11,0x11,
    0x11,0x11,0x11,0x11,0x11,0x11,0x11,0x11,0x11,0x11,0x11,0x11,0x11,0x11,0x11,0x11,
    0x11,0x11,0x11,0x11,0x11,0x11,0x11,0x11,0x11,0x11,0x11,0x11,0x11,0x11,0x11,0x11,
    0x11,0x11,0x11,0x48,0x00,0x00,0x00,0x00,0x00,0x00,0x00,0x00,0x00,0x00,0x00,0x00,
    0xfd,0x11,0x11,0x11,0x11,0x11,0x11,0x11,0x11,0x11,0x11,0x11,0x11,0x11,0x40,0x00,
    0x00,0x04,0x11,0x11,0x11,0x11,0x11,0x11,0x11,0x11,0x11,0x11,0x11,0x11,0x1d,0x00,
    0x00,0x00,0x00,0x00,0x00,0x00,0x00,0x00,0x00,0x00,0x00,0x08,0x11,0x11,0x11,0x11,
    0x11,0x11,0x11,0x11,0x11,0x11,0x11,0x11,0x11,0x11,0x11,0x11,0x11,0x11,0x11,0x11,
    0x11,0x11,0x11,0x11,0x11,0x11,0x11,0x11,0x11,0x11,0x11,0x11,0x11,0x11,0x11,0x11,
    0x11,0x11,0x11,0x11,0x11,0x11,0x11,0x11,0x11,0x11,0x11,0x11,0x11,0x11,0x11,0x11,
    0x11,0x11,0x11,0x11,0x11,0x11,0x11,0x11,0x11,0x11,0x11,0x11,0x80,0x00,0x00,0x00,
    0x00,0x00,0x00,0x00,0x00,0x00,0x00,0x00,0x00,0xd1,0x11,0x11,0x11,0x11,0x11,0x11,
    0x11,0x11,0x11,0x11,0x11,0x11,0x40,0x00,0x00,0x04,0x11,0x11,0x11,0x11,0x11,0x11,
    0x11,0x11,0x11,0x11,0x11,0x11,0x1d,0x00,0x00,0x00,0x00,0x00,0x00,0x00,0x00,0x00,
    0x00,0x00,0x00,0x08,0x11,0x11,0x11,0x11,0x11,0x11,0x11,0x11,0x11,0x11,0x11,0x11,
    0x11,0x11,0x11,0x11,0x11,0x11,0x11,0x11,0x11,0x11,0x11,0x11,0x11,0x11,0x11,0x11,
    0x11,0x11,0x11,0x11,0x11,0x11,0x11,0x11,0x11,0x11,0x11,0x11,0x11,0x11,0x11,0x11,
    0x11,0x11,0x11,0x11,0x11,0x11,0x11,0x11,0x11,0x11,0x11,0x11,0x11,0x11,0x11,0x11,
    0x11,0x11,0x11,0x11,0x80,0x00,0x00,0x00,0x00,0x00,0x00,0x00,0x00,0x00,0x00,0x00,
    0x00,0xb1,0x11,0x11,0x11,0x11,0x11,0x11,0x11,0x11,0x11,0x11,0x11,0x11,0x40,0x00,
    0x00,0x04,0x11,0x11,0x11,0x11,0x11,0x11,0x11,0x11,0x11,0x11,0x11,0x11,0x1d,0x00,
    0x00,0x00,0x00,0x00,0x00,0x00,0x00,0x00,0x00,0x00,0x00,0x07,0x11,0x11,0x11,0x11,
    0x11,0x11,0x11,0x11,0x11,0x11,0x11,0x11,0x11,0x11,0x11,0x11,0x11,0x11,0x11,0x11,
    0x11,0x11,0x11,0x11,0x11,0x11,0x11,0x11,0x11,0x11,0x11,0x11,0x11,0x11,0x11,0x11,
    0x11,0x11,0x11,0x11,0x11,0x11,0x11,0x11,0x11,0x11,0x11,0x11,0x11,0x11,0x11,0x11,
    0x11,0x11,0x11,0x11,0x11,0x11,0x11,0x11,0x11,0x11,0x11,0x11,0x70,0x00,0x00,0x00,
    0x00,0x00,0x00,0x00,0x00,0x00,0x00,0x00,0x00,0xd1,0x11,0x11,0x11,0x11,0x11,0x11,
    0x11,0x11,0x11,0x11,0x11,0x11,0x40,0x00,0x00,0x04,0x11,0x11,0x11,0x11,0x11,0x11,
    0x11,0x11,0x11,0x11,0x11,0x11,0x1b,0x00,0x00,0x00,0x00,0x00,0x00,0x00,0x00,0x00,
    0x00,0x00,0x00,0x84,0x11,0x11,0x11,0x11,0x11,0x11,0x11,0x11,0x11,0x11,0x11,0x11,
    0x11,0x11,0x11,0x11,0x11,0x11,0x11,0x11,0x11,0x11,0x11,0x11,0x11,0x11,0x11,0x11,
    0x11,0x11,0x11,0x11,0x11,0x11,0x11,0x11,0x11,0x11,0x11,0x11,0x11,0x11,0x11,0x11,
    0x11,0x11,0x11,0x11,0x11,0x11,0x11,0x11,0x11,0x11,0x11,0x11,0x11,0x11,0x11,0x11,
    0x11,0x11,0x11,0x11,0x48,0x00,0x00,0x00,0x00,0x00,0x00,0x00,0x00,0x00,0x00,0x00,
    0x00,0xb1,0x11,0x11,0x11,0x11,0x11,0x11,0x11,0x11,0x11,0x11,0x11,0x11,0x40,0x00,
    0x00,0x04,0x11,0x11,0x11,0x11,0x11,0x11,0x11,0x11,0x11,0x11,0x11,0x11,0x13,0x00,
    0x00,0x00,0x00,0x00,0x00,0x00,0x00,0x00,0x00,0x00,0x07,0x11,0x11,0x11,0x11,0x11,
    0x11,0x11,0x11,0x11,0x11,0x11,0x11,0x11,0x11,0x11,0x11,0x11,0x11,0x11,0x11,0x11,
    0x11,0x11,0x11,0x11,0x11,0x11,0x11,0x11,0x11,0x11,0x11,0x11,0x11,0x11,0x11,0x11,
    0x11,0x11,0x11,0x11,0x11,0x11,0x11,0x11,0x11,0x11,0x11,0x11,0x11,0x11,0x11,0x11,
    0x11,0x11,0x11,0x11,0x11,0x11,0x11,0x11,0x11,0x11,0x11,0x11,0x11,0x80,0x00,0x00,
    0x00,0x00,0x00,0x00,0x00,0x00,0x00,0x00,0x00,0x31,0x11,0x11,0x11,0x11,0x11,0x11,
    0x11,0x11,0x11,0x11,0x11,0x11,0x40,0x00,0x00,0x04,0x11,0x11,0x11,0x11,0x11,0x11,
    0x11,0x11,0x11,0x11,0x11,0x11,0x13,0x00,0x00,0x00,0x00,0x00,0x00,0x00,0x00,0x00,
    0x00,0x00,0x74,0x11,0x11,0x11,0x11,0x11,0x11,0x11,0x11,0x11,0x11,0x11,0x11,0x11,
    0x11,0x11,0x11,0x11,0x11,0x11,0x11,0x11,0x11,0x11,0x11,0x11,0x11,0x11,0x11,0x11,
    0x11,0x11,0x11,0x11,0x11,0x11,0x11,0x11,0x11,0x11,0x11,0x11,0x11,0x11,0x11,0x11,
    0x11,0x11,0x11,0x11,0x11,0x11,0x11,0x11,0x11,0x11,0x11,0x11,0x11,0x11,0x11,0x11,
    0x11,0x11,0x11,0x11,0x11,0x47,0x00,0x00,0x00,0x00,0x00,0x00,0x00,0x00,0x00,0x00,
    0x00,0x31,0x11,0x11,0x11,0x11,0x11,0x11,0x11,0x11,0x11,0x11,0x11,0x11,0x40,0x00,
    0x00,0x04,0x11,0x11,0x11,0x11,0x11,0x11,0x11,0x11,0x11,0x11,0x11,0x11,0x13,0x00,
    0x00,0x00,0x00,0x00,0x00,0x00,0x00,0x00,0x00,0x08,0x11,0x11,0x11,0x11,0x11,0x11,
    0x11,0x11,0x11,0x11,0x11,0x11,0x11,0x11,0x11,0x11,0x11,0x11,0x11,0x11,0x11,0x11,
    0x11,0x11,0x11,0x11,0x11,0x11,0x11,0x11,0x11,0x11,0x11,0x11,0x11,0x11,0x11,0x11,
    0x11,0x11,0x11,0x11,0x11,0x11,0x11,0x11,0x11,0x11,0x11,0x11,0x11,0x11,0x11,0x11,
    0x11,0x11,0x11,0x11,0x11,0x11,0x11,0x11,0x11,0x11,0x11,0x11,0x11,0x11,0x80,0x00,
    0x00,0x00,0x00,0x00,0x00,0x00,0x00,0x00,0x00,0x31,0x11,0x11,0x11,0x11,0x11,0x11,
    0x11,0x11,0x11,0x11,0x11,0x11,0x40,0x00,0x00,0x04,0x11,0x11,0x11,0x11,0x11,0x11,
    0x11,0x11,0x11,0x11,0x11,0x11,0x13,0x00,0x00,0x00,0x00,0x00,0x00,0x00,0x00,0x00,
    0x00,0x08,0x11,0x11,0x11,0x11,0x11,0x11,0x11,0x11,0x11,0x11,0x11,0x11,0x11,0x11,
    0x11,0x11,0x11,0x11,0x11,0x11,0x11,0x11,0x11,0x11,0x11,0x11,0x11,0x11,0x11,0x11,
    0x11,0x11,0x11,0x11,0x11,0x11,0x11,0x11,0x11,0x11,0x11,0x11,0x11,0x11,0x11,0x11,
    0x11,0x11,0x11,0x11,0x11,0x11,0x11,0x11,0x11,0x11,0x11,0x11,0x11,0x11,0x11,0x11,
    0x11,0x11,0x11,0x11,0x11,0x11,0x80,0x00,0x00,0x00,0x00,0x00,0x00,0x00,0x00,0x00,
    0x00,0x31,0x11,0x11,0x11,0x11,0x11,0x11,0x11,0x11,0x11,0x11,0x11,0x11,0x40,0x00,
    0x00,0x04,0x11,0x11,0x11,0x11,0x11,0x11,0x11,0x11,0x11,0x11,0x11,0x11,0x13,0x00,
    0x00,0x00,0x00,0x00,0x00,0x00,0x00,0x00,0x00,0x08,0x11,0x11,0x11,0x11,0x11,0x11,
    0x11,0x11,0x11,0x11,0x11,0x11,0x11,0x11,0x11,0x11,0x11,0x11,0x11,0x11,0x11,0x11,
    0x11,0x11,0x11,0x11,0x11,0x11,0x11,0x11,0x11,0x11,0x11,0x11,0x11,0x11,0x11,0x11,
    0x11,0x11,0x11,0x11,0x11,0x11,0x11,0x11,0x11,0x11,0x11,0x11,0x11,0x11,0x11,0x11,
    0x11,0x11,0x11,0x11,0x11,0x11,0x11,0x11,0x11,0x11,0x11,0x11,0x11,0x11,0x80,0x00,
    0x00,0x00,0x00,0x00,0x00,0x00,0x00,0x00,0x00,0x31,0x11,0x11,0x11,0x11,0x11,0x11,
    0x11,0x11,0x11,0x11,0x11,0x11,0x40,0x00,0x00,0x04,0x11,0x11,0x11,0x11,0x11,0x11,
    0x11,0x11,0x11,0x11,0x11,0x11,0x1b,0x87,0x00,0x00,0x00,0x00,0x00,0x00,0x00,0x00,
    0x00,0x84,0x11,0x11,0x11,0x11,0x11,0x11,0x11,0x11,0x11,0x11,0x11,0x11,0x11,0x11,
    0x11,0x11,0x11,0x11,0x11,0x11,0x11,0x11,0x11,0x11,0x11,0x11,0x11,0x11,0x11,0x11,
    0x11,0x11,0x11,0x11,0x11,0x11,0x11,0x11,0x11,0x11,0x11,0x11,0x11,0x11,0x11,0x11,
    0x11,0x11,0x11,0x11,0x11,0x11,0x11,0x11,0x11,0x11,0x11,0x11,0x11,0x11,0x11,0x11,
    0x11,0x11,0x11,0x11,0x11,0x11,0x58,0x00,0x00,0x00,0x00,0x00,0x00,0x00,0x00,0x00,
    0x78,0xb1,0x11,0x11,0x11,0x11,0x11,0x11,0x11,0x11,0x11,0x11,0x11,0x11,0x40,0x00,
    0x00,0x04,0x11,0x11,0x11,0x11,0x11,0x11,0x11,0x11,0x11,0x11,0x11,0x11,0x11,0x13,
    0x00,0x00,0x00,0x00,0x00,0x00,0x00,0x00,0x08,0x11,0x11,0x11,0x11,0x11,0x11,0x11,
    0x11,0x11,0x11,0x11,0x11,0x11,0x11,0x11,0x11,0x11,0x11,0x11,0x11,0x11,0x11,0x11,
    0x11,0x11,0x11,0x11,0x11,0x11,0x11,0x11,0x11,0x11,0x11,0x11,0x11,0x11,0x11,0x11,
    0x11,0x11,0x11,0x11,0x11,0x11,0x11,0x11,0x11,0x11,0x11,0x11,0x11,0x11,0x11,0x11,
    0x11,0x11,0x11,0x11,0x11,0x11,0x11,0x11,0x11,0x11,0x11,0x11,0x11,0x11,0x11,0x80,
    0x00,0x00,0x00,0x00,0x00,0x00,0x00,0x00,0x31,0x61,0x11,0x11,0x11,0x11,0x11,0x11,
    0x11,0x11,0x11,0x11,0x11,0x11,0x40,0x00,0x00,0x04,0x11,0x11,0x11,0x11,0x11,0x11,
    0x11,0x11,0x11,0x11,0x11,0x11,0x11,0x13,0x00,0x00,0x00,0x00,0x00,0x00,0x00,0x00,
    0x08,0x11,0x11,0x11,0x11,0x11,0x11,0x11,0x11,0x11,0x11,0x11,0x11,0x11,0x11,0x11,
    0x11,0x11,0x11,0x11,0x11,0x11,0x11,0x11,0x11,0x11,0x11,0x11,0x11,0x11,0x11,0x11,
    0x11,0x11,0x11,0x11,0x11,0x11,0x11,0x11,0x11,0x11,0x11,0x11,0x11,0x11,0x11,0x11,
    0x11,0x11,0x11,0x11,0x11,0x11,0x11,0x11,0x11,0x11,0x11,0x11,0x11,0x11,0x11,0x11,
    0x11,0x11,0x11,0x11,0x11,0x11,0x11,0x80,0x00,0x00,0x00,0x00,0x00,0x00,0x00,0x00,
    0x31,0x11,0x11,0x11,0x11,0x11,0x11,0x11,0x11,0x11,0x11,0x11,0x11,0x11,0x40,0x00,
    0x00,0x04,0x11,0x11,0x11,0x11,0x11,0x11,0x11,0x11,0x11,0x11,0x11,0x11,0x11,0x13,
    0x00,0x00,0x00,0x00,0x00,0x00,0x00,0x00,0x07,0x11,0x11,0x11,0x11,0x11,0x11,0x11,
    0x11,0x11,0x11,0x11,0x11,0x11,0x11,0x11,0x11,0x11,0x11,0x11,0x11,0x11,0x11,0x11,
    0x11,0x11,0x11,0x11,0x11,0x11,0x11,0x11,0x11,0x11,0x11,0x11,0x11,0x11,0x11,0x11,
    0x11,0x11,0x11,0x11,0x11,0x11,0x11,0x11,0x11,0x11,0x11,0x11,0x11,0x11,0x11,0x11,
    0x11,0x11,0x11,0x11,0x11,0x11,0x11,0x11,0x11,0x11,0x11,0x11,0x11,0x11,0x11,0x80,
    0x00,0x00,0x00,0x00,0x00,0x00,0x00,0x00,0x31,0x11,0x11,0x11,0x11,0x11,0x11,0x11,
    0x11,0x11,0x11,0x11,0x11,0x11,0x40,0x00,0x00,0x04,0x11,0x11,0x11,0x11,0x11,0x11,
    0x11,0x11,0x11,0x11,0x11,0x11,0x11,0x1d,0x87,0x00,0x00,0x00,0x00,0x00,0x00,0x00,
    0x84,0x11,0x11,0x11,0x11,0x11,0x11,0x11,0x11,0x11,0x11,0x11,0x11,0x11,0x11,0x11,
    0x11,0x11,0x11,0x11,0x11,0x11,0x11,0x11,0x11,0x11,0x11,0x11,0x11,0x11,0x11,0x11,
    0x11,0x11,0x11,0x11,0x11,0x11,0x11,0x11,0x11,0x11,0x11,0x11,0x11,0x11,0x11,0x11,
    0x11,0x11,0x11,0x11,0x11,0x11,0x11,0x11,0x11,0x11,0x11,0x11,0x11,0x11,0x11,0x11,
    0x11,0x11,0x11,0x11,0x11,0x11,0x11,0x48,0x00,0x00,0x00,0x00,0x00,0x00,0x00,0x78,
    0xb1,0x11,0x11,0x11,0x11,0x11,0x11,0x11,0x11,0x11,0x11,0x11,0x11,0x11,0x40,0x00,
    0x00,0x04,0x11,0x11,0x11,0x11,0x11,0x11,0x11,0x11,0x11,0x11,0x66,0x11,0x11,0x11,
    0x1d,0x44,0x00,0x00,0x00,0x00,0x00,0x08,0x11,0x11,0x11,0x11,0x11,0x11,0x11,0x11,
    0x11,0x11,0x11,0x11,0x11,0x11,0x11,0x11,0x11,0x11,0x11,0x11,0x11,0x11,0x11,0x11,
    0x11,0x11,0x11,0x11,0x11,0x11,0x11,0x11,0x11,0x11,0x11,0x11,0x11,0x11,0x11,0x11,
    0x11,0x11,0x11,0x11,0x11,0x11,0x11,0x11,0x11,0x11,0x11,0x11,0x11,0x11,0x11,0x11,
    0x11,0x11,0x11,0x11,0x11,0x11,0x11,0x11,0x11,0x11,0x11,0x11,0x11,0x11,0x11,0x11,
    0x80,0x00,0x00,0x00,0x00,0x00,0x44,0xd1,0x11,0x11,0x11,0x16,0x11,0x11,0x11,0x11,
    0x11,0x11,0x11,0x11,0x11,0x11,0x40,0x00,0x00,0x04,0x11,0x11,0x11,0x11,0x11,0x11,
    0x11,0x11,0x11,0x11,0x11,0x11,0x11,0x11,0x1d,0x44,0x00,0x00,0x00,0x00,0x00,0x08,
    0x11,0x11,0x11,0x11,0x11,0x11,0x11,0x11,0x11,0x11,0x11,0x11,0x11,0x11,0x11,0x11,
    0x11,0x11,0x11,0x11,0x11,0x11,0x11,0x11,0x11,0x11,0x11,0x11,0x11,0x11,0x11,0x11,
    0x11,0x11,0x11,0x11,0x11,0x11,0x11,0x11,0x11,0x11,0x11,0x11,0x11,0x11,0x11,0x11,
    0x11,0x11,0x11,0x11,0x11,0x11,0x11,0x11,0x11,0x11,0x11,0x11,0x11,0x11,0x11,0x11,
    0x11,0x11,0x11,0x11,0x11,0x11,0x11,0x11,0x80,0x00,0x00,0x00,0x00,0x00,0x44,0xd1,
    0x11,0x11,0x11,0x11,0x11,0x11,0x11,0x11,0x11,0x11,0x11,0x11,0x11,0x11,0x40,0x00,
    0x00,0x04,0x11,0x11,0x11,0x11,0x11,0x11,0x11,0x11,0x11,0x11,0x11,0x11,0x11,0x11,
    0x1d,0x48,0x00,0x00,0x00,0x00,0x00,0x07,0x11,0x11,0x11,0x11,0x11,0x11,0x11,0x11,
    0x11,0x11,0x11,0x11,0x11,0x11,0x11,0x11,0x11,0x11,0x11,0x11,0x11,0x11,0x11,0x11,
    0x11,0x11,0x11,0x11,0x11,0x11,0x11,0x11,0x11,0x11,0x11,0x11,0x11,0x11,0x11,0x11,
    0x11,0x11,0x11,0x11,0x11,0x11,0x11,0x11,0x11,0x11,0x11,0x11,0x11,0x11,0x11,0x11,
    0x11,0x11,0x11,0x11,0x11,0x11,0x11,0x11,0x11,0x11,0x11,0x11,0x11,0x11,0x11,0x11,
    0x70,0x00,0x00,0x00,0x00,0x00,0x84,0xd1,0x11,0x11,0x11,0x11,0x11,0x11,0x11,0x11,
    0x11,0x11,0x11,0x11,0x11,0x11,0x40,0x00,0x00,0x04,0x11,0x11,0x11,0x11,0x11,0x11,
    0x11,0x11,0x11,0x11,0x11,0x11,0x11,0x11,0x16,0x55,0x87,0x00,0x00,0x00,0x00,0x84,
    0x11,0x11,0x11,0x11,0x11,0x11,0x11,0x11,0x11,0x11,0x11,0x11,0x11,0x11,0x11,0x11,
    0x11,0x11,0x11,0x11,0x11,0x11,0x11,0x11,0x11,0x11,0x11,0x11,0x11,0x11,0x11,0x11,
    0x11,0x11,0x11,0x11,0x11,0x11,0x11,0x11,0x11,0x11,0x11,0x11,0x11,0x11,0x11,0x11,
    0x11,0x11,0x11,0x11,0x11,0x11,0x11,0x11,0x11,0x11,0x11,0x11,0x11,0x11,0x11,0x11,
    0x11,0x11,0x11,0x11,0x11,0x11,0x11,0x11,0x58,0x00,0x00,0x00,0x00,0x78,0x55,0x61,
    0x11,0x11,0x11,0x11,0x11,0x11,0x11,0x11,0x11,0x11,0x11,0x11,0x11,0x11,0x40,0x00,
    0x00,0x04,0x11,0x11,0x11,0x11,0x11,0x11,0x11,0x11,0x11,0x11,0x11,0x11,0x11,0x11,
    0x11,0x11,0x13,0x00,0x00,0x00,0x08,0x11,0x11,0x11,0x11,0x11,0x11,0x11,0x11,0x11,
    0x11,0x11,0x11,0x11,0x11,0x11,0x11,0x11,0x11,0x11,0x11,0x11,0x11,0x11,0x11,0x11,
    0x11,0x11,0x11,0x11,0x11,0x11,0x11,0x11,0x11,0x11,0x11,0x11,0x11,0x11,0x11,0x11,
    0x11,0x11,0x11,0x11,0x11,0x11,0x11,0x11,0x11,0x11,0x11,0x11,0x11,0x11,0x11,0x11,
    0x11,0x11,0x11,0x11,0x11,0x11,0x11,0x11,0x11,0x11,0x11,0x11,0x11,0x11,0x11,0x11,
    0x11,0x80,0x00,0x00,0x00,0x31,0x11,0x11,0x11,0x11,0x11,0x11,0x11,0x11,0x11,0x11,
    0x11,0x11,0x11,0x11,0x11,0x11,0x40,0x00,0x00,0x04,0x11,0x11,0x11,0x11,0x11,0x11,
    0x11,0x11,0x11,0x11,0x11,0x11,0x11,0x11,0x11,0x11,0x13,0x00,0x00,0x00,0x08,0x11,
    0x11,0x11,0x11,0x11,0x11,0x11,0x11,0x11,0x11,0x11,0x11,0x11,0x11,0x11,0x11,0x11,
    0x11,0x11,0x11,0x11,0x11,0x11,0x11,0x11,0x11,0x11,0x11,0x11,0x11,0x11,0x11,0x11,
    0x11,0x11,0x11,0x11,0x11,0x11,0x11,0x11,0x11,0x11,0x11,0x11,0x11,0x11,0x11,0x11,
    0x11,0x11,0x11,0x11,0x11,0x11,0x11,0x11,0x11,0x11,0x11,0x11,0x11,0x11,0x11,0x11,
    0x11,0x11,0x11,0x11,0x11,0x11,0x11,0x11,0x11,0x80,0x00,0x00,0x00,0x31,0x11,0x11,
    0x11,0x11,0x11,0x11,0x11,0x11,0x11,0x11,0x11,0x11,0x11,0x11,0x11,0x11,0x40,0x00,
    0x00,0x04,0x11,0x11,0x11,0x11,0x11,0x11,0x11,0x11,0x11,0x11,0x11,0x11,0x11,0x11,
    0x11,0x11,0x13,0x00,0x00,0x00,0x08,0x11,0x11,0x11,0x11,0x11,0x11,0x11,0x11,0x11,
    0x11,0x11,0x11,0x11,0x11,0x11,0x11,0x11,0x11,0x11,0x11,0x11,0x11,0x11,0x11,0x11,
    0x11,0x11,0x11,0x11,0x11,0x11,0x11,0x11,0x11,0x11,0x11,0x11,0x11,0x11,0x11,0x11,
    0x11,0x11,0x11,0x11,0x11,0x11,0x11,0x11,0x11,0x11,0x11,0x11,0x11,0x11,0x11,0x11,
    0x11,0x11,0x11,0x11,0x11,0x11,0x11,0x11,0x11,0x11,0x11,0x11,0x11,0x11,0x11,0x11,
    0x11,0x80,0x00,0x00,0x00,0x31,0x11,0x11,0x11,0x11,0x11,0x11,0x11,0x11,0x11,0x11,
    0x11,0x11,0x11,0x11,0x11,0x11,0x40,0x00,0x00,0x04,0x11,0x11,0x11,0x11,0x11,0x11,
    0x11,0x11,0x11,0x11,0x11,0x11,0x11,0x11,0x11,0x16,0xdf,0x00,0x00,0x00,0x84,0x11,
    0x11,0x11,0x11,0x11,0x11,0x11,0x11,0x11,0x11,0x11,0x11,0x11,0x11,0x11,0x11,0x11,
    0x11,0x11,0x11,0x11,0x11,0x11,0x11,0x11,0x11,0x11,0x11,0x11,0x11,0x11,0x11,0x11,
    0x11,0x11,0x11,0x11,0x11,0x11,0x11,0x11,0x11,0x11,0x11,0x11,0x11,0x11,0x11,0x11,
    0x11,0x11,0x11,0x11,0x11,0x11,0x11,0x11,0x11,0x11,0x11,0x11,0x11,0x11,0x11,0x11,
    0x11,0x11,0x11,0x11,0x11,0x11,0x11,0x11,0x11,0x58,0x00,0x00,0x00,0xfd,0x61,0x11,
    0x11,0x11,0x11,0x11,0x11,0x11,0x11,0x11,0x11,0x11,0x11,0x11,0x11,0x11,0x40,0x00,
    0x00,0x04,0x11,0x11,0x11,0x11,0x11,0x11,0x11,0x11,0x11,0x11,0x11,0x11,0x11,0x11,
    0x11,0x13,0x00,0x00,0x00,0x08,0x11,0x11,0x11,0x11,0x11,0x11,0x11,0x11,0x11,0x11,
    0x11,0x11,0x11,0x11,0x11,0x11,0x11,0x11,0x11,0x11,0x11,0x11,0x11,0x11,0x11,0x11,
    0x11,0x11,0x11,0x11,0x11,0x11,0x11,0x11,0x11,0x11,0x11,0x11,0x11,0x11,0x11,0x11,
    0x11,0x11,0x11,0x11,0x11,0x11,0x11,0x11,0x11,0x11,0x11,0x11,0x11,0x11,0x11,0x11,
    0x11,0x11,0x11,0x11,0x11,0x11,0x11,0x11,0x11,0x11,0x11,0x11,0x11,0x11,0x11,0x11,
    0x11,0x11,0x80,0x00,0x00,0x00,0x31,0x11,0x11,0x11,0x11,0x11,0x11,0x11,0x11,0x11,
    0x11,0x11,0x11,0x11,0x11,0x11,0x40,0x00,0x00,0x04,0x11,0x11,0x11,0x11,0x11,0x11,
    0x11,0x11,0x11,0x11,0x11,0x11,0x11,0x11,0x11,0x13,0x00,0x00,0x00,0x08,0x11,0x11,
    0x11,0x11,0x11,0x11,0x11,0x11,0x11,0x11,0x11,0x11,0x11,0x11,0x11,0x11,0x11,0x11,
    0x11,0x11,0x11,0x11,0x11,0x11,0x11,0x11,0x11,0x11,0x11,0x11,0x11,0x11,0x11,0x11,
    0x11,0x11,0x11,0x11,0x11,0x11,0x11,0x11,0x11,0x11,0x11,0x11,0x11,0x11,0x11,0x11,
    0x11,0x11,0x11,0x11,0x11,0x11,0x11,0x11,0x11,0x11,0x11,0x11,0x11,0x11,0x11,0x11,
    0x11,0x11,0x11,0x11,0x11,0x11,0x11,0x11,0x11,0x11,0x80,0x00,0x00,0x00,0x31,0x11,
    0x11,0x11,0x11,0x11,0x11,0x11,0x11,0x11,0x11,0x11,0x11,0x11,0x11,0x11,0x40,0x00,
    0x00,0x04,0x11,0x11,0x11,0x11,0x11,0x11,0x11,0x11,0x11,0x11,0x11,0x11,0x11,0x11,
    0x11,0x13,0x00,0x00,0x00,0x08,0x11,0x11,0x11,0x11,0x11,0x11,0x11,0x11,0x11,0x11,
    0x11,0x11,0x11,0x11,0x11,0x11,0x11,0x11,0x11,0x11,0x11,0x11,0x11,0x11,0x11,0x11,
    0x11,0x11,0x11,0x11,0x11,0x11,0x11,0x11,0x11,0x11,0x11,0x11,0x11,0x11,0x11,0x11,
    0x11,0x11,0x11,0x11,0x11,0x11,0x11,0x11,0x11,0x11,0x11,0x11,0x11,0x11,0x11,0x11,
    0x11,0x11,0x11,0x11,0x11,0x11,0x11,0x11,0x11,0x11,0x11,0x11,0x11,0x11,0x11,0x11,
    0x11,0x11,0x80,0x00,0x00,0x00,0x31,0x11,0x11,0x11,0x11,0x11,0x11,0x11,0x11,0x11,
    0x11,0x11,0x11,0x11,0x11,0x11,0x40,0x00,0x00,0x04,0x11,0x11,0x11,0x11,0x11,0x11,
    0x11,0x11,0x11,0x11,0x11,0x11,0x11,0x11,0x16,0x35,0x00,0x00,0x00,0x85,0x11,0x11,
    0x11,0x11,0x11,0x11,0x11,0x11,0x11,0x11,0x11,0x11,0x11,0x11,0x11,0x11,0x11,0x11,
    0x11,0x11,0x11,0x11,0x11,0x11,0x11,0x11,0x11,0x11,0x11,0x11,0x11,0x11,0x11,0x11,
    0x11,0x11,0x11,0x11,0x11,0x11,0x11,0x11,0x11,0x11,0x11,0x11,0x11,0x11,0x11,0x11,
    0x11,0x11,0x11,0x11,0x11,0x11,0x11,0x11,0x11,0x11,0x11,0x11,0x11,0x11,0x11,0x11,
    0x11,0x11,0x11,0x11,0x11,0x11,0x11,0x11,0x11,0x11,0x58,0x00,0x00,0x00,0x53,0x61,
    0x11,0x11,0x11,0x11,0x11,0x11,0x11,0x11,0x11,0x11,0x11,0x11,0x11,0x11,0x40,0x00,
    0x00,0x04,0x11,0x11,0x11,0x11,0x11,0x11,0x11,0x11,0x11,0x11,0x11,0x11,0x11,0x11,
    0x13,0x00,0x00,0x00,0x08,0x11,0x11,0x11,0x11,0x11,0x11,0x11,0x11,0x11,0x11,0x11,
    0x11,0x11,0x11,0x11,0x11,0x11,0x11,0x11,0x11,0x11,0x11,0x11,0x11,0x11,0x11,0x11,
    0x11,0x11,0x11,0x11,0x11,0x11,0x11,0x11,0x11,0x11,0x11,0x11,0x11,0x11,0x11,0x11,
    0x11,0x11,0x11,0x11,0x11,0x11,0x11,0x11,0x11,0x11,0x11,0x11,0x11,0x11,0x11,0x11,
    0x11,0x11,0x11,0x11,0x11,0x11,0x11,0x11,0x11,0x11,0x11,0x11,0x11,0x11,0x11,0x11,
    0x11,0x11,0x11,0x80,0x00,0x00,0x00,0x31,0x11,0x11,0x11,0x11,0x11,0x11,0x11,0x11,
    0x11,0x11,0x11,0x11,0x11,0x11,0x40,0x00,0x00,0x04,0x11,0x11,0x11,0x11,0x11,0x11,
    0x11,0x11,0x11,0x11,0x11,0x11,0x11,0x11,0x13,0x00,0x00,0x00,0x08,0x11,0x11,0x11,
    0x11,0x11,0x11,0x11,0x11,0x11,0x11,0x11,0x11,0x11,0x11,0x11,0x11,0x11,0x11,0x11,
    0x11,0x11,0x11,0x11,0x11,0x11,0x11,0x11,0x11,0x11,0x11,0x11,0x11,0x11,0x11,0x11,
    0x11,0x11,0x11,0x11,0x11,0x11,0x11,0x11,0x11,0x11,0x11,0x11,0x11,0x11,0x11,0x11,
    0x11,0x11,0x11,0x11,0x11,0x11,0x11,0x11,0x11,0x11,0x11,0x11,0x11,0x11,0x11,0x11,
    0x11,0x11,0x11,0x11,0x11,0x11,0x11,0x11,0x11,0x11,0x11,0x80,0x00,0x00,0x00,0x31,
    0x11,0x11,0x11,0x11,0x11,0x11,0x11,0x11,0x11,0x11,0x11,0x11,0x11,0x11,0x40,0x00,
    0x00,0x04,0x11,0x11,0x11,0x11,0x11,0x11,0x11,0x11,0x11,0x11,0x11,0x11,0x11,0x11,
    0x13,0x00,0x00,0x00,0x08,0x11,0x11,0x11,0x11,0x11,0x11,0x11,0x11,0x11,0x11,0x11,
    0x11,0x11,0x11,0x11,0x11,0x11,0x11,0x11,0x11,0x11,0x11,0x11,0x11,0x11,0x11,0x11,
    0x11,0x11,0x11,0x11,0x11,0x11,0x11,0x11,0x11,0x11,0x11,0x11,0x11,0x11,0x11,0x11,
    0x11,0x11,0x11,0x11,0x11,0x11,0x11,0x11,0x11,0x11,0x11,0x11,0x11,0x11,0x11,0x11,
    0x11,0x11,0x11,0x11,0x11,0x11,0x11,0x11,0x11,0x11,0x11,0x11,0x11,0x11,0x11,0x11,
    0x11,0x11,0x11,0x80,0x00,0x00,0x00,0x31,0x11,0x11,0x11,0x11,0x11,0x11,0x11,0x11,
    0x11,0x11,0x11,0x11,0x11,0x11,0x40,0x00,0x00,0x04,0x11,0x11,0x11,0x11,0x11,0x11,
    0x11,0x11,0x11,0x11,0x11,0x11,0x11,0x11,0x13,0x00,0x00,0x00,0x08,0x11,0x11,0x11,
    0x11,0x11,0x11,0x11,0x11,0x11,0x11,0x11,0x11,0x11,0x11,0x11,0x11,0x11,0x11,0x11,
    0x11,0x11,0x11,0x11,0x11,0x11,0x11,0x11,0x11,0x11,0x11,0x11,0x11,0x11,0x11,0x11,
    0x11,0x11,0x11,0x11,0x11,0x11,0x11,0x11,0x11,0x11,0x11,0x11,0x11,0x11,0x11,0x11,
    0x11,0x11,0x11,0x11,0x11,0x11,0x11,0x11,0x11,0x11,0x11,0x11,0x11,0x11,0x11,0x11,
    0x11,0x11,0x11,0x11,0x11,0x11,0x11,0x11,0x11,0x11,0x11,0x80,0x00,0x00,0x00,0x31,
    0x11,0x11,0x11,0x11,0x11,0x11,0x11,0x11,0x11,0x11,0x11,0x11,0x11,0x11,0x40,0x00,
};

const lv_image_dsc_t enco_face_base = {
    .header.magic = LV_IMAGE_HEADER_MAGIC,
    .header.cf = LV_COLOR_FORMAT_I4,
    .header.flags = 0,
    .header.w = 240,
    .header.h = 320,
    .header.stride = 120,
    .data_size = sizeof(enco_face_base_map),
    .data = enco_face_base_map,
};

// enco_face_eyes_half: 120x59 I4, 3604 bytes (64 palette + 3540 bitmap)
static const LV_ATTRIBUTE_LARGE_CONST uint8_t enco_face_eyes_half_map[] __attribute__((aligned(4))) = {
    0x21,0x11,0x0c,0xff,0xe9,0xe7,0xe4,0xff,0xba,0x96,0x73,0xff,0xb6,0xaa,0x9f,0xff,
    0x5f,0x50,0x47,0xff,0x86,0x79,0x6e,0xff,0xd8,0xd2,0xcb,0xff,0x3d,0x29,0x21,0xff,
    0x45,0x39,0x36,0xff,0xc0,0xd1,0xeb,0xff,0x89,0x97,0xc3,0xff,0xaf,0xb4,0xc4,0xff,
    0xce,0xa8,0x80,0xff,0xd1,0xbd,0xa9,0xff,0x84,0x88,0xa3,0xff,0xa0,0x94,0x89,0xff,
    0x07,0xcc,0xcd,0x11,0x11,0x11,0x11,0x16,0x32,0x77,0x07,0x66,0x11,0x11,0x16,0x87,
    0xea,0xae,0x77,0xb6,0x11,0x16,0x87,0xee,0x07,0x61,0x11,0x11,0x11,0x11,0x11,0x16,
    0x87,0x00,0xd1,0x11,0x11,0x16,0x87,0xee,0xaa,0x99,0x99,0x99,0x99,0x99,0x99,0x99,
    0xee,0x77,0x23,0x61,0x11,0xcc,0xc2,0x70,0xd1,0x11,0x11,0x11,0x07,0xcc,0xcd,0x11,
    0x11,0x11,0x11,0x66,0xc2,0x00,0x07,0x61,0x11,0x66,0x1d,0x00,0xaa,0xae,0x00,0x61,
    0x11,0x16,0x70,0xee,0x07,0x61,0x11,0x11,0x11,0x11,0x11,0x11,0x70,0x00,0xd1,0x11,
    0x11,0x16,0x70,0xea,0xaa,0x99,0x99,0x99,0x99,0x99,0x99,0x99,0xaa,0x70,0x2c,0x61,
    0x11,0xcc,0xc2,0x70,0xd1,0x11,0x11,0x11,0x07,0xcc,0xcd,0x11,0x11,0x11,0x16,0x32,
    0x77,0x00,0x07,0x61,0x11,0x16,0x87,0xea,0xaa,0xae,0x07,0x61,0x16,0x78,0xee,0xaa,
    0x55,0x61,0x11,0x11,0x11,0x11,0x11,0x33,0x70,0x00,0xd1,0x11,0x16,0x16,0x70,0xea,
    0xaa,0x99,0x99,0x99,0x99,0x99,0x99,0x99,0xaa,0x70,0x2c,0xc3,0x61,0xcc,0xc2,0x70,
    0xd1,0x11,0x11,0x11,0x07,0xcc,0xcd,0x11,0x11,0x11,0x16,0xc2,0x00,0x00,0x08,0x61,
    0x11,0x1d,0x00,0xea,0xaa,0xae,0x77,0x61,0x16,0x00,0xaa,0xae,0xff,0x61,0x11,0x11,
    0x11,0x11,0x16,0xff,0x00,0x07,0xd1,0x11,0x16,0x66,0x70,0xaa,0xaa,0x99,0x99,0x99,
    0x99,0x99,0x99,0x99,0xbf,0x70,0xfc,0xc2,0x61,0xcc,0xcc,0x70,0xd1,0x11,0x11,0x11,
    0x07,0xcc,0xcd,0x11,0x11,0x11,0x16,0xc2,0x00,0x07,0xf3,0x11,0x16,0x87,0x00,0x08,
    0xaa,0x78,0x36,0x16,0x3f,0x00,0xaa,0x77,0x66,0x11,0x11,0x11,0x11,0x11,0xd2,0x77,
    0x07,0x36,0x61,0x61,0x16,0x87,0xee,0xaa,0x87,0x77,0x77,0x77,0x77,0x77,0x77,0x77,
    0x77,0x00,0x77,0x2c,0xcc,0xcc,0xcc,0x70,0xd1,0x11,0x11,0x11,0x07,0xcc,0xcc,0x11,
    0x11,0x11,0x16,0x25,0x00,0x07,0x3d,0x11,0x1d,0x00,0x00,0x00,0xfe,0x07,0x61,0x16,
    0xf5,0x07,0xaa,0x00,0x61,0x11,0x16,0x66,0x11,0x16,0x2f,0x00,0x07,0x61,0x11,0x16,
    0x66,0x70,0xee,0xef,0x00,0x00,0x00,0x00,0x00,0x00,0x00,0x00,0x00,0x00,0x00,0x52,
    0x2c,0xcc,0xcc,0x70,0xd1,0x11,0x11,0x11,0x07,0x2c,0xcc,0xcd,0x61,0x16,0xcf,0x77,
    0xe5,0x07,0x3d,0x11,0xdf,0x00,0x00,0x00,0x77,0x07,0x61,0x16,0x77,0xee,0xaa,0x00,
    0x61,0x11,0x66,0x11,0x11,0x3f,0x77,0x00,0x07,0x61,0x11,0x16,0x33,0x70,0x00,0x77,
    0x00,0x00,0x00,0x5e,0xee,0xbb,0xbb,0xbb,0xbb,0xae,0xee,0x77,0x2c,0xcc,0xcc,0x70,
    0xd1,0x11,0x11,0x11,0x07,0x2c,0xcc,0xc3,0x11,0x16,0x25,0x00,0xae,0x07,0x3d,0x16,
    0xf5,0x70,0x00,0x00,0x00,0x08,0x61,0x66,0x00,0xaa,0xaf,0x77,0x61,0x11,0x16,0x66,
    0x16,0x2f,0x70,0x00,0x07,0x61,0x11,0x11,0x2f,0x70,0x00,0x00,0x00,0x00,0x00,0xea,
    0xaa,0x99,0x99,0x99,0x99,0xba,0xaa,0x70,0x2c,0xcc,0xcc,0x70,0xd1,0x11,0x11,0x11,
    0x07,0xcc,0xcc,0xc3,0x11,0xdf,0x77,0xea,0xae,0x07,0x3d,0x33,0x77,0xee,0xee,0xee,
    0x00,0xff,0x3f,0x87,0xee,0xae,0x77,0x5f,0x11,0x11,0x16,0x3c,0xc2,0x88,0xee,0x00,
    0x36,0x61,0x11,0xd3,0x70,0x00,0x00,0xee,0xaa,0xb9,0xbb,0x99,0x99,0x99,0x99,0x99,
    0x99,0x99,0xaa,0x70,0x2c,0xcc,0xcc,0x70,0xd1,0x11,0x11,0x11,0x07,0xcc,0xcc,0xcc,
    0x11,0x3f,0x00,0xaa,0xae,0x07,0x23,0x3f,0x00,0xaa,0xaa,0xae,0x00,0x23,0x3f,0x70,
    0xaa,0xae,0x00,0xf3,0x61,0x11,0x66,0x22,0x2f,0x00,0xef,0x70,0x61,0x61,0x11,0x3f,
    0x70,0x00,0x00,0xea,0xaa,0x99,0x99,0x99,0x99,0x99,0x99,0x99,0x99,0x99,0xae,0x70,
    0xfc,0xcc,0xcc,0x70,0xd1,0x11,0x11,0x11,0x07,0xcc,0xcc,0xcc,0xd2,0x78,0xee,0xae,
    0x07,0xf2,0xcf,0x77,0xee,0xaa,0x99,0x99,0x00,0x2f,0x77,0xea,0xaa,0xae,0x07,0xd6,
    0x11,0x16,0xcc,0x22,0x77,0xee,0x77,0xff,0x61,0x66,0xd3,0x77,0xee,0xee,0xbb,0x99,
    0x99,0x99,0x99,0x99,0x99,0x99,0x99,0x99,0x99,0x99,0x99,0xee,0x77,0x2c,0xcc,0x70,
    0xd1,0x11,0x11,0x11,0x07,0xcc,0xcc,0xcc,0x2f,0x08,0xaa,0xae,0x07,0x23,0x3f,0x00,
    0xaa,0xaa,0x99,0x9b,0x00,0xf5,0x00,0xaa,0xaa,0xae,0x07,0xd6,0x11,0x16,0xc2,0x2f,
    0x00,0xaa,0x00,0xf3,0x61,0x66,0x3f,0x70,0xaa,0xaa,0x99,0x99,0x99,0x99,0x99,0x99,
    0x99,0x99,0x99,0x99,0x99,0x99,0x99,0xae,0x70,0xfc,0xc2,0x70,0xd1,0x11,0x11,0x11,
    0x07,0xcc,0xcc,0xc2,0x78,0xea,0xaa,0xae,0x00,0x77,0x07,0xea,0xaa,0x99,0x99,0x87,
    0x00,0x84,0xee,0x99,0x99,0xbe,0x00,0xd6,0xdc,0xdc,0x87,0x07,0xee,0xaa,0x00,0x61,
    0x16,0xc2,0x87,0xee,0xaa,0x99,0x99,0x99,0x99,0x99,0x99,0x99,0x99,0x99,0x99,0x99,
    0x99,0x99,0x99,0xaa,0xee,0x87,0x2c,0x70,0xd1,0x11,0x11,0x11,0x07,0xcc,0xcc,0x25,
    0x07,0xaa,0xaa,0xae,0x00,0x00,0x07,0xaa,0xaa,0x99,0x9b,0x70,0x00,0x84,0xea,0x99,
    0x99,0xaf,0x77,0x66,0xcc,0x2f,0x70,0x00,0xea,0xaf,0x77,0x61,0x6d,0x25,0x70,0xea,
    0xab,0x99,0x99,0x99,0x99,0x99,0x99,0x99,0x99,0x99,0x99,0x99,0x99,0x99,0x99,0xaa,
    0xab,0x70,0x52,0x70,0xd1,0x11,0x11,0x11,0x07,0xcc,0xc2,0x77,0xee,0xaa,0xaa,0xae,
    0x00,0xee,0xee,0xaa,0xaa,0xaa,0xaa,0xee,0xee,0xea,0x99,0x99,0x99,0x88,0x22,0xcc,
    0xc2,0x77,0xee,0xee,0xae,0x77,0x52,0xc3,0x87,0x77,0xee,0xaa,0x99,0x99,0xaa,0xaa,
    0xaa,0xaa,0xaa,0x99,0x99,0x99,0x99,0x99,0x99,0x99,0x99,0x99,0xba,0x70,0x77,0x00,
    0xd1,0x11,0x11,0x11,0x07,0xcc,0xcf,0x00,0xaa,0xaa,0xaa,0xae,0x08,0xaa,0xaa,0xaa,
    0xaa,0xaa,0xaa,0xaa,0xaa,0xaa,0x99,0x99,0x99,0x07,0x2c,0x22,0x2f,0x00,0xaa,0xaa,
    0xee,0x07,0x2c,0xcf,0x00,0x00,0xea,0xaa,0x99,0x99,0xaa,0xaa,0xaa,0xaa,0xaa,0x99,
    0x99,0x99,0x99,0x99,0x99,0x99,0x99,0x99,0xba,0x80,0x00,0x00,0xd1,0x11,0x11,0x11,
    0x07,0xc2,0x78,0xee,0xaa,0xaa,0x99,0x99,0xbb,0x99,0x99,0x99,0x99,0x99,0x99,0x99,
    0x99,0x99,0xaa,0x99,0xaa,0x00,0x77,0x77,0x77,0xee,0xaa,0xaa,0x77,0xf2,0xc2,0x87,
    0xee,0xee,0xaa,0x99,0x99,0xaa,0x99,0x99,0x99,0x99,0x99,0x99,0x99,0x99,0x99,0x99,
    0x99,0x99,0x99,0x99,0xba,0xee,0x70,0x00,0xd1,0x11,0x11,0x11,0x07,0x25,0x08,0xaa,
    0xaa,0xaa,0x99,0x99,0x99,0x99,0x99,0x99,0x99,0x99,0x99,0x99,0x99,0x99,0xaa,0x99,
    0xaa,0x70,0x00,0x00,0x00,0xea,0xaa,0xaa,0x07,0x22,0x2f,0x70,0xaa,0xaa,0xaa,0x99,
    0x99,0xaa,0x99,0x99,0x99,0x99,0x99,0x99,0x99,0x99,0x99,0x99,0x99,0x99,0x99,0x99,
    0xaa,0xaa,0x70,0x00,0xd1,0x11,0x11,0x11,0x00,0x07,0xea,0xaa,0x99,0x99,0x99,0x99,
    0x99,0x99,0x99,0x99,0x99,0x99,0x99,0x99,0x99,0x99,0x99,0x99,0xaa,0xae,0xee,0xee,
    0xea,0xaa,0x99,0x99,0x00,0x07,0x77,0xea,0xaa,0x99,0x99,0x99,0x99,0x99,0x99,0x99,
    0x99,0x99,0x99,0x99,0x99,0x99,0x99,0x99,0x99,0x99,0x99,0x99,0x99,0xae,0x70,0x00,
    0xd1,0x11,0x11,0x11,0x00,0x00,0xaa,0xaa,0x99,0x99,0x99,0x99,0x99,0x99,0x99,0x99,
    0x99,0x99,0x99,0x99,0x99,0x99,0x99,0x99,0xaa,0xaa,0xaa,0xaa,0xaa,0xaa,0x99,0x9b,
    0x00,0x00,0x07,0xaa,0xaa,0x99,0x99,0x99,0x99,0x99,0x99,0x99,0x99,0x99,0x99,0x99,
    0x99,0x99,0x99,0x99,0x99,0x99,0x99,0x99,0x99,0xae,0x70,0x00,0xd1,0x11,0x11,0x11,
    0x00,0x00,0xea,0xaa,0xaa,0xaa,0x99,0x99,0x99,0x99,0x99,0x99,0x99,0x99,0x99,0x99,
    0x99,0x99,0x99,0x99,0xaa,0xaa,0xaa,0xaa,0xaa,0x99,0x99,0xaa,0xee,0xee,0xee,0xaa,
    0x99,0x99,0x99,0x99,0x99,0x99,0x99,0x99,0x99,0x99,0x99,0x99,0x99,0x99,0x99,0x99,
    0x99,0x99,0xbb,0xaa,0x99,0xae,0x70,0x00,0xd1,0x11,0x11,0x11,0x00,0x07,0xea,0xaa,
    0xaa,0xee,0xb9,0x99,0x99,0x99,0x99,0x99,0x99,0x99,0x99,0x99,0x99,0x99,0x99,0x99,
    0xaa,0xaa,0xaa,0xaa,0xaa,0x99,0x99,0xaa,0xaa,0xaa,0xaa,0xaa,0x99,0x99,0x99,0x99,
    0x99,0x99,0x99,0x99,0x99,0x99,0x99,0x99,0x99,0x99,0x99,0x99,0x99,0x99,0xba,0xae,
    0xbb,0xae,0x70,0x00,0xd1,0x11,0x11,0x11,0x00,0x00,0x77,0x77,0x77,0x77,0x77,0x77,
    0x77,0x88,0x88,0x77,0x77,0x77,0x77,0x77,0x78,0x78,0x99,0x99,0x99,0x99,0x99,0x99,
    0x99,0x99,0x99,0x99,0x99,0x99,0x99,0x99,0x99,0x99,0x99,0x99,0x99,0x99,0x47,0x87,
    0x77,0x77,0x77,0x77,0x77,0x77,0x77,0x77,0x77,0x88,0x77,0x77,0x77,0x77,0x00,0x00,
    0xd1,0x11,0x11,0x11,0x00,0x00,0x00,0x00,0x00,0x00,0x00,0x00,0x00,0x00,0x00,0x00,
    0x00,0x00,0x00,0x00,0x00,0x07,0xb9,0x99,0x99,0x99,0x99,0x99,0x99,0x99,0x99,0x99,
    0x99,0x99,0x99,0x99,0x99,0x99,0x99,0x99,0x99,0x9b,0x70,0x00,0x00,0x00,0x00,0x00,
    0x00,0x00,0x00,0x00,0x00,0x00,0x00,0x00,0x00,0x00,0x00,0x00,0xd1,0x11,0x11,0x11,
    0x00,0x00,0x00,0x00,0x00,0x00,0x00,0x00,0x00,0x00,0x00,0x00,0x00,0x00,0x00,0x00,
    0x00,0x00,0x77,0x78,0x99,0x99,0x99,0x99,0x99,0x99,0x99,0x99,0x99,0x99,0x99,0x99,
    0x99,0x99,0x99,0x99,0x87,0x77,0x00,0x00,0x00,0x00,0x00,0x00,0x00,0x00,0x00,0x00,
    0x00,0x00,0x00,0x00,0x00,0x00,0x00,0x00,0xd1,0x11,0x11,0x11,0x00,0x00,0x00,0x00,
    0x00,0x00,0x00,0x00,0x00,0x00,0x00,0x00,0x00,0x00,0x00,0x00,0x00,0x00,0x00,0x00,
    0x99,0x99,0x99,0x99,0x99,0x99,0x99,0x99,0x99,0x99,0x99,0x99,0x99,0x99,0x99,0x99,
    0x00,0x00,0x00,0x00,0x00,0x00,0x00,0x00,0x00,0x00,0x00,0x00,0x00,0x00,0x00,0x00,
    0x00,0x00,0x00,0x00,0x61,0x11,0x11,0x11,0x63,0x07,0xee,0x00,0x07,0x33,0x33,0x3f,
    0x00,0x55,0x55,0x44,0x44,0x44,0x44,0x44,0x07,0x33,0x33,0x00,0x99,0x99,0x99,0x99,
    0x99,0x99,0x99,0x99,0x99,0x99,0x99,0x99,0x99,0x99,0x99,0x99,0x77,0xf3,0x33,0x70,
    0x45,0x55,0x44,0x44,0x44,0x44,0x44,0x70,0x3d,0xd3,0x33,0x70,0x00,0x5e,0x70,0x36,
    0x61,0x11,0x11,0x11,0x1d,0x07,0xae,0x00,0x07,0xdd,0xdd,0x63,0x00,0x55,0x55,0x44,
    0x44,0x44,0x44,0x44,0x07,0xd6,0x63,0x00,0x99,0x99,0x99,0x99,0x99,0x99,0x99,0x99,
    0x99,0x99,0x99,0x99,0x99,0x99,0x99,0x99,0x07,0x3d,0xdd,0x70,0x55,0x55,0x44,0x44,
    0x44,0x44,0x44,0x70,0x36,0x6d,0xdd,0x70,0x00,0xea,0x70,0x31,0x11,0x11,0x11,0x11,
    0x1d,0x07,0xae,0x00,0x07,0xdd,0xdd,0xd3,0x07,0x61,0x16,0x44,0x44,0x44,0x55,0x55,
    0x07,0xdd,0xdb,0xbb,0x99,0x99,0x99,0x99,0x99,0x99,0x99,0x99,0x99,0x99,0x99,0x99,
    0x99,0x99,0x99,0x99,0xbb,0xdd,0xdd,0x70,0x61,0x16,0x54,0x44,0x44,0x55,0x55,0x70,
    0x36,0x6d,0xdd,0x70,0x00,0xea,0x70,0xb1,0x11,0x11,0x11,0x11,0x1d,0x07,0xae,0x00,
    0x07,0xd6,0x66,0x63,0x07,0x11,0x16,0x44,0x44,0x44,0xff,0xf5,0x00,0xbd,0xdb,0x99,
    0x99,0x99,0x99,0x99,0x99,0x99,0x99,0x99,0x99,0x99,0x99,0x99,0x99,0x99,0x99,0x99,
    0x99,0x6d,0x6d,0x70,0x61,0x11,0x54,0x44,0x44,0x5f,0xf5,0x70,0x36,0x66,0x6d,0x70,
    0x00,0xea,0x70,0xd1,0x11,0x11,0x11,0x11,0x1d,0x07,0xaa,0xe5,0x07,0x11,0x11,0x16,
    0x07,0xff,0xff,0x44,0x44,0x44,0xff,0xff,0x07,0x11,0x11,0x99,0x99,0x99,0x99,0x99,
    0x99,0x99,0x99,0x99,0x99,0x99,0x99,0x99,0x99,0x99,0x99,0x99,0x99,0x11,0x11,0x70,
    0xf3,0xff,0x44,0x44,0x44,0xff,0xff,0x70,0x61,0x11,0x11,0x70,0x5e,0xee,0x70,0xd1,
    0x11,0x11,0x11,0x11,0x1d,0x00,0xea,0xae,0x07,0x61,0x11,0x11,0x07,0xff,0xff,0x44,
    0x44,0x44,0xff,0xff,0x07,0x11,0x11,0x99,0x99,0x99,0x99,0x99,0x99,0x99,0x99,0x99,
    0x99,0x99,0x99,0x99,0x99,0x99,0x99,0x99,0x99,0x11,0x11,0x70,0x5f,0xf5,0x44,0x44,
    0x44,0xff,0xff,0x70,0x61,0x11,0x11,0x80,0xea,0xae,0x70,0xd1,0x11,0x11,0x11,0x11,
    0x1d,0x00,0xea,0x99,0x93,0x74,0x11,0x11,0x07,0xff,0xff,0xff,0xff,0xff,0xff,0xff,
    0x07,0x11,0x11,0x99,0x99,0x99,0x99,0x99,0x99,0x99,0x99,0x99,0x99,0x99,0x99,0x99,
    0x99,0x99,0x99,0x99,0x99,0x11,0x11,0x70,0x5f,0xff,0xff,0xff,0xff,0xff,0xff,0x70,
    0x61,0x11,0x47,0xb9,0x99,0xae,0x70,0xb1,0x11,0x11,0x11,0x11,0x13,0x07,0xea,0x99,
    0x9b,0x08,0x61,0x11,0x07,0xff,0xff,0xff,0xff,0xff,0xff,0xf5,0x08,0x11,0x11,0x99,
    0x99,0x99,0x99,0x99,0x99,0x99,0x99,0x99,0x99,0x99,0x99,0x99,0x99,0x99,0x99,0x99,
    0x99,0x11,0x11,0x80,0x55,0xff,0xff,0xff,0xff,0xff,0xff,0x77,0x11,0x11,0x80,0xb9,
    0x99,0xae,0x70,0xd1,0x11,0x11,0x11,0x11,0x16,0xf5,0x08,0x99,0x99,0xe5,0x08,0x11,
    0x16,0x07,0xff,0xff,0xff,0xff,0xff,0x07,0x61,0x11,0x19,0x99,0x99,0x99,0x99,0x99,
    0x99,0x99,0x99,0x99,0x99,0x99,0x99,0x99,0x99,0x99,0x99,0x99,0x99,0x91,0x11,0x16,
    0x70,0x5f,0xff,0xff,0xff,0xff,0x80,0xb1,0x11,0x47,0xea,0x99,0x99,0x80,0x55,0x61,
    0x11,0x61,0x11,0x11,0x16,0x35,0x08,0x99,0x99,0xae,0x08,0x11,0x11,0x77,0xff,0xff,
    0xff,0xff,0xff,0x77,0x11,0x11,0x99,0x99,0x99,0x99,0x99,0x99,0x99,0x99,0x99,0x99,
    0x99,0x99,0x99,0x99,0x99,0x99,0x99,0x99,0x99,0x99,0x11,0x11,0x77,0x5f,0xff,0xff,
    0xff,0xff,0x87,0x61,0x11,0x80,0xea,0x99,0x99,0x80,0x5f,0x61,0x11,0x16,0x11,0x11,
    0x16,0x63,0x08,0x99,0x99,0x9b,0xea,0xbb,0x11,0x1d,0x70,0x00,0x00,0x77,0x78,0x61,
    0x11,0x19,0x99,0x99,0x99,0x99,0x99,0x99,0x99,0x99,0x99,0x99,0x99,0x99,0x99,0x99,
    0x99,0x99,0x99,0x99,0x99,0x99,0x91,0x11,0x16,0x87,0x70,0x00,0x77,0x77,0xb1,0x11,
    0xba,0xee,0xb9,0x99,0x99,0x80,0x36,0x61,0x11,0x11,0x11,0x11,0x11,0x1d,0x08,0x99,
    0x99,0x99,0xaa,0xab,0x11,0x16,0x70,0x00,0x00,0x07,0x78,0x11,0x11,0x99,0x99,0x99,
    0x99,0x99,0x99,0x99,0x99,0x99,0x99,0x99,0x99,0x99,0x99,0x99,0x99,0x99,0x99,0x99,
    0x99,0x99,0x99,0x11,0x11,0x80,0x00,0x00,0x07,0x77,0x61,0x11,0xba,0xaa,0x99,0x99,
    0x99,0x80,0xd1,0x11,0x11,0x11,0x11,0x11,0x11,0x1d,0x08,0x99,0x99,0x99,0x99,0x99,
    0x99,0x99,0x99,0xbb,0xbb,0xbb,0x99,0x99,0x99,0x99,0x99,0x99,0x99,0x99,0x99,0x99,
    0x99,0x99,0x99,0x99,0x99,0x99,0x99,0x99,0x99,0x99,0x99,0x99,0x99,0x99,0x99,0x99,
    0x99,0x9b,0xbb,0xbb,0xbb,0x9b,0x99,0x99,0x99,0x99,0x99,0x99,0x91,0x80,0xd1,0x11,
    0x11,0x11,0x11,0x11,0x11,0x1d,0x78,0x69,0x99,0x99,0x99,0x99,0x99,0x99,0x99,0x99,
    0x99,0x99,0x99,0x99,0x99,0x99,0x99,0x99,0x99,0x99,0x99,0x99,0x99,0x99,0x99,0x99,
    0x99,0x99,0x99,0x99,0x99,0x99,0x99,0x99,0x99,0x99,0x99,0x99,0x99,0x99,0x99,0x99,
    0x99,0x99,0x99,0x99,0x99,0x99,0x99,0x99,0x99,0x80,0xd1,0x11,0x11,0x16,0x11,0x66,
    0x11,0x16,0xf5,0x78,0x99,0x99,0x99,0x99,0x99,0x99,0x99,0x99,0x99,0x99,0x99,0x99,
    0x99,0x99,0x99,0x99,0x99,0x99,0x99,0x99,0x99,0x99,0x99,0x99,0x99,0x99,0x99,0x99,
    0x99,0x99,0x99,0x99,0x99,0x99,0x99,0x99,0x99,0x99,0x99,0x99,0x99,0x99,0x99,0x99,
    0x99,0x99,0x99,0x99,0xaa,0x55,0x61,0x11,0x11,0x11,0x11,0xff,0x11,0x16,0x3f,0x07,
    0x99,0x99,0x99,0x99,0x99,0x99,0x99,0x99,0x99,0x99,0x99,0x99,0x99,0x99,0x99,0x99,
    0x99,0x99,0x99,0x99,0x99,0x99,0x99,0x99,0x99,0x99,0x99,0x99,0x99,0x99,0x99,0x99,
    0x99,0x99,0x99,0x99,0x99,0x99,0x99,0x99,0x99,0x99,0x99,0x99,0x99,0x99,0x99,0x99,
    0xae,0x5f,0x61,0x11,0x11,0x11,0x11,0xf5,0x11,0x11,0x13,0x07,0x99,0x99,0x99,0x99,
    0x99,0x99,0x99,0x99,0x99,0x99,0x99,0x99,0x99,0x99,0x99,0x99,0x99,0x99,0x99,0x99,
    0x99,0x99,0x99,0x99,0x99,0x99,0x99,0x99,0x99,0x99,0x99,0x99,0x99,0x99,0x99,0x99,
    0x99,0x99,0x99,0x99,0x99,0x99,0x99,0x99,0x99,0x99,0x99,0x99,0x80,0x36,0x11,0x11,
    0x11,0x11,0x11,0xf5,0x11,0x11,0x1d,0x07,0x99,0x99,0x99,0x99,0x99,0x99,0x99,0x99,
    0x99,0x99,0x99,0x99,0x99,0x99,0x99,0x99,0x99,0x99,0x99,0x99,0x99,0x99,0x99,0x99,
    0x99,0x99,0x99,0x99,0x99,0x99,0x99,0x99,0x99,0x99,0x99,0x99,0x99,0x99,0x99,0x99,
    0x99,0x99,0x99,0x99,0x99,0x99,0x99,0x99,0x70,0x36,0x11,0x11,0x11,0x11,0x11,0xf5,
    0x11,0x11,0x1d,0x07,0x99,0x99,0x99,0x99,0x99,0x99,0x99,0x99,0x99,0x99,0x99,0x99,
    0x99,0x99,0x99,0x99,0x99,0x99,0x99,0x99,0x99,0x99,0x99,0x99,0x99,0x99,0x99,0x99,
    0x99,0x99,0x99,0x99,0x99,0x99,0x99,0x99,0x99,0x99,0x99,0x99,0x99,0x99,0x99,0x99,
    0x99,0x99,0x99,0x99,0x70,0x36,0x11,0x11,0x11,0x16,0x11,0xf5,0x11,0x11,0x1d,0x78,
    0x99,0x99,0x99,0x99,0x99,0x99,0x99,0x99,0x99,0x99,0x99,0x99,0x99,0x99,0x99,0x99,
    0x99,0x99,0x99,0x99,0x99,0x99,0x99,0x99,0x99,0x99,0x99,0x99,0x99,0x99,0x99,0x99,
    0x99,0x99,0x99,0x99,0x99,0x99,0x99,0x99,0x99,0x99,0x99,0x99,0x99,0x99,0x99,0x96,
    0x80,0x31,0x61,0x11,0x11,0x16,0x66,0xff,0x11,0x11,0x16,0xf5,0x78,0x99,0x99,0x99,
    0x99,0x99,0x99,0x99,0x99,0x99,0x99,0x99,0x99,0x99,0x99,0x99,0x99,0x99,0x99,0x99,
    0x99,0x99,0x99,0x99,0x99,0x99,0x99,0x99,0x99,0x99,0x99,0x99,0x99,0x99,0x99,0x99,
    0x99,0x99,0x99,0x99,0x99,0x99,0x99,0x99,0x99,0x99,0x99,0x47,0x5f,0x61,0x11,0x11,
    0x11,0x16,0xff,0xd6,0x11,0x11,0x16,0x3f,0x07,0x99,0x99,0x99,0x99,0x99,0x99,0x99,
    0x99,0x99,0x99,0x99,0x99,0x99,0x99,0x99,0x99,0x99,0x99,0x99,0x99,0x99,0x99,0x99,
    0x99,0x99,0x99,0x99,0x99,0x99,0x99,0x99,0x99,0x99,0x99,0x99,0x99,0x99,0x99,0x99,
    0x99,0x99,0x99,0x99,0x99,0x99,0x99,0x80,0xf3,0x61,0x11,0x16,0x11,0x66,0xf5,0x61,
    0x11,0x16,0x11,0x1d,0x07,0x99,0x99,0x99,0x99,0x99,0x99,0x99,0x99,0x99,0x99,0x99,
    0x99,0x99,0x99,0x99,0x99,0x99,0x99,0x99,0x99,0x99,0x99,0x11,0x99,0x99,0x99,0x99,
    0x99,0x99,0x99,0x99,0x99,0x99,0x99,0x99,0x99,0x99,0x99,0x99,0x99,0x99,0x99,0x99,
    0x99,0x99,0x99,0x80,0xd1,0x11,0x11,0x11,0x11,0xff,0x55,0x61,0x11,0x11,0x11,0x1d,
    0x07,0x99,0x99,0x99,0x99,0x99,0x99,0x99,0x99,0x99,0x99,0x99,0x99,0x99,0x99,0x99,
    0x99,0x99,0x99,0x99,0x99,0x99,0x99,0x11,0x99,0x99,0x99,0x99,0x99,0x99,0x99,0x99,
    0x99,0x99,0x99,0x99,0x99,0x99,0x99,0x99,0x99,0x99,0x99,0x99,0x99,0x99,0x96,0x80,
    0x61,0x11,0x16,0x11,0x11,0xf5,0x55,0x61,0x11,0x11,0x11,0x16,0xf5,0x08,0x99,0x99,
    0x99,0x99,0x99,0x99,0x99,0x99,0x99,0x99,0x99,0x99,0x99,0x99,0x99,0x99,0x99,0x99,
    0x99,0x99,0x99,0x11,0x99,0x99,0x99,0x99,0x99,0x99,0x99,0x99,0x99,0x99,0x99,0x99,
    0x99,0x99,0x99,0x99,0x99,0x99,0x99,0x99,0x99,0x99,0x80,0x55,0x61,0x11,0x16,0x11,
    0x3f,0x80,0x31,0x61,0x66,0x11,0x11,0x16,0x3f,0x07,0x99,0x99,0x99,0x99,0x99,0x99,
    0x99,0x99,0x99,0x99,0x99,0x99,0x99,0x99,0x99,0x99,0x99,0x99,0x99,0x99,0x99,0x11,
    0x99,0x99,0x99,0x99,0x99,0x99,0x99,0x99,0x99,0x99,0x99,0x99,0x99,0x99,0x99,0x99,
    0x99,0x99,0x99,0x99,0x99,0x99,0x70,0x5f,0x61,0x11,0x16,0x66,0xf5,0x87,0xb1,0x11,
    0xf3,0x11,0x11,0x16,0x6d,0x07,0x99,0x99,0x99,0x99,0x99,0x99,0x99,0x99,0x99,0x99,
    0x99,0x99,0x99,0x99,0x99,0x99,0x99,0x99,0x99,0x99,0x99,0x11,0x99,0x99,0x99,0x99,
    0x99,0x99,0x99,0x99,0x99,0x99,0x99,0x99,0x99,0x99,0x99,0x99,0x99,0x99,0x99,0x99,
    0x99,0x99,0x70,0x36,0x61,0x11,0x11,0xff,0x77,0x36,0x66,0x11,0x5f,0x66,0x11,0x16,
    0x1d,0x78,0xb9,0x99,0x99,0x99,0x99,0x99,0x99,0x99,0x99,0x99,0x99,0x99,0x99,0x99,
    0x99,0x99,0x99,0x99,0x99,0x99,0x99,0x11,0x99,0x99,0x99,0x99,0x99,0x99,0x99,0x99,
    0x99,0x99,0x99,0x99,0x99,0x99,0x99,0x99,0x99,0x99,0x99,0x99,0x99,0x9b,0x87,0x31,
    0x11,0x11,0x11,0xf5,0x70,0xd1,0x11,0x6d,0x08,0xf3,0x11,0x66,0x66,0x63,0x08,0x99,
    0x99,0x99,0x99,0x99,0x99,0x99,0x99,0x99,0x99,0x99,0x99,0x99,0x99,0x99,0x99,0x99,
    0x99,0x99,0x99,0x99,0x99,0x99,0x99,0x99,0x99,0x99,0x99,0x99,0x99,0x99,0x99,0x99,
    0x99,0x99,0x99,0x99,0x99,0x99,0x99,0x99,0x99,0x87,0x36,0x66,0x61,0x11,0x33,0x80,
    0x00,0xd1,0x11,0x40,0x07,0x5f,0x66,0x66,0x11,0x1d,0x78,0x99,0x99,0x99,0x99,0x99,
    0x99,0x99,0x99,0x99,0x99,0x99,0x99,0x99,0x99,0x99,0x99,0x99,0x99,0x99,0x99,0x99,
    0x99,0x99,0x99,0x99,0x99,0x99,0x99,0x99,0x99,0x99,0x99,0x99,0x99,0x99,0x99,0x99,
    0x99,0x99,0x99,0x99,0x96,0x87,0xd1,0x16,0x66,0x66,0xff,0x70,0x07,0xd1,0x66,0x80,
    0x00,0x00,0x08,0x61,0x11,0x11,0x63,0x08,0x99,0x99,0x99,0x99,0x99,0x99,0x99,0x99,
    0x99,0x99,0x99,0x99,0x99,0x99,0x99,0x99,0x99,0x99,0x99,0x77,0x99,0x99,0x99,0x99,
    0x99,0x99,0x99,0x99,0x99,0x99,0x99,0x99,0x99,0x99,0x99,0x99,0x99,0x99,0x99,0x99,
    0x80,0x36,0x11,0x11,0x16,0x80,0x77,0x00,0x36,0x11,0x47,0x88,0x00,0x00,0x07,0xd6,
    0x66,0x11,0x1d,0x07,0xb9,0x99,0x99,0x99,0x99,0x99,0x99,0x99,0x99,0x99,0x99,0x99,
    0x99,0x99,0x99,0x99,0x99,0x99,0x99,0x00,0x99,0x99,0x99,0x99,0x99,0x99,0x99,0x99,
    0x99,0x99,0x99,0x99,0x99,0x99,0x99,0x99,0x99,0x99,0x99,0x96,0x70,0xd1,0x11,0x66,
    0x66,0x70,0x00,0x00,0xd1,0x66,0x80,0x44,0xf5,0x00,0x00,0x00,0x08,0x11,0x11,0x1d,
    0x07,0x99,0x99,0x99,0x99,0x99,0x99,0x99,0x99,0x99,0x99,0x99,0x99,0x99,0x99,0x99,
    0x99,0x99,0x99,0x00,0x99,0x99,0x99,0x99,0x99,0x99,0x99,0x99,0x99,0x99,0x99,0x99,
    0x99,0x99,0x99,0x99,0x99,0x99,0x99,0x80,0xd1,0x11,0x11,0x80,0x00,0x00,0x00,0x5f,
    0x66,0x80,0x00,0x2c,
};

const lv_image_dsc_t enco_face_eyes_half = {
    .header.magic = LV_IMAGE_HEADER_MAGIC,
    .header.cf = LV_COLOR_FORMAT_I4,
    .header.flags = 0,
    .header.w = 120,
    .header.h = 59,
    .header.stride = 60,
    .data_size = sizeof(enco_face_eyes_half_map),
    .data = enco_face_eyes_half_map,
};

// enco_face_eyes_shut: 120x59 I4, 3604 bytes (64 palette + 3540 bitmap)
static const LV_ATTRIBUTE_LARGE_CONST uint8_t enco_face_eyes_shut_map[] __attribute__((aligned(4))) = {
    0x21,0x11,0x0c,0xff,0xe9,0xe7,0xe4,0xff,0xba,0x96,0x73,0xff,0xb6,0xaa,0x9f,0xff,
    0x5f,0x50,0x47,0xff,0x86,0x79,0x6e,0xff,0xd8,0xd2,0xcb,0xff,0x3d,0x29,0x21,0xff,
    0x45,0x39,0x36,0xff,0xc0,0xd1,0xeb,0xff,0x89,0x97,0xc3,0xff,0xaf,0xb4,0xc4,0xff,
    0xce,0xa8,0x80,0xff,0xd1,0xbd,0xa9,0xff,0x84,0x88,0xa3,0xff,0xa0,0x94,0x89,0xff,
    0x07,0xcc,0xcd,0x11,0x11,0x11,0x11,0x16,0xc2,0x77,0x08,0x66,0x11,0x11,0x16,0x88,
    0xee,0xae,0x77,0xb6,0x11,0x16,0x87,0xee,0x07,0x61,0x11,0x11,0x11,0x11,0x11,0x16,
    0x87,0x00,0xd1,0x11,0x11,0x16,0x87,0xee,0xaa,0x99,0x99,0x99,0x99,0x99,0x99,0x99,
    0xee,0x77,0x23,0x61,0x11,0xcc,0xc2,0x70,0xd1,0x11,0x11,0x11,0x07,0x2c,0xc3,0x11,
    0x11,0x11,0x11,0x16,0x2f,0x00,0x08,0x11,0x11,0x66,0x1d,0x00,0xaa,0xae,0x00,0x61,
    0x11,0x16,0x70,0xee,0x07,0x61,0x11,0x11,0x11,0x11,0x11,0x16,0x70,0x00,0xd1,0x11,
    0x11,0x16,0x70,0xea,0xaa,0x99,0x99,0x99,0x99,0x99,0x99,0x99,0xaa,0x70,0x2c,0x61,
    0x11,0xcc,0xc2,0x70,0xd1,0x11,0x11,0x11,0x07,0x2c,0xc3,0x11,0x11,0x11,0x16,0xd2,
    0x70,0x00,0x07,0x61,0x11,0x16,0x88,0xee,0xaa,0xae,0x00,0x61,0x16,0x88,0xee,0xaa,
    0x55,0x61,0x11,0x11,0x11,0x11,0x16,0x3f,0x00,0x00,0xd1,0x11,0x11,0x16,0x70,0xea,
    0xaa,0x99,0x99,0x99,0x99,0x99,0x99,0x99,0xaa,0x70,0x2c,0xc3,0x61,0xcc,0xcc,0x70,
    0xd1,0x11,0x11,0x11,0x07,0x2c,0xc3,0x11,0x11,0x11,0x16,0xd2,0x00,0x00,0x08,0x11,
    0x11,0x6d,0x00,0xea,0xaa,0xae,0x77,0x61,0x16,0x00,0xaa,0xae,0xff,0x61,0x11,0x11,
    0x11,0x11,0x16,0x2f,0x00,0x07,0xd1,0x11,0x16,0x16,0x80,0xaa,0xaa,0x99,0x99,0x99,
    0x99,0x99,0x99,0x99,0xaa,0x80,0x5c,0xc2,0x61,0xcc,0xcc,0x70,0xd1,0x11,0x11,0x11,
    0x07,0x2c,0xcd,0x11,0x11,0x11,0x11,0xd2,0x00,0x07,0xf3,0x11,0x16,0x87,0x00,0xea,
    0xaa,0x88,0x36,0x16,0x3f,0x00,0xaa,0x77,0x66,0x11,0x11,0x11,0x11,0x11,0xd3,0x87,
    0x00,0x36,0x61,0x11,0x16,0x48,0xee,0xaa,0xb9,0x99,0x99,0x99,0x99,0x99,0x99,0x99,
    0x99,0xae,0x87,0x2c,0xcc,0xcc,0xcc,0x70,0xd1,0x11,0x11,0x11,0x07,0x2c,0xcd,0x11,
    0x11,0x11,0x66,0xcf,0x00,0x07,0x3d,0x11,0x16,0x70,0x07,0xee,0xaf,0x07,0x61,0x16,
    0xf5,0x07,0xaa,0x00,0x61,0x11,0x66,0x66,0x11,0x16,0x32,0x70,0x07,0x61,0x11,0x66,
    0x66,0x70,0xeb,0xaa,0xb9,0x99,0x99,0x99,0x99,0x99,0x99,0x99,0x99,0xba,0x80,0x52,
    0x2c,0xcc,0xcc,0x70,0xd1,0x11,0x11,0x11,0x07,0x2c,0xcc,0xdd,0x11,0x16,0xcf,0x77,
    0xe5,0x07,0x23,0x11,0xdf,0x70,0x00,0x77,0x77,0x07,0x61,0x16,0x70,0xee,0xaa,0x00,
    0x61,0x11,0x16,0x11,0x11,0x3f,0x87,0x00,0x07,0x61,0x11,0x16,0x33,0x70,0xea,0x87,
    0x77,0x77,0x77,0x77,0x77,0x77,0x77,0x78,0xab,0xba,0xae,0x87,0x2c,0xcc,0xcc,0x70,
    0xd1,0x11,0x11,0x11,0x07,0xcc,0xcc,0xc3,0x11,0x6d,0xf5,0x07,0xae,0x07,0x23,0x66,
    0x3f,0x70,0x00,0x00,0x00,0x08,0x61,0x66,0x00,0xea,0xaf,0x77,0x61,0x11,0x11,0x66,
    0x16,0xf5,0x70,0x00,0x07,0x61,0x11,0x16,0x2f,0x77,0xef,0x70,0x00,0x00,0x00,0x00,
    0x00,0x00,0x00,0x00,0xeb,0xba,0xab,0x70,0x2c,0xcc,0xcc,0x70,0xd1,0x11,0x11,0x11,
    0x07,0xcc,0xcc,0xc3,0x11,0xdf,0x77,0xea,0xae,0x07,0x2c,0x33,0x78,0xee,0xee,0xe5,
    0x07,0xf2,0xdf,0x87,0xee,0xae,0x77,0x5f,0x11,0x11,0x16,0x3c,0xc2,0x77,0xee,0x00,
    0xb6,0x61,0x16,0xd2,0x87,0x00,0x77,0x00,0x00,0xee,0xee,0xee,0xee,0xee,0xee,0xee,
    0x87,0x77,0x5e,0x70,0x2c,0xcc,0xcc,0x70,0xd1,0x11,0x11,0x11,0x07,0xcc,0xcc,0xcc,
    0x16,0x3f,0x00,0xab,0xbf,0x07,0xcc,0x2f,0x07,0xaa,0xaa,0xae,0x00,0x2c,0x3f,0x00,
    0xaa,0xae,0x00,0xf3,0x11,0x11,0x16,0xcc,0x2f,0x00,0xef,0x70,0x61,0x11,0x16,0x32,
    0x70,0x00,0x00,0x00,0x07,0xea,0xaa,0xaa,0xaa,0xaa,0xaa,0xaa,0x70,0x00,0x5e,0x70,
    0x2c,0xcc,0xc2,0x70,0xd1,0x11,0x11,0x11,0x07,0xcc,0xcc,0xcc,0xc2,0x78,0xee,0xae,
    0x78,0xf2,0xcf,0x00,0xee,0xaa,0x99,0x9b,0x00,0x2f,0x77,0xea,0xaa,0xae,0x07,0xd6,
    0x11,0x11,0xdc,0xc2,0x77,0xee,0x77,0xff,0x61,0x16,0xd3,0x70,0x00,0x07,0xea,0xbb,
    0xbb,0x99,0x99,0x99,0x99,0x99,0x99,0x99,0x9b,0xbb,0xaa,0xee,0x77,0x2c,0xc2,0x70,
    0xd1,0x11,0x11,0x11,0x07,0xcc,0xcc,0xcc,0x25,0x08,0xaa,0xae,0x07,0x33,0x3f,0x00,
    0xaa,0xaa,0x99,0x9b,0x00,0xf5,0x00,0xaa,0xaa,0xae,0x07,0x61,0x11,0x16,0xc2,0x2f,
    0x00,0xaa,0x00,0xf3,0x61,0x16,0x3f,0x70,0x00,0x07,0xaa,0x99,0x99,0x99,0x99,0x99,
    0x99,0x99,0x99,0x99,0x99,0x99,0xaa,0xaa,0x70,0x52,0xcc,0x70,0xd1,0x11,0x11,0x11,
    0x07,0xcc,0xcc,0xc2,0x78,0xea,0xaa,0xae,0x00,0x77,0x78,0xee,0xaa,0x99,0x99,0x87,
    0x00,0x84,0xee,0x99,0x99,0xbe,0x07,0x66,0xdc,0xd3,0x87,0x77,0xee,0xaa,0x00,0x66,
    0x16,0xd2,0x87,0xee,0xee,0xab,0x99,0x99,0x99,0x99,0x99,0x99,0x99,0x99,0x99,0x99,
    0x99,0x99,0x99,0xaa,0xee,0x87,0x2c,0x70,0xd1,0x11,0x11,0x11,0x07,0xcc,0xcc,0x25,
    0x07,0xaa,0xaa,0xae,0x00,0x00,0x08,0xaa,0xaa,0x99,0x9b,0x70,0x77,0x78,0xaa,0x99,
    0x99,0xbf,0x77,0xd6,0xcc,0xcf,0x70,0x00,0xaa,0xae,0x77,0x61,0x6d,0x2f,0x70,0xaa,
    0xba,0x99,0x99,0x99,0x99,0x99,0x99,0x99,0x99,0x99,0x99,0x99,0x99,0x99,0x99,0xaa,
    0xaa,0x70,0x52,0x70,0xd1,0x11,0x11,0x11,0x07,0xcc,0xc2,0x77,0xee,0xaa,0xaa,0x9b,
    0xee,0xee,0xee,0xaa,0x99,0x99,0x99,0xee,0xee,0xee,0x99,0x99,0x99,0x88,0x22,0xcc,
    0xc2,0x78,0xee,0xee,0xae,0x77,0x52,0xc2,0x77,0x77,0xee,0xaa,0x99,0x99,0x99,0x99,
    0x99,0x99,0x99,0x99,0x99,0x99,0x99,0x99,0x99,0x99,0x99,0x99,0xaa,0x70,0x77,0x00,
    0xd1,0x11,0x11,0x11,0x07,0xcc,0xcf,0x00,0xaa,0xaa,0xaa,0x99,0xaa,0xaa,0xaa,0xaa,
    0x99,0x99,0x99,0xaa,0xaa,0xaa,0x99,0x99,0x99,0x07,0x2c,0x22,0x2f,0x00,0xaa,0xaa,
    0xee,0x77,0x2c,0x2f,0x00,0x00,0xea,0xaa,0x99,0x99,0x99,0x99,0x99,0x99,0x99,0x99,
    0x99,0x99,0x99,0x99,0x99,0x99,0x99,0x99,0xaa,0x80,0x00,0x00,0xd1,0x11,0x11,0x11,
    0x07,0xc2,0x78,0xae,0xaa,0xaa,0x99,0x99,0x99,0x99,0x99,0x99,0x99,0x99,0x99,0x99,
    0x99,0x99,0x99,0x99,0xaa,0x00,0x77,0x77,0x77,0xee,0xaa,0xaa,0x77,0x22,0xcc,0x77,
    0xee,0xee,0xaa,0x99,0x99,0x99,0x99,0x99,0x99,0x99,0x99,0x99,0x99,0x99,0x99,0x99,
    0x99,0x99,0x99,0x99,0xaa,0xee,0x70,0x00,0xd1,0x11,0x11,0x11,0x07,0x25,0x08,0xaa,
    0xaa,0xaa,0x99,0x99,0x99,0x99,0x99,0x99,0x99,0x99,0x99,0x99,0x99,0x99,0x99,0x99,
    0xaa,0x70,0x00,0x00,0x00,0xea,0xaa,0xaa,0x07,0x2c,0xcf,0x70,0xaa,0xaa,0xaa,0x99,
    0x99,0x99,0x99,0x99,0x99,0x99,0x99,0x99,0x99,0x99,0x99,0x99,0x99,0x99,0x99,0x99,
    0xaa,0xaa,0x70,0x00,0xd1,0x11,0x11,0x11,0x00,0x07,0xea,0xaa,0xaa,0x99,0x99,0x99,
    0x99,0x99,0x99,0x99,0x99,0x99,0xaa,0xaa,0xaa,0x99,0x99,0x99,0xaa,0xee,0xee,0xee,
    0xee,0xaa,0x99,0x99,0x70,0x77,0x77,0xea,0xaa,0x99,0x99,0x99,0x99,0x99,0x99,0xaa,
    0xaa,0xaa,0x99,0x99,0x99,0x99,0x99,0x99,0x99,0x99,0x99,0x99,0xaa,0xaa,0x70,0x00,
    0xd1,0x11,0x11,0x11,0x00,0x07,0xaa,0xaa,0xaa,0x99,0x99,0x99,0x99,0x99,0x99,0x99,
    0x99,0x99,0xaa,0xaa,0xaa,0x99,0x99,0x99,0xaa,0xaa,0xaa,0xaa,0xaa,0xaa,0x99,0x99,
    0x70,0x00,0x00,0xea,0xaa,0x99,0x99,0x99,0x99,0x99,0x99,0xaa,0xaa,0xaa,0x99,0x99,
    0x99,0x99,0x99,0x99,0x99,0x99,0x99,0x99,0xaa,0xaa,0x70,0x00,0xd1,0x11,0x11,0x11,
    0x00,0x07,0xaa,0xaa,0x99,0x99,0x99,0x99,0x99,0x99,0x99,0x99,0x99,0x99,0x99,0x99,
    0x99,0xaa,0xaa,0x99,0xaa,0xaa,0xaa,0xaa,0xaa,0x99,0x99,0xaa,0xae,0xee,0xee,0xaa,
    0x99,0x99,0x99,0x99,0x99,0xba,0xaa,0x99,0x99,0x99,0x99,0x99,0x99,0x99,0x99,0x99,
    0x99,0x99,0x99,0x99,0x99,0xaa,0x70,0x00,0xd1,0x11,0x11,0x11,0x00,0x07,0xaa,0xab,
    0x99,0x99,0x99,0x99,0x99,0x99,0x99,0x99,0x99,0x99,0x99,0x99,0x99,0xaa,0xaa,0x99,
    0xaa,0xaa,0xaa,0xaa,0xaa,0x99,0x99,0xaa,0xaa,0xaa,0xaa,0xaa,0x99,0x99,0x99,0x99,
    0x99,0xaa,0xaa,0x99,0x99,0x99,0x99,0x99,0x99,0x99,0x99,0x99,0x99,0x99,0x99,0x99,
    0x99,0xba,0x70,0x00,0xd1,0x11,0x11,0x11,0x00,0x07,0xaa,0x99,0x99,0x99,0x99,0x99,
    0x99,0x99,0x99,0x99,0x99,0x99,0x99,0x99,0x99,0x99,0xaa,0xaa,0x99,0x99,0x99,0x99,
    0x99,0x99,0x99,0x99,0x99,0x99,0x99,0x99,0x99,0x99,0x99,0x99,0xaa,0xaa,0x99,0x99,
    0x99,0x99,0x99,0x99,0x99,0x99,0x99,0x99,0x99,0x99,0x99,0x99,0x99,0xba,0x70,0x00,
    0xd1,0x11,0x11,0x11,0x00,0x07,0xaa,0x99,0x99,0x99,0x99,0x99,0x99,0x99,0x99,0x99,
    0x99,0x99,0x99,0x99,0x99,0x99,0xaa,0xaa,0x99,0x99,0x99,0x99,0x99,0x99,0x99,0x99,
    0x99,0x99,0x99,0x99,0x99,0x99,0x99,0x99,0xaa,0xaa,0x99,0x99,0x99,0x99,0x99,0x99,
    0x99,0x99,0x99,0x99,0x99,0x99,0x99,0x99,0x99,0xba,0x70,0x00,0xd1,0x11,0x11,0x11,
    0x00,0x07,0xaa,0x99,0x99,0x99,0x99,0x99,0x99,0x99,0x99,0x99,0x99,0x99,0x99,0x99,
    0x99,0x99,0x99,0xaa,0x99,0x99,0x99,0x99,0x99,0x99,0x99,0x99,0x99,0x99,0x99,0x99,
    0x99,0x99,0x99,0x99,0xaa,0x99,0x99,0x99,0x99,0x99,0x99,0x99,0x99,0x99,0x99,0x99,
    0x99,0x99,0x99,0x99,0x99,0xba,0x70,0x00,0xd1,0x11,0x11,0x11,0x00,0x07,0xab,0x99,
    0x99,0x99,0x99,0x99,0x99,0x99,0x99,0x99,0x99,0x99,0x99,0x99,0x99,0x99,0x99,0xaa,
    0x99,0x99,0x99,0x99,0x99,0x99,0x99,0x99,0x99,0x99,0x99,0x99,0x99,0x99,0x99,0x99,
    0xaa,0x99,0x99,0x99,0x99,0x99,0x99,0x99,0x99,0x99,0x99,0x99,0x99,0x99,0x99,0x99,
    0x99,0xba,0x70,0x00,0xd1,0x11,0x11,0x11,0x6f,0x08,0xaa,0x99,0x99,0x99,0x99,0x99,
    0x99,0x99,0x99,0x99,0x99,0x99,0x99,0x99,0x99,0x99,0x99,0x99,0x99,0x99,0x99,0x99,
    0x99,0x99,0x99,0x99,0x99,0x99,0x99,0x99,0x99,0x99,0x99,0x99,0x99,0x99,0x99,0x99,
    0x99,0x99,0x99,0x99,0x99,0x99,0x99,0x99,0x99,0x99,0x99,0x99,0x99,0xba,0x70,0xfd,
    0x61,0x11,0x11,0x11,0x13,0x08,0xaa,0x99,0x99,0x99,0x99,0x99,0x99,0x99,0x99,0x99,
    0x99,0x99,0x99,0x99,0x99,0x99,0x99,0x99,0x99,0x99,0x99,0x99,0x99,0x99,0x99,0x99,
    0x99,0x99,0x99,0x99,0x99,0x99,0x99,0x99,0x99,0x99,0x99,0x99,0x99,0x99,0x99,0x99,
    0x99,0x99,0x99,0x99,0x99,0x99,0x99,0x99,0x99,0xba,0x70,0x36,0x61,0x11,0x11,0x11,
    0x13,0x08,0xaa,0x99,0xaa,0xbb,0x99,0x99,0x99,0x99,0x99,0x99,0x99,0x99,0x99,0x99,
    0x99,0x99,0x99,0x99,0x99,0x99,0x99,0x99,0x99,0x99,0x99,0x99,0x99,0x99,0x99,0x99,
    0x99,0x99,0x99,0x99,0x99,0x99,0x99,0x99,0x99,0x99,0x99,0x99,0x99,0x99,0x99,0x99,
    0x99,0x99,0xba,0xab,0x99,0xaa,0x70,0x31,0x11,0x11,0x11,0x11,0x1d,0x08,0xaa,0x99,
    0xaa,0xaa,0x99,0x99,0x99,0x99,0x99,0x99,0x99,0x99,0x99,0x99,0x99,0x99,0x99,0x99,
    0x99,0x99,0x99,0x99,0x99,0x99,0x99,0x99,0x99,0x99,0x99,0x99,0x99,0x99,0x99,0x99,
    0x99,0x99,0x99,0x99,0x99,0x99,0x99,0x99,0x99,0x99,0x99,0x99,0x99,0xbb,0xaa,0xaa,
    0x99,0xaa,0x70,0x31,0x11,0x11,0x11,0x11,0x1d,0x08,0xab,0x9b,0x77,0x77,0x78,0xab,
    0x99,0x99,0x99,0x99,0x99,0x99,0x99,0x99,0x99,0x99,0xbb,0xaa,0x99,0x99,0x99,0x99,
    0x99,0x99,0x99,0x99,0x99,0x99,0x99,0x99,0x99,0x99,0x99,0x99,0xaa,0xbb,0x99,0x99,
    0x99,0x99,0x99,0x99,0x99,0x99,0x99,0x99,0xba,0x87,0x77,0x77,0xb9,0xaa,0x70,0xb1,
    0x11,0x11,0x11,0x11,0x1d,0x08,0xab,0x9b,0x00,0x00,0x00,0xea,0x99,0x99,0x99,0x99,
    0x99,0x99,0x99,0x99,0x99,0x99,0xba,0xaa,0x99,0x99,0x99,0x99,0x99,0x99,0x99,0x99,
    0x99,0x99,0x99,0x99,0x99,0x99,0x99,0x99,0xaa,0xaa,0x99,0x99,0x99,0x99,0x99,0x99,
    0x99,0x99,0x99,0x99,0xae,0x70,0x00,0x00,0xb9,0xaa,0x70,0xd1,0x11,0x11,0x11,0x11,
    0x1d,0x07,0xae,0x77,0x00,0x00,0x00,0x77,0x78,0xab,0x99,0x99,0x99,0x99,0x99,0xba,
    0xaa,0x87,0x77,0x78,0x99,0x99,0x99,0x99,0x99,0x99,0x99,0x99,0x99,0x99,0x99,0x99,
    0x99,0x99,0x99,0x99,0x77,0x77,0x78,0xea,0xab,0x99,0x99,0x99,0x99,0x99,0xba,0x88,
    0x77,0x00,0x00,0x00,0x77,0xea,0x70,0xd1,0x11,0x11,0x11,0x11,0x13,0x08,0xae,0x00,
    0x00,0x00,0x00,0x00,0x07,0xea,0x99,0x99,0x99,0x99,0x99,0xba,0xae,0x00,0x00,0x07,
    0x99,0x99,0x99,0x99,0x99,0x99,0x99,0x99,0x99,0x99,0x99,0x99,0x99,0x99,0x99,0x99,
    0x00,0x00,0x00,0xea,0xaa,0x99,0x99,0x99,0x99,0x99,0xbf,0x70,0x00,0x00,0x00,0x00,
    0x00,0xe3,0x70,0xd1,0x11,0x11,0x11,0x11,0x16,0xf5,0x78,0xbb,0xbb,0xbf,0x00,0x00,
    0x00,0x70,0x00,0x07,0x70,0x00,0x07,0x77,0x00,0x07,0x99,0x99,0x99,0x99,0x99,0x99,
    0x99,0x99,0x99,0x99,0x99,0x99,0x99,0x99,0x99,0x99,0x99,0x99,0xb9,0x9b,0x70,0x00,
    0x07,0x70,0x00,0x77,0x77,0x00,0x00,0x00,0x00,0x00,0xab,0xbb,0xbb,0x87,0x55,0x61,
    0x11,0x11,0x11,0x11,0x16,0x3f,0x08,0x99,0x99,0x9b,0x77,0x77,0x77,0x00,0x00,0x00,
    0x00,0x00,0x00,0x00,0x77,0x08,0x99,0x99,0x99,0x99,0x99,0x99,0x99,0x99,0x99,0x99,
    0x99,0x99,0x99,0x99,0x99,0x99,0x99,0x99,0x99,0x19,0x80,0x07,0x00,0x00,0x00,0x00,
    0x00,0x00,0x00,0x77,0x77,0x07,0xb9,0x99,0x99,0x80,0x5f,0x61,0x11,0x11,0x11,0x11,
    0x16,0x63,0x08,0x99,0x99,0xaa,0xaa,0x99,0x9b,0x00,0x00,0x00,0x00,0x00,0x00,0x07,
    0x99,0x99,0x99,0x99,0x99,0x99,0x99,0x99,0x99,0x99,0x99,0x99,0x99,0x99,0x99,0x99,
    0x99,0x99,0x99,0x99,0x99,0x99,0x9b,0xb9,0x70,0x00,0x00,0x00,0x00,0x00,0x00,0xb9,
    0x99,0xae,0xaa,0x99,0x99,0x80,0x36,0x61,0x11,0x11,0x11,0x11,0x11,0x1d,0x08,0x99,
    0x99,0xaa,0xab,0x99,0x9b,0x70,0x00,0x07,0x77,0x77,0x00,0x08,0x99,0x99,0x99,0x99,
    0x99,0x99,0x99,0x99,0x99,0x99,0x99,0x99,0x99,0x99,0x99,0x99,0x99,0x99,0x99,0x99,
    0x99,0x99,0x99,0x99,0x80,0x07,0x77,0x77,0x77,0x77,0x07,0x99,0x99,0xba,0xaa,0x99,
    0x99,0x80,0xb1,0x11,0x11,0x11,0x11,0x11,0x11,0x1d,0x07,0x99,0x99,0x99,0x99,0x99,
    0x99,0xbb,0xbb,0xbb,0xbb,0xbb,0xbb,0xbb,0x99,0x99,0x99,0x99,0x99,0x99,0x99,0x99,
    0x99,0x99,0x99,0x99,0x99,0x99,0x99,0x99,0x99,0x99,0x99,0x99,0x99,0x99,0x99,0x99,
    0xbb,0xbb,0xbb,0xbb,0xbb,0xbb,0xbb,0x99,0x99,0x99,0x99,0x99,0x99,0x80,0xb1,0x11,
    0x11,0x11,0x11,0x11,0x11,0x1d,0x08,0xb9,0x99,0x99,0x99,0x99,0x99,0x99,0x99,0x99,
    0x99,0x99,0x99,0x99,0x99,0x99,0x99,0x99,0x99,0x99,0x99,0x99,0x99,0x99,0x99,0x99,
    0x99,0x99,0x99,0x99,0x99,0x99,0x99,0x99,0x99,0x99,0x99,0x99,0x99,0x99,0x99,0x99,
    0x99,0x99,0x99,0x99,0x99,0x99,0x99,0x99,0x99,0x80,0xb1,0x11,0x11,0x11,0x11,0x66,
    0x11,0x16,0xf5,0x78,0x99,0x99,0x99,0x99,0x99,0x99,0x99,0x99,0x99,0x99,0x99,0x99,
    0x99,0x99,0x99,0x99,0x99,0x99,0x99,0x99,0x99,0x99,0x99,0x99,0x99,0x99,0x99,0x99,
    0x99,0x99,0x99,0x99,0x99,0x99,0x99,0x99,0x99,0x99,0x99,0x99,0x99,0x99,0x99,0x99,
    0x99,0x99,0x99,0x99,0xaa,0x55,0x61,0x11,0x11,0x11,0x11,0xff,0x11,0x16,0x3f,0x07,
    0x99,0x99,0x99,0x99,0x99,0x99,0x99,0x99,0x99,0x99,0x99,0x99,0x99,0x99,0x99,0x99,
    0x99,0x99,0x99,0x99,0x99,0x99,0x99,0x99,0x99,0x99,0x99,0x99,0x99,0x99,0x99,0x99,
    0x99,0x99,0x99,0x99,0x99,0x99,0x99,0x99,0x99,0x99,0x99,0x99,0x99,0x99,0x99,0x99,
    0xbe,0x55,0x61,0x11,0x11,0x11,0x11,0xf5,0x11,0x11,0x13,0x07,0x99,0x99,0x99,0x99,
    0x99,0x99,0x99,0x99,0x99,0x99,0x99,0x99,0x99,0x99,0x99,0x99,0x99,0x99,0x99,0x99,
    0x99,0x99,0x99,0x99,0x99,0x99,0x99,0x99,0x99,0x99,0x99,0x99,0x99,0x99,0x99,0x99,
    0x99,0x99,0x99,0x99,0x99,0x99,0x99,0x99,0x99,0x99,0x99,0x99,0x80,0x3d,0x61,0x11,
    0x16,0x11,0x11,0xf5,0x11,0x11,0x1d,0x07,0x99,0x99,0x99,0x99,0x99,0x99,0x99,0x99,
    0x99,0x99,0x99,0x99,0x99,0x99,0x99,0x99,0x99,0x99,0x99,0x99,0x99,0x99,0x99,0x99,
    0x99,0x99,0x99,0x99,0x99,0x99,0x99,0x99,0x99,0x99,0x99,0x99,0x99,0x99,0x99,0x99,
    0x99,0x99,0x99,0x99,0x99,0x99,0x99,0x99,0x70,0x36,0x66,0x66,0x16,0x66,0x11,0xf5,
    0x11,0x11,0x1d,0x07,0x99,0x99,0x99,0x99,0x99,0x99,0x99,0x99,0x99,0x99,0x99,0x99,
    0x99,0x99,0x99,0x99,0x99,0x99,0x99,0x99,0x99,0x99,0x99,0x99,0x99,0x99,0x99,0x99,
    0x99,0x99,0x99,0x99,0x99,0x99,0x99,0x99,0x99,0x99,0x99,0x99,0x99,0x99,0x99,0x99,
    0x99,0x99,0x99,0x91,0x70,0x31,0x66,0x66,0x66,0x66,0x11,0xf5,0x11,0x11,0x1d,0x78,
    0x99,0x99,0x99,0x99,0x99,0x99,0x99,0x99,0x99,0x99,0x99,0x99,0x99,0x99,0x99,0x99,
    0x99,0x99,0x99,0x99,0x99,0x99,0x99,0x99,0x99,0x99,0x99,0x99,0x99,0x99,0x99,0x99,
    0x99,0x99,0x99,0x99,0x99,0x99,0x99,0x99,0x99,0x99,0x99,0x99,0x99,0x99,0x99,0x96,
    0x80,0xb1,0x16,0x66,0x66,0x66,0x66,0xff,0x11,0x11,0x16,0xf5,0x78,0x99,0x99,0x99,
    0x99,0x99,0x99,0x99,0x99,0x99,0x99,0x99,0x99,0x99,0x99,0x99,0x99,0x99,0x99,0x99,
    0x99,0x99,0x99,0x99,0x99,0x99,0x99,0x99,0x99,0x99,0x99,0x99,0x99,0x99,0x99,0x99,
    0x99,0x99,0x99,0x99,0x99,0x99,0x99,0x99,0x99,0x99,0x99,0x87,0x5f,0x61,0x16,0x66,
    0x66,0x16,0xf5,0xd6,0x11,0x11,0x16,0x3f,0x07,0x99,0x99,0x99,0x99,0x99,0x99,0x99,
    0x99,0x99,0x99,0x99,0x99,0x99,0x99,0x99,0x99,0x99,0x99,0x99,0x99,0x99,0x99,0x99,
    0x99,0x99,0x99,0x99,0x99,0x99,0x99,0x99,0x99,0x99,0x99,0x99,0x99,0x99,0x99,0x99,
    0x99,0x99,0x99,0x99,0x99,0x99,0x99,0x70,0xf3,0x61,0x11,0x66,0x66,0x66,0xf5,0x61,
    0x11,0x11,0x11,0x1d,0x07,0x99,0x99,0x99,0x99,0x99,0x99,0x99,0x99,0x99,0x99,0x99,
    0x99,0x99,0x99,0x99,0x99,0x99,0x99,0x99,0x99,0x99,0x99,0x11,0x99,0x99,0x99,0x99,
    0x99,0x99,0x99,0x99,0x99,0x99,0x99,0x99,0x99,0x99,0x99,0x99,0x99,0x99,0x99,0x99,
    0x99,0x99,0x99,0x80,0xd1,0x11,0x11,0x11,0x16,0xf5,0x55,0x61,0x11,0x11,0x11,0x1d,
    0x07,0xb9,0x99,0x99,0x99,0x99,0x99,0x99,0x99,0x99,0x99,0x99,0x99,0x99,0x99,0x99,
    0x99,0x99,0x99,0x99,0x99,0x99,0x99,0x11,0x99,0x99,0x99,0x99,0x99,0x99,0x99,0x99,
    0x99,0x99,0x99,0x99,0x99,0x99,0x99,0x99,0x99,0x99,0x99,0x99,0x99,0x99,0x9b,0x80,
    0xd1,0x11,0x11,0x11,0x16,0x55,0xf5,0x61,0x11,0x11,0x11,0x16,0xf5,0x08,0x99,0x99,
    0x99,0x99,0x99,0x99,0x99,0x99,0x99,0x99,0x99,0x99,0x99,0x99,0x99,0x99,0x99,0x99,
    0x99,0x99,0x99,0x11,0x99,0x99,0x99,0x99,0x99,0x99,0x99,0x99,0x99,0x99,0x99,0x99,
    0x99,0x99,0x99,0x99,0x99,0x99,0x99,0x99,0x99,0x99,0x80,0x55,0x61,0x11,0x11,0x11,
    0x3f,0x70,0x31,0x61,0x11,0x11,0x11,0x16,0x3f,0x07,0x99,0x99,0x99,0x99,0x99,0x99,
    0x99,0x99,0x99,0x99,0x99,0x99,0x99,0x99,0x99,0x99,0x99,0x99,0x99,0x99,0x99,0x11,
    0x99,0x99,0x99,0x99,0x99,0x99,0x99,0x99,0x99,0x99,0x99,0x99,0x99,0x99,0x99,0x99,
    0x99,0x99,0x99,0x99,0x99,0x99,0x70,0x5f,0x61,0x11,0x11,0x66,0xf5,0x87,0xb1,0x11,
    0xf3,0x11,0x11,0x16,0x6d,0x07,0x99,0x99,0x99,0x99,0x99,0x99,0x99,0x99,0x99,0x99,
    0x99,0x99,0x99,0x99,0x99,0x99,0x99,0x99,0x99,0x99,0x99,0x11,0x99,0x99,0x99,0x99,
    0x99,0x99,0x99,0x99,0x99,0x99,0x99,0x99,0x99,0x99,0x99,0x99,0x99,0x99,0x99,0x99,
    0x99,0x99,0x70,0x36,0x61,0x11,0x11,0x3f,0x70,0x36,0x66,0x11,0x5f,0x66,0x66,0x16,
    0x6d,0x78,0xb9,0x99,0x99,0x99,0x99,0x99,0x99,0x99,0x99,0x99,0x99,0x99,0x99,0x99,
    0x99,0x99,0x99,0x99,0x99,0x99,0x99,0x11,0x99,0x99,0x99,0x99,0x99,0x99,0x99,0x99,
    0x99,0x99,0x99,0x99,0x99,0x99,0x99,0x99,0x99,0x99,0x99,0x99,0x99,0x9b,0x87,0xb1,
    0x61,0x16,0x11,0xf5,0x70,0xd1,0x11,0x6d,0x08,0xf3,0x66,0x66,0x66,0x63,0x78,0x99,
    0x99,0x99,0x99,0x99,0x99,0x99,0x99,0x99,0x99,0x99,0x99,0x99,0x99,0x99,0x99,0x99,
    0x99,0x99,0x99,0x99,0x99,0x99,0x99,0x99,0x99,0x99,0x99,0x99,0x99,0x99,0x99,0x99,
    0x99,0x99,0x99,0x99,0x99,0x99,0x99,0x99,0x99,0x87,0xb6,0x66,0x66,0x16,0x33,0x87,
    0x00,0xd1,0x11,0x40,0x07,0x5f,0x66,0x66,0x11,0x1d,0x78,0x69,0x99,0x99,0x99,0x99,
    0x99,0x99,0x99,0x99,0x99,0x99,0x99,0x99,0x99,0x99,0x99,0x99,0x99,0x99,0x99,0x99,
    0x99,0x99,0x99,0x99,0x99,0x99,0x99,0x99,0x99,0x99,0x99,0x99,0x99,0x99,0x99,0x99,
    0x99,0x99,0x99,0x99,0x96,0x87,0x61,0x16,0x66,0x66,0xff,0x70,0x77,0xd1,0x66,0x80,
    0x00,0x00,0x08,0x61,0x11,0x16,0x63,0x78,0x99,0x99,0x99,0x99,0x99,0x99,0x99,0x99,
    0x99,0x99,0x99,0x99,0x99,0x99,0x99,0x99,0x99,0x99,0x99,0x77,0x99,0x99,0x99,0x99,
    0x99,0x99,0x99,0x99,0x99,0x99,0x99,0x99,0x99,0x99,0x99,0x99,0x99,0x99,0x99,0x91,
    0x80,0xb6,0x11,0x11,0x16,0x87,0x77,0x00,0x36,0x11,0x47,0x88,0x00,0x00,0x07,0x66,
    0x66,0x11,0x1d,0x77,0xb9,0x99,0x99,0x99,0x99,0x99,0x99,0x99,0x99,0x99,0x99,0x99,
    0x99,0x99,0x99,0x99,0x99,0x99,0x99,0x00,0x99,0x99,0x99,0x99,0x99,0x99,0x99,0x99,
    0x99,0x99,0x99,0x99,0x99,0x99,0x99,0x99,0x99,0x99,0x99,0x96,0x70,0xd1,0x11,0x66,
    0x66,0x70,0x00,0x00,0xd1,0x66,0x80,0x44,0x25,0x00,0x00,0x00,0x08,0x61,0x11,0x1d,
    0x07,0x99,0x99,0x99,0x99,0x99,0x99,0x99,0x99,0x99,0x99,0x99,0x99,0x99,0x99,0x99,
    0x99,0x99,0x99,0x00,0x99,0x99,0x99,0x99,0x99,0x99,0x99,0x99,0x99,0x99,0x99,0x99,
    0x99,0x99,0x99,0x99,0x99,0x99,0x99,0x80,0xd1,0x11,0x11,0x80,0x00,0x00,0x00,0x5f,
    0x66,0x80,0x00,0x2c,
};

const lv_image_dsc_t enco_face_eyes_shut = {
    .header.magic = LV_IMAGE_HEADER_MAGIC,
    .header.cf = LV_COLOR_FORMAT_I4,
    .header.flags = 0,
    .header.w = 120,
    .header.h = 59,
    .header.stride = 60,
    .data_size = sizeof(enco_face_eyes_shut_map),
    .data = enco_face_eyes_shut_map,
};

// enco_face_mouth_small: 48x33 I4, 856 bytes (64 palette + 792 bitmap)
static const LV_ATTRIBUTE_LARGE_CONST uint8_t enco_face_mouth_small_map[] __attribute__((aligned(4))) = {
    0x21,0x11,0x0c,0xff,0xe9,0xe7,0xe4,0xff,0xba,0x96,0x73,0xff,0xb6,0xaa,0x9f,0xff,
    0x5f,0x50,0x47,0xff,0x86,0x79,0x6e,0xff,0xd8,0xd2,0xcb,0xff,0x3d,0x29,0x21,0xff,
    0x45,0x39,0x36,0xff,0xc0,0xd1,0xeb,0xff,0x89,0x97,0xc3,0xff,0xaf,0xb4,0xc4,0xff,
    0xce,0xa8,0x80,0xff,0xd1,0xbd,0xa9,0xff,0x84,0x88,0xa3,0xff,0xa0,0x94,0x89,0xff,
    0x99,0x99,0x99,0x99,0x99,0x99,0x99,0x99,0x99,0x99,0x99,0x99,0x99,0x99,0x99,0x99,
    0x99,0x99,0x99,0x99,0x99,0x99,0x99,0x99,0x99,0x99,0x99,0x99,0x99,0x99,0x99,0x99,
    0x99,0x99,0x99,0x99,0x99,0x99,0x99,0x99,0x99,0x99,0x99,0x99,0x99,0x99,0x99,0x99,
    0x99,0x99,0x99,0x99,0x99,0x99,0x99,0x99,0x99,0x99,0x99,0x99,0x99,0x99,0x99,0x99,
    0x99,0x99,0x99,0x99,0x99,0x99,0x99,0x99,0x99,0x99,0x99,0x99,0x99,0x99,0x99,0x99,
    0x99,0x99,0x99,0x99,0x99,0x99,0x99,0x99,0x99,0x99,0x99,0x99,0x99,0x99,0x99,0x99,
    0x99,0x99,0x99,0x99,0x99,0x99,0x99,0x99,0x99,0x99,0x99,0x99,0x99,0x99,0x99,0x99,
    0x99,0x99,0x99,0x99,0x99,0x99,0x99,0x99,0x99,0x99,0x99,0x99,0x99,0x99,0x99,0x99,
    0x99,0x99,0x99,0x99,0x99,0x99,0x99,0x99,0x99,0x99,0x99,0x99,0x99,0x99,0x99,0x99,
    0x99,0x99,0x99,0x99,0x99,0x99,0x99,0x99,0x99,0x99,0x99,0x99,0x99,0x99,0x99,0x99,
    0x99,0x99,0x99,0x99,0x99,0x99,0x99,0x99,0x99,0x99,0x99,0x99,0x99,0x99,0x99,0x99,
    0x99,0x99,0x99,0x99,0x99,0x99,0x99,0x99,0x99,0x99,0x99,0x99,0x99,0x99,0x99,0x99,
    0x99,0x99,0x99,0x99,0x99,0x99,0x99,0x99,0x99,0x99,0x99,0x99,0x99,0x99,0x99,0x99,
    0x99,0x99,0x99,0x99,0x99,0x99,0x99,0x99,0x99,0x99,0x99,0x99,0x99,0x99,0x99,0x99,
    0x99,0x99,0x99,0x99,0x99,0x99,0x99,0x99,0x99,0x99,0x99,0x99,0x99,0x99,0x99,0x99,
    0x99,0x99,0x99,0x99,0x99,0x99,0x99,0x99,0x99,0x99,0x99,0x99,0x99,0x99,0x99,0x99,
    0x99,0x99,0x99,0x99,0x99,0x99,0x99,0x99,0x99,0x99,0x99,0x99,0x99,0x99,0x99,0x99,
    0x99,0xbb,0xbb,0xbb,0xbb,0xbb,0xbb,0x99,0x99,0x99,0x99,0x99,0x99,0x99,0x99,0x99,
    0x99,0x99,0x99,0x99,0x99,0x99,0x99,0x99,0xba,0x00,0x00,0x00,0x00,0x00,0x00,0xea,
    0x99,0x99,0x99,0x99,0x99,0x99,0x99,0x99,0x99,0x99,0x99,0x99,0x99,0x99,0x99,0x99,
    0xaf,0x00,0x00,0x00,0x00,0x00,0x00,0xee,0x99,0x99,0x99,0x99,0x99,0x99,0x99,0x99,
    0x99,0x99,0x99,0x99,0x99,0x99,0x99,0xae,0x00,0x00,0x00,0x00,0x00,0x00,0x00,0x00,
    0xaa,0x99,0x99,0x99,0x99,0x99,0x99,0x99,0x99,0x99,0x99,0x99,0x99,0x99,0x99,0xe5,
    0x00,0x00,0x00,0x00,0x00,0x00,0x00,0x00,0xee,0x99,0x99,0x99,0x99,0x99,0x99,0x99,
    0x99,0x99,0x99,0x99,0x99,0x99,0x9b,0x00,0x00,0x00,0x00,0x00,0x00,0x00,0x00,0x00,
    0x00,0xb9,0x99,0x99,0x99,0x99,0x99,0x99,0x99,0x99,0x99,0x99,0x99,0x99,0x9b,0x00,
    0x00,0x00,0x00,0x00,0x00,0x00,0x00,0x00,0x00,0xb9,0x99,0x99,0x99,0x99,0x99,0x99,
    0x99,0x99,0x99,0x99,0x99,0x99,0x9b,0x00,0x00,0x00,0x00,0x00,0x00,0x00,0x00,0x00,
    0x00,0xb9,0x99,0x99,0x99,0x99,0x99,0x99,0x99,0x99,0x99,0x99,0x99,0x99,0x9b,0x07,
    0x00,0x00,0x00,0x00,0x00,0x00,0x00,0x00,0x00,0xb9,0x99,0x99,0x99,0x99,0x99,0x99,
    0x99,0x99,0x99,0x99,0x99,0x99,0x99,0xaa,0x00,0x00,0x00,0x00,0x00,0x00,0x00,0x00,
    0xaa,0x99,0x99,0x99,0x99,0x99,0x99,0x99,0x99,0x99,0x99,0x99,0x99,0x99,0x99,0xbb,
    0x70,0x00,0x00,0x00,0x00,0x00,0x00,0x07,0xbb,0x99,0x99,0x99,0x99,0x99,0x99,0x99,
    0x99,0x99,0x99,0x99,0x99,0x99,0x99,0x99,0xae,0x00,0x00,0x00,0x00,0x00,0x00,0xea,
    0x99,0x99,0x99,0x99,0x99,0x99,0x99,0x99,0x99,0x99,0x99,0x99,0x99,0x99,0x99,0x99,
    0xae,0x00,0x00,0x00,0x00,0x00,0x00,0xea,0x99,0x99,0x99,0x99,0x99,0x99,0x99,0x99,
    0x99,0x99,0x99,0x99,0x99,0x99,0x99,0x99,0x99,0xbb,0xb9,0x99,0x99,0xbb,0xbb,0x99,
    0x99,0x99,0x99,0x99,0x99,0x99,0x99,0x99,0x99,0x99,0x99,0x99,0x99,0x99,0x99,0x99,
    0x99,0x99,0x99,0x99,0x99,0x99,0x99,0x99,0x99,0x99,0x99,0x99,0x99,0x99,0x99,0x99,
    0x99,0x99,0x99,0x99,0x99,0x99,0x99,0x99,0x99,0x99,0x99,0x99,0x99,0x99,0x99,0x99,
    0x99,0x99,0x99,0x99,0x99,0x99,0x99,0x99,0x99,0x99,0x99,0x99,0x99,0x99,0x99,0x99,
    0x99,0x99,0x99,0x99,0x99,0x99,0x99,0x99,0x99,0x99,0x99,0x99,0x99,0x99,0x99,0x99,
    0x99,0x99,0x99,0x99,0x99,0x99,0x99,0x99,0x99,0x99,0xba,0xaa,0xaa,0xab,0x99,0x99,
    0x99,0x99,0x99,0x99,0x99,0x99,0x99,0x99,0xb9,0x99,0x99,0x99,0x99,0x99,0x99,0x99,
    0x99,0x99,0xba,0xaa,0xaa,0xab,0x99,0x99,0x99,0x99,0x99,0x99,0x99,0x99,0x99,0x96,
    0x00,0xab,0x99,0x99,0x99,0x99,0x99,0x99,0x99,0x99,0x99,0x99,0x99,0x99,0x99,0x99,
    0x99,0x99,0x99,0x99,0x99,0x99,0xba,0x00,0x07,0xee,0xb9,0x99,0x99,0x99,0x99,0x99,
    0x99,0x99,0x99,0x99,0x99,0x99,0x99,0x99,0x99,0x99,0x99,0x99,0x99,0xbb,0xee,0x70,
    0xee,0x00,0x08,0x91,0x99,0x99,0x99,0x99,0x99,0x99,0x99,0x99,0x99,0x99,0x99,0x99,
    0x99,0x99,0x99,0x99,0x91,0x80,0x00,0xee,
};

const lv_image_dsc_t enco_face_mouth_small = {
    .header.magic = LV_IMAGE_HEADER_MAGIC,
    .header.cf = LV_COLOR_FORMAT_I4,
    .header.flags = 0,
    .header.w = 48,
    .header.h = 33,
    .header.stride = 24,
    .data_size = sizeof(enco_face_mouth_small_map),
    .data = enco_face_mouth_small_map,
};

// enco_face_mouth_wide: 48x33 I4, 856 bytes (64 palette + 792 bitmap)
static const LV_ATTRIBUTE_LARGE_CONST uint8_t enco_face_mouth_wide_map[] __attribute__((aligned(4))) = {
    0x21,0x11,0x0c,0xff,0xe9,0xe7,0xe4,0xff,0xba,0x96,0x73,0xff,0xb6,0xaa,0x9f,0xff,
    0x5f,0x50,0x47,0xff,0x86,0x79,0x6e,0xff,0xd8,0xd2,0xcb,0xff,0x3d,0x29,0x21,0xff,
    0x45,0x39,0x36,0xff,0xc0,0xd1,0xeb,0xff,0x89,0x97,0xc3,0xff,0xaf,0xb4,0xc4,0xff,
    0xce,0xa8,0x80,0xff,0xd1,0xbd,0xa9,0xff,0x84,0x88,0xa3,0xff,0xa0,0x94,0x89,0xff,
    0x99,0x99,0x99,0x99,0x99,0x99,0x99,0x99,0x99,0x99,0x99,0x99,0x99,0x99,0x99,0x99,
    0x99,0x99,0x99,0x99,0x99,0x99,0x99,0x99,0x99,0x99,0x99,0x99,0x99,0x99,0x99,0x99,
    0x99,0x99,0x99,0x99,0x99,0x99,0x99,0x99,0x99,0x99,0x99,0x99,0x99,0x99,0x99,0x99,
    0x99,0x99,0x99,0x99,0x99,0x99,0x99,0x99,0x99,0x99,0x99,0x99,0x99,0x99,0x99,0x99,
    0x99,0x99,0x99,0x99,0x99,0x99,0x99,0x99,0x99,0x99,0x99,0x99,0xbb,0xbb,0xb9,0x99,
    0x9b,0xbb,0xb9,0x99,0x9b,0xbb,0xbb,0xb9,0x99,0xbb,0xbb,0xb9,0x99,0x99,0x99,0x99,
    0x99,0x99,0x99,0x99,0x70,0x00,0x00,0x00,0x00,0x00,0x00,0x00,0x00,0x00,0x00,0x00,
    0x00,0x00,0x00,0x07,0x99,0x99,0x99,0x99,0x99,0x99,0x99,0x9b,0x00,0x00,0x00,0x00,
    0x00,0x00,0x00,0x00,0x00,0x00,0x00,0x00,0x00,0x00,0x00,0x00,0xb9,0x99,0x99,0x99,
    0x99,0x9b,0x00,0x00,0x00,0x3b,0x11,0x11,0x11,0x11,0x11,0x11,0x11,0x11,0x11,0x11,
    0x11,0x11,0xb3,0x00,0x00,0x00,0xb9,0x99,0x99,0x9b,0x00,0x00,0x07,0x3b,0x11,0x11,
    0x11,0x11,0x11,0x11,0x11,0x11,0x11,0x11,0x11,0x11,0xb3,0x00,0x00,0x00,0xb9,0x99,
    0x99,0x9b,0x00,0x00,0x00,0x08,0xd6,0x66,0x11,0x11,0x11,0x11,0x11,0x11,0x11,0x11,
    0x6d,0x6d,0x80,0x00,0x00,0x00,0xb9,0x99,0x99,0x9b,0x00,0x00,0x00,0x00,0x33,0x33,
    0x66,0x66,0x66,0x66,0x66,0x66,0x66,0x66,0x33,0x3f,0x70,0x00,0x00,0x00,0xb9,0x99,
    0x99,0x9b,0x00,0x00,0x00,0x00,0x00,0x00,0x00,0x00,0x00,0x00,0x00,0x00,0x00,0x00,
    0x00,0x00,0x00,0x00,0x00,0x00,0xb9,0x99,0x99,0x9b,0x00,0x00,0x00,0x00,0x00,0x00,
    0x00,0x00,0x00,0x00,0x00,0x00,0x00,0x00,0x00,0x00,0x00,0x00,0x00,0x00,0xb9,0x99,
    0x99,0x9b,0x00,0x00,0x00,0x00,0x00,0x00,0x00,0x00,0x00,0x00,0x00,0x00,0x00,0x00,
    0x00,0x00,0x00,0x00,0x00,0x00,0xb9,0x99,0x99,0x9b,0x00,0x00,0x00,0x00,0x00,0x00,
    0x00,0x00,0x00,0x00,0x00,0x00,0x00,0x00,0x00,0x00,0x00,0x00,0x00,0x00,0xb9,0x99,
    0x99,0x9b,0x00,0x00,0x00,0x00,0x00,0x00,0x00,0x00,0x00,0x00,0x00,0x00,0x00,0x00,
    0x00,0x00,0x00,0x00,0x00,0x00,0xb9,0x99,0x99,0x9b,0x00,0x00,0x00,0x00,0x00,0x00,
    0x00,0x00,0x00,0x00,0x00,0x00,0x00,0x00,0x00,0x00,0x00,0x00,0x00,0x00,0xb9,0x99,
    0x99,0x99,0x9b,0x00,0x00,0x00,0x00,0x00,0x00,0x00,0x00,0x00,0x00,0x00,0x00,0x00,
    0x00,0x00,0x00,0x00,0x00,0xa9,0x99,0x99,0x99,0x99,0x9b,0x00,0x00,0x00,0x00,0x00,
    0x00,0x00,0x00,0x00,0x00,0x00,0x00,0x00,0x00,0x00,0x00,0x00,0x00,0xb9,0x99,0x99,
    0x99,0x99,0x9b,0x00,0x00,0x00,0x00,0x00,0x00,0x00,0x00,0x00,0x00,0x00,0x00,0x00,
    0x00,0x00,0x00,0x00,0x00,0xb9,0x99,0x99,0x99,0x99,0x9b,0x00,0x00,0x00,0x00,0x00,
    0x00,0x00,0x00,0x00,0x00,0x00,0x00,0x00,0x00,0x00,0x00,0x00,0x00,0xb9,0x99,0x99,
    0x99,0x99,0x99,0x9b,0x00,0x00,0x00,0x00,0x00,0x00,0x00,0x00,0x00,0x00,0x00,0x00,
    0x00,0x00,0x00,0x00,0xb9,0x99,0x99,0x99,0x99,0x99,0x99,0x9b,0x00,0x00,0x00,0x00,
    0x00,0x00,0x00,0x00,0x00,0x00,0x00,0x00,0x00,0x00,0x00,0x00,0x99,0x99,0x99,0x99,
    0x99,0x99,0x99,0x99,0x9b,0x00,0x00,0x00,0x00,0x00,0x00,0x00,0x00,0x00,0x00,0x00,
    0x00,0x00,0x00,0xb9,0x99,0x99,0x99,0x99,0x99,0x99,0x99,0x99,0x99,0x70,0x00,0x00,
    0x00,0x00,0x00,0x00,0x00,0x00,0x00,0x00,0x00,0x00,0x00,0xb9,0x99,0x99,0x99,0x99,
    0x99,0x99,0x99,0x99,0x99,0x9b,0x00,0x00,0x00,0x00,0x00,0x00,0x00,0x00,0x00,0x00,
    0x00,0x00,0xa9,0x99,0x99,0x99,0x99,0x99,0x99,0x99,0x99,0x99,0x99,0x9b,0x70,0x00,
    0x00,0x00,0x00,0x00,0x00,0x00,0x00,0x00,0x00,0x07,0xb9,0x99,0x99,0x99,0x99,0x99,
    0x99,0x99,0x99,0x99,0x99,0x99,0xbb,0xbb,0x00,0x00,0x00,0x00,0x00,0x00,0x00,0x00,
    0xbb,0xbb,0x99,0x99,0x99,0x99,0x99,0x99,0x99,0x99,0x99,0x99,0x99,0x99,0x99,0x99,
    0x70,0x00,0x00,0x00,0x00,0x00,0x00,0x07,0x99,0x99,0x99,0x99,0x99,0x99,0x99,0x99,
    0x99,0x99,0x99,0x99,0x99,0x99,0x99,0x99,0xbb,0xbb,0xbb,0xbb,0xbb,0xbb,0xbb,0xbb,
    0x99,0x99,0x99,0x99,0x99,0x99,0x99,0x99,0xb9,0x99,0x99,0x99,0x99,0x99,0x99,0x99,
    0x99,0x99,0x99,0x99,0x99,0x99,0x99,0x99,0x99,0x99,0x99,0x99,0x99,0x99,0x99,0x9b,
    0x00,0xab,0x99,0x99,0x99,0x99,0x99,0x99,0x99,0x99,0x99,0x99,0x99,0x99,0x99,0x99,
    0x99,0x99,0x99,0x99,0x99,0x99,0xba,0x00,0x07,0xee,0xb9,0x99,0x99,0x99,0x99,0x99,
    0x99,0x99,0x99,0x99,0x99,0x99,0x99,0x99,0x99,0x99,0x99,0x99,0x99,0xbb,0xee,0x70,
    0xee,0x00,0x07,0x99,0x99,0x99,0x99,0x99,0x99,0x99,0x99,0x99,0x99,0x99,0x99,0x99,
    0x99,0x99,0x99,0x99,0x99,0x70,0x00,0xee,
};

const lv_image_dsc_t enco_face_mouth_wide = {
    .header.magic = LV_IMAGE_HEADER_MAGIC,
    .header.cf = LV_COLOR_FORMAT_I4,
    .header.flags = 0,
    .header.w = 48,
    .header.h = 33,
    .header.stride = 24,
    .data_size = sizeof(enco_face_mouth_wide_map),
    .data = enco_face_mouth_wide_map,
};
